rho,l,C11,C12,C44,duration,name,material,R,z1,l/R,Ct,eta1,eta2,eta3,eta4,eta5,eta6,count_eta1,count_eta2,count_eta3,count_eta4,count_eta5,count_eta6,link
3.515,1.0,1079000000.0,124000000.0,578000000.0,68103.975923,Sphere_10.0_1.0_20250612-212914,Carbon cubic,5.0,0.0,0.2,12823.342868880141,0.659471,0.6598286,0.6613362,0.6623233,0.6638592,0.6645454,3,3,2,3,2,1,https://zibramax.github.io/FEMViewer/?mesh=https://raw.githubusercontent.com/ZibraMax/non-local-frequencies-nanostructures/refs/heads/main/Esferas_cubic_material\Sphere_10.0_1.0_0.0_20250612-212914.json&mode=6&magnif=6
5.323,1.0,128900000.0,48300000.0,67099999.99999999,68038.810181,Sphere_10.0_1.0_20250612-213457,Germanium cubic,5.0,0.0,0.2,3550.446942624478,0.6568417,0.6581206,0.659399,0.6609798,0.6613867,0.662014,3,3,2,2,3,1,https://zibramax.github.io/FEMViewer/?mesh=https://raw.githubusercontent.com/ZibraMax/non-local-frequencies-nanostructures/refs/heads/main/Esferas_cubic_material\Sphere_10.0_1.0_0.0_20250612-213457.json&mode=6&magnif=6
2.329,1.0,166000000.0,63900000.0,79600000.0,67926.449822,Sphere_10.0_1.0_20250612-213855,Silicon cubic,5.0,0.0,0.2,5846.174706140654,0.6673734,0.6686037,0.6696267,0.6717673,0.6719351,0.6730042,3,3,2,3,2,1,https://zibramax.github.io/FEMViewer/?mesh=https://raw.githubusercontent.com/ZibraMax/non-local-frequencies-nanostructures/refs/heads/main/Esferas_cubic_material\Sphere_10.0_1.0_0.0_20250612-213855.json&mode=6&magnif=6
3.515,1.0,1079000000.0,124000000.0,578000000.0,68103.975923,Sphere_10.0_1.0_20250612-212914,Carbon cubic,5.0,0.1,0.2,12823.342868880141,1.5685044,1.6616831,1.7375734,1.8647759,1.9159958,2.000007,3,2,2,3,3,1,https://zibramax.github.io/FEMViewer/?mesh=https://raw.githubusercontent.com/ZibraMax/non-local-frequencies-nanostructures/refs/heads/main/Esferas_cubic_material\Sphere_10.0_1.0_0.1_20250612-212914.json&mode=6&magnif=6
5.323,1.0,128900000.0,48300000.0,67099999.99999999,68038.810181,Sphere_10.0_1.0_20250612-213457,Germanium cubic,5.0,0.1,0.2,3550.446942624478,1.3881386,1.5517147,1.6481543,1.7198402,1.8493097,1.85919,3,2,2,1,3,1,https://zibramax.github.io/FEMViewer/?mesh=https://raw.githubusercontent.com/ZibraMax/non-local-frequencies-nanostructures/refs/heads/main/Esferas_cubic_material\Sphere_10.0_1.0_0.1_20250612-213457.json&mode=6&magnif=6
2.329,1.0,166000000.0,63900000.0,79600000.0,67926.449822,Sphere_10.0_1.0_20250612-213855,Silicon cubic,5.0,0.1,0.2,5846.174706140654,1.4251601,1.6030065,1.6515703,1.774812,1.8875765,1.9104171,3,2,2,1,3,1,https://zibramax.github.io/FEMViewer/?mesh=https://raw.githubusercontent.com/ZibraMax/non-local-frequencies-nanostructures/refs/heads/main/Esferas_cubic_material\Sphere_10.0_1.0_0.1_20250612-213855.json&mode=6&magnif=6
3.515,1.0,1079000000.0,124000000.0,578000000.0,68103.975923,Sphere_10.0_1.0_20250612-212914,Carbon cubic,5.0,0.2,0.2,12823.342868880141,1.6809163,1.7796725,1.864296,2.0133086,2.0602005,2.2382334,3,2,2,3,3,1,https://zibramax.github.io/FEMViewer/?mesh=https://raw.githubusercontent.com/ZibraMax/non-local-frequencies-nanostructures/refs/heads/main/Esferas_cubic_material\Sphere_10.0_1.0_0.2_20250612-212914.json&mode=6&magnif=6
5.323,1.0,128900000.0,48300000.0,67099999.99999999,68038.810181,Sphere_10.0_1.0_20250612-213457,Germanium cubic,5.0,0.2,0.2,3550.446942624478,1.4883192,1.6467463,1.7666229,1.9258851,2.0227396,2.0342162,3,2,2,1,3,1,https://zibramax.github.io/FEMViewer/?mesh=https://raw.githubusercontent.com/ZibraMax/non-local-frequencies-nanostructures/refs/heads/main/Esferas_cubic_material\Sphere_10.0_1.0_0.2_20250612-213457.json&mode=6&magnif=6
2.329,1.0,166000000.0,63900000.0,79600000.0,67926.449822,Sphere_10.0_1.0_20250612-213855,Silicon cubic,5.0,0.2,0.2,5846.174706140654,1.5278914,1.7009017,1.7698476,1.9873354,2.0417037,2.1012801,3,2,2,1,3,1,https://zibramax.github.io/FEMViewer/?mesh=https://raw.githubusercontent.com/ZibraMax/non-local-frequencies-nanostructures/refs/heads/main/Esferas_cubic_material\Sphere_10.0_1.0_0.2_20250612-213855.json&mode=6&magnif=6
3.515,1.0,1079000000.0,124000000.0,578000000.0,68103.975923,Sphere_10.0_1.0_20250612-212914,Carbon cubic,5.0,0.3,0.2,12823.342868880141,1.7843189,1.8879191,1.9631155,2.1285278,2.1887169,2.4503995,3,2,2,3,3,1,https://zibramax.github.io/FEMViewer/?mesh=https://raw.githubusercontent.com/ZibraMax/non-local-frequencies-nanostructures/refs/heads/main/Esferas_cubic_material\Sphere_10.0_1.0_0.3_20250612-212914.json&mode=6&magnif=6
5.323,1.0,128900000.0,48300000.0,67099999.99999999,68038.810181,Sphere_10.0_1.0_20250612-213457,Germanium cubic,5.0,0.3,0.2,3550.446942624478,1.580417,1.7228346,1.874689,2.1096001,2.1393435,2.178185,3,2,2,1,3,1,https://zibramax.github.io/FEMViewer/?mesh=https://raw.githubusercontent.com/ZibraMax/non-local-frequencies-nanostructures/refs/heads/main/Esferas_cubic_material\Sphere_10.0_1.0_0.3_20250612-213457.json&mode=6&magnif=6
2.329,1.0,166000000.0,63900000.0,79600000.0,67926.449822,Sphere_10.0_1.0_20250612-213855,Silicon cubic,5.0,0.3,0.2,5846.174706140654,1.6223482,1.7793487,1.8779234,2.153353,2.1767771,2.2493359,3,2,2,3,1,1,https://zibramax.github.io/FEMViewer/?mesh=https://raw.githubusercontent.com/ZibraMax/non-local-frequencies-nanostructures/refs/heads/main/Esferas_cubic_material\Sphere_10.0_1.0_0.3_20250612-213855.json&mode=6&magnif=6
3.515,1.0,1079000000.0,124000000.0,578000000.0,68103.975923,Sphere_10.0_1.0_20250612-212914,Carbon cubic,5.0,0.4,0.2,12823.342868880141,1.8813756,1.9894524,2.0463052,2.2244577,2.3083102,2.6446632,3,2,2,3,3,1,https://zibramax.github.io/FEMViewer/?mesh=https://raw.githubusercontent.com/ZibraMax/non-local-frequencies-nanostructures/refs/heads/main/Esferas_cubic_material\Sphere_10.0_1.0_0.4_20250612-212914.json&mode=6&magnif=6
5.323,1.0,128900000.0,48300000.0,67099999.99999999,68038.810181,Sphere_10.0_1.0_20250612-213457,Germanium cubic,5.0,0.4,0.2,3550.446942624478,1.6668255,1.7886711,1.9758131,2.2338319,2.2778283,2.3055882,3,2,2,3,1,1,https://zibramax.github.io/FEMViewer/?mesh=https://raw.githubusercontent.com/ZibraMax/non-local-frequencies-nanostructures/refs/heads/main/Esferas_cubic_material\Sphere_10.0_1.0_0.4_20250612-213457.json&mode=6&magnif=6
2.329,1.0,166000000.0,63900000.0,79600000.0,67926.449822,Sphere_10.0_1.0_20250612-213855,Silicon cubic,5.0,0.4,0.2,5846.174706140654,1.7109777,1.8472587,1.9791267,2.2453534,2.35024,2.3804248,3,2,2,3,1,1,https://zibramax.github.io/FEMViewer/?mesh=https://raw.githubusercontent.com/ZibraMax/non-local-frequencies-nanostructures/refs/heads/main/Esferas_cubic_material\Sphere_10.0_1.0_0.4_20250612-213855.json&mode=6&magnif=6
3.515,1.0,1079000000.0,124000000.0,578000000.0,68103.975923,Sphere_10.0_1.0_20250612-212914,Carbon cubic,5.0,0.5,0.2,12823.342868880141,1.9733509,2.0856573,2.1199423,2.3084804,2.4212155,2.7935076,3,2,2,3,3,1,https://zibramax.github.io/FEMViewer/?mesh=https://raw.githubusercontent.com/ZibraMax/non-local-frequencies-nanostructures/refs/heads/main/Esferas_cubic_material\Sphere_10.0_1.0_0.5_20250612-212914.json&mode=6&magnif=6
5.323,1.0,128900000.0,48300000.0,67099999.99999999,68038.810181,Sphere_10.0_1.0_20250612-213457,Germanium cubic,5.0,0.5,0.2,3550.446942624478,1.7486851,1.8482105,2.0715162,2.3161582,2.4232055,2.4341467,3,2,2,3,3,1,https://zibramax.github.io/FEMViewer/?mesh=https://raw.githubusercontent.com/ZibraMax/non-local-frequencies-nanostructures/refs/heads/main/Esferas_cubic_material\Sphere_10.0_1.0_0.5_20250612-213457.json&mode=6&magnif=6
2.329,1.0,166000000.0,63900000.0,79600000.0,67926.449822,Sphere_10.0_1.0_20250612-213855,Silicon cubic,5.0,0.5,0.2,5846.174706140654,1.7949461,1.9086897,2.0749379,2.3262614,2.5015217,2.5114219,3,2,2,3,3,1,https://zibramax.github.io/FEMViewer/?mesh=https://raw.githubusercontent.com/ZibraMax/non-local-frequencies-nanostructures/refs/heads/main/Esferas_cubic_material\Sphere_10.0_1.0_0.5_20250612-213855.json&mode=6&magnif=6
3.515,1.0,1079000000.0,124000000.0,578000000.0,68103.975923,Sphere_10.0_1.0_20250612-212914,Carbon cubic,5.0,0.6,0.2,12823.342868880141,2.0610548,2.1774012,2.1872463,2.3846322,2.5286657,2.8674865,3,2,2,3,3,1,https://zibramax.github.io/FEMViewer/?mesh=https://raw.githubusercontent.com/ZibraMax/non-local-frequencies-nanostructures/refs/heads/main/Esferas_cubic_material\Sphere_10.0_1.0_0.6_20250612-212914.json&mode=6&magnif=6
5.323,1.0,128900000.0,48300000.0,67099999.99999999,68038.810181,Sphere_10.0_1.0_20250612-213457,Germanium cubic,5.0,0.6,0.2,3550.446942624478,1.826725,1.9034849,2.1627202,2.3908322,2.5338322,2.5808542,3,2,2,3,3,1,https://zibramax.github.io/FEMViewer/?mesh=https://raw.githubusercontent.com/ZibraMax/non-local-frequencies-nanostructures/refs/heads/main/Esferas_cubic_material\Sphere_10.0_1.0_0.6_20250612-213457.json&mode=6&magnif=6
2.329,1.0,166000000.0,63900000.0,79600000.0,67926.449822,Sphere_10.0_1.0_20250612-213855,Silicon cubic,5.0,0.6,0.2,5846.174706140654,1.8749997,1.9657288,2.1662625,2.4000531,2.615471,2.6626954,3,2,2,3,3,1,https://zibramax.github.io/FEMViewer/?mesh=https://raw.githubusercontent.com/ZibraMax/non-local-frequencies-nanostructures/refs/heads/main/Esferas_cubic_material\Sphere_10.0_1.0_0.6_20250612-213855.json&mode=6&magnif=6
3.515,1.0,1079000000.0,124000000.0,578000000.0,68103.975923,Sphere_10.0_1.0_20250612-212914,Carbon cubic,5.0,0.7,0.2,12823.342868880141,2.1450729,2.2500484,2.2653032,2.455238,2.6314837,2.9391423,3,2,2,3,3,1,https://zibramax.github.io/FEMViewer/?mesh=https://raw.githubusercontent.com/ZibraMax/non-local-frequencies-nanostructures/refs/heads/main/Esferas_cubic_material\Sphere_10.0_1.0_0.7_20250612-212914.json&mode=6&magnif=6
5.323,1.0,128900000.0,48300000.0,67099999.99999999,68038.810181,Sphere_10.0_1.0_20250612-213457,Germanium cubic,5.0,0.7,0.2,3550.446942624478,1.9014714,1.955645,2.2500685,2.4602189,2.6389601,2.7195669,3,2,2,3,3,1,https://zibramax.github.io/FEMViewer/?mesh=https://raw.githubusercontent.com/ZibraMax/non-local-frequencies-nanostructures/refs/heads/main/Esferas_cubic_material\Sphere_10.0_1.0_0.7_20250612-213457.json&mode=6&magnif=6
2.329,1.0,166000000.0,63900000.0,79600000.0,67926.449822,Sphere_10.0_1.0_20250612-213855,Silicon cubic,5.0,0.7,0.2,5846.174706140654,1.9516772,2.0195592,2.2537368,2.4688598,2.7237883,2.8057271,3,2,2,3,3,1,https://zibramax.github.io/FEMViewer/?mesh=https://raw.githubusercontent.com/ZibraMax/non-local-frequencies-nanostructures/refs/heads/main/Esferas_cubic_material\Sphere_10.0_1.0_0.7_20250612-213855.json&mode=6&magnif=6
3.515,1.0,1079000000.0,124000000.0,578000000.0,68103.975923,Sphere_10.0_1.0_20250612-212914,Carbon cubic,5.0,0.8,0.2,12823.342868880141,2.2258555,2.3094615,2.3498356,2.521715,2.7302737,3.0087769,3,2,2,3,3,1,https://zibramax.github.io/FEMViewer/?mesh=https://raw.githubusercontent.com/ZibraMax/non-local-frequencies-nanostructures/refs/heads/main/Esferas_cubic_material\Sphere_10.0_1.0_0.8_20250612-212914.json&mode=6&magnif=6
5.323,1.0,128900000.0,48300000.0,67099999.99999999,68038.810181,Sphere_10.0_1.0_20250612-213457,Germanium cubic,5.0,0.8,0.2,3550.446942624478,1.9733284,2.0053964,2.3340458,2.5256935,2.7395252,2.8514822,3,2,2,3,3,1,https://zibramax.github.io/FEMViewer/?mesh=https://raw.githubusercontent.com/ZibraMax/non-local-frequencies-nanostructures/refs/heads/main/Esferas_cubic_material\Sphere_10.0_1.0_0.8_20250612-213457.json&mode=6&magnif=6
2.329,1.0,166000000.0,63900000.0,79600000.0,67926.449822,Sphere_10.0_1.0_20250612-213855,Silicon cubic,5.0,0.8,0.2,5846.174706140654,2.0253925,2.0709065,2.3378417,2.5339401,2.8274256,2.9417519,3,2,2,3,3,1,https://zibramax.github.io/FEMViewer/?mesh=https://raw.githubusercontent.com/ZibraMax/non-local-frequencies-nanostructures/refs/heads/main/Esferas_cubic_material\Sphere_10.0_1.0_0.8_20250612-213855.json&mode=6&magnif=6
3.515,1.0,1079000000.0,124000000.0,578000000.0,68103.975923,Sphere_10.0_1.0_20250612-212914,Carbon cubic,5.0,0.9,0.2,12823.342868880141,2.3037621,2.3662033,2.4313739,2.5849743,2.8255047,3.0766115,3,2,2,3,3,1,https://zibramax.github.io/FEMViewer/?mesh=https://raw.githubusercontent.com/ZibraMax/non-local-frequencies-nanostructures/refs/heads/main/Esferas_cubic_material\Sphere_10.0_1.0_0.9_20250612-212914.json&mode=6&magnif=6
5.323,1.0,128900000.0,48300000.0,67099999.99999999,68038.810181,Sphere_10.0_1.0_20250612-213457,Germanium cubic,5.0,0.9,0.2,3550.446942624478,2.0426184,2.0532004,2.4150339,2.5881193,2.8361787,2.9775211,3,2,2,3,3,1,https://zibramax.github.io/FEMViewer/?mesh=https://raw.githubusercontent.com/ZibraMax/non-local-frequencies-nanostructures/refs/heads/main/Esferas_cubic_material\Sphere_10.0_1.0_0.9_20250612-213457.json&mode=6&magnif=6
2.329,1.0,166000000.0,63900000.0,79600000.0,67926.449822,Sphere_10.0_1.0_20250612-213855,Silicon cubic,5.0,0.9,0.2,5846.174706140654,2.0964759,2.1202459,2.4189571,2.5960929,2.9270467,3.071719,3,2,2,3,3,1,https://zibramax.github.io/FEMViewer/?mesh=https://raw.githubusercontent.com/ZibraMax/non-local-frequencies-nanostructures/refs/heads/main/Esferas_cubic_material\Sphere_10.0_1.0_0.9_20250612-213855.json&mode=6&magnif=6
3.515,1.0,1079000000.0,124000000.0,578000000.0,68103.975923,Sphere_10.0_1.0_20250612-212914,Carbon cubic,5.0,1.0,0.2,12823.342868880141,2.3790871,2.4207608,2.5102247,2.6456307,2.9175536,3.1428171,3,2,2,3,3,1,https://zibramax.github.io/FEMViewer/?mesh=https://raw.githubusercontent.com/ZibraMax/non-local-frequencies-nanostructures/refs/heads/main/Esferas_cubic_material\Sphere_10.0_1.0_1.0_20250612-212914.json&mode=6&magnif=6
5.323,1.0,128900000.0,48300000.0,67099999.99999999,68038.810181,Sphere_10.0_1.0_20250612-213457,Germanium cubic,5.0,1.0,0.2,3550.446942624478,2.0993759,2.1096048,2.4933425,2.6480722,2.929406,3.098411,2,3,2,3,3,1,https://zibramax.github.io/FEMViewer/?mesh=https://raw.githubusercontent.com/ZibraMax/non-local-frequencies-nanostructures/refs/heads/main/Esferas_cubic_material\Sphere_10.0_1.0_1.0_20250612-213457.json&mode=6&magnif=6
2.329,1.0,166000000.0,63900000.0,79600000.0,67926.449822,Sphere_10.0_1.0_20250612-213855,Silicon cubic,5.0,1.0,0.2,5846.174706140654,2.1651974,2.1679056,2.4973919,2.6558555,3.0231471,3.1963782,3,2,2,3,3,1,https://zibramax.github.io/FEMViewer/?mesh=https://raw.githubusercontent.com/ZibraMax/non-local-frequencies-nanostructures/refs/heads/main/Esferas_cubic_material\Sphere_10.0_1.0_1.0_20250612-213855.json&mode=6&magnif=6
2.329,2.0,166000000.0,63900000.0,79600000.0,15753.982727,Sphere_10.0_2.0_20250612-133014,Silicon cubic,5.0,0.0,0.4,5846.174706140654,0.2211175,0.2215593,0.2222667,0.2234237,0.22406,0.2249235,3,2,3,3,2,1,https://zibramax.github.io/FEMViewer/?mesh=https://raw.githubusercontent.com/ZibraMax/non-local-frequencies-nanostructures/refs/heads/main/Esferas_cubic_material\Sphere_10.0_2.0_0.0_20250612-133014.json&mode=6&magnif=6
5.323,2.0,128900000.0,48300000.0,67099999.99999999,15716.187023,Sphere_10.0_2.0_20250612-133020,Germanium cubic,5.0,0.0,0.4,3550.446942624478,0.2178918,0.2183107,0.2189248,0.2191625,0.2197704,0.2205732,3,2,3,3,2,1,https://zibramax.github.io/FEMViewer/?mesh=https://raw.githubusercontent.com/ZibraMax/non-local-frequencies-nanostructures/refs/heads/main/Esferas_cubic_material\Sphere_10.0_2.0_0.0_20250612-133020.json&mode=6&magnif=6
3.515,2.0,1079000000.0,124000000.0,578000000.0,15794.748686,Sphere_10.0_2.0_20250612-133032,Carbon cubic,5.0,0.0,0.4,12823.342868880141,0.2176036,0.2179724,0.2185032,0.2203791,0.2215234,0.2219129,3,2,3,3,2,1,https://zibramax.github.io/FEMViewer/?mesh=https://raw.githubusercontent.com/ZibraMax/non-local-frequencies-nanostructures/refs/heads/main/Esferas_cubic_material\Sphere_10.0_2.0_0.0_20250612-133032.json&mode=6&magnif=6
2.329,2.0,166000000.0,63900000.0,79600000.0,15753.982727,Sphere_10.0_2.0_20250612-133014,Silicon cubic,5.0,0.1,0.4,5846.174706140654,0.9876318,1.1303719,1.1362409,1.228115,1.3069879,1.3373606,3,2,2,1,3,1,https://zibramax.github.io/FEMViewer/?mesh=https://raw.githubusercontent.com/ZibraMax/non-local-frequencies-nanostructures/refs/heads/main/Esferas_cubic_material\Sphere_10.0_2.0_0.1_20250612-133014.json&mode=6&magnif=6
5.323,2.0,128900000.0,48300000.0,67099999.99999999,15716.187023,Sphere_10.0_2.0_20250612-133020,Germanium cubic,5.0,0.1,0.4,3550.446942624478,0.9621806,1.0945833,1.133667,1.1905157,1.2859548,1.2951746,3,2,2,1,3,1,https://zibramax.github.io/FEMViewer/?mesh=https://raw.githubusercontent.com/ZibraMax/non-local-frequencies-nanostructures/refs/heads/main/Esferas_cubic_material\Sphere_10.0_2.0_0.1_20250612-133020.json&mode=6&magnif=6
3.515,2.0,1079000000.0,124000000.0,578000000.0,15794.748686,Sphere_10.0_2.0_20250612-133032,Carbon cubic,5.0,0.1,0.4,12823.342868880141,1.0854605,1.1439089,1.2105519,1.2979213,1.3223819,1.3794458,3,2,2,3,3,1,https://zibramax.github.io/FEMViewer/?mesh=https://raw.githubusercontent.com/ZibraMax/non-local-frequencies-nanostructures/refs/heads/main/Esferas_cubic_material\Sphere_10.0_2.0_0.1_20250612-133032.json&mode=6&magnif=6
2.329,2.0,166000000.0,63900000.0,79600000.0,15753.982727,Sphere_10.0_2.0_20250612-133014,Silicon cubic,5.0,0.2,0.4,5846.174706140654,1.1845473,1.3417795,1.3626264,1.5822761,1.6035515,1.6385073,3,2,2,1,3,1,https://zibramax.github.io/FEMViewer/?mesh=https://raw.githubusercontent.com/ZibraMax/non-local-frequencies-nanostructures/refs/heads/main/Esferas_cubic_material\Sphere_10.0_2.0_0.2_20250612-133014.json&mode=6&magnif=6
5.323,2.0,128900000.0,48300000.0,67099999.99999999,15716.187023,Sphere_10.0_2.0_20250612-133020,Germanium cubic,5.0,0.2,0.4,3550.446942624478,1.1541167,1.2994499,1.3601297,1.5339247,1.5874276,1.5888121,3,2,2,1,3,1,https://zibramax.github.io/FEMViewer/?mesh=https://raw.githubusercontent.com/ZibraMax/non-local-frequencies-nanostructures/refs/heads/main/Esferas_cubic_material\Sphere_10.0_2.0_0.2_20250612-133020.json&mode=6&magnif=6
3.515,2.0,1079000000.0,124000000.0,578000000.0,15794.748686,Sphere_10.0_2.0_20250612-133032,Carbon cubic,5.0,0.2,0.4,12823.342868880141,1.3013887,1.3702772,1.4648603,1.5854111,1.5918074,1.7764438,3,2,2,3,3,1,https://zibramax.github.io/FEMViewer/?mesh=https://raw.githubusercontent.com/ZibraMax/non-local-frequencies-nanostructures/refs/heads/main/Esferas_cubic_material\Sphere_10.0_2.0_0.2_20250612-133032.json&mode=6&magnif=6
2.329,2.0,166000000.0,63900000.0,79600000.0,15753.982727,Sphere_10.0_2.0_20250612-133014,Silicon cubic,5.0,0.3,0.4,5846.174706140654,1.3513939,1.4931547,1.5537324,1.8046319,1.8698492,1.8797918,3,2,2,3,1,1,https://zibramax.github.io/FEMViewer/?mesh=https://raw.githubusercontent.com/ZibraMax/non-local-frequencies-nanostructures/refs/heads/main/Esferas_cubic_material\Sphere_10.0_2.0_0.3_20250612-133014.json&mode=6&magnif=6
5.323,2.0,128900000.0,48300000.0,67099999.99999999,15716.187023,Sphere_10.0_2.0_20250612-133020,Germanium cubic,5.0,0.3,0.4,3550.446942624478,1.3167307,1.4460678,1.5510917,1.7935129,1.8127721,1.8214785,3,2,2,3,1,1,https://zibramax.github.io/FEMViewer/?mesh=https://raw.githubusercontent.com/ZibraMax/non-local-frequencies-nanostructures/refs/heads/main/Esferas_cubic_material\Sphere_10.0_2.0_0.3_20250612-133020.json&mode=6&magnif=6
3.515,2.0,1079000000.0,124000000.0,578000000.0,15794.748686,Sphere_10.0_2.0_20250612-133032,Carbon cubic,5.0,0.3,0.4,12823.342868880141,1.4843843,1.5618957,1.6449396,1.7886146,1.8175397,2.0988067,3,2,2,3,3,1,https://zibramax.github.io/FEMViewer/?mesh=https://raw.githubusercontent.com/ZibraMax/non-local-frequencies-nanostructures/refs/heads/main/Esferas_cubic_material\Sphere_10.0_2.0_0.3_20250612-133032.json&mode=6&magnif=6
2.329,2.0,166000000.0,63900000.0,79600000.0,15753.982727,Sphere_10.0_2.0_20250612-133014,Silicon cubic,5.0,0.4,0.4,5846.174706140654,1.4993602,1.6192382,1.7230927,1.9672585,2.0907977,2.118582,3,2,2,3,3,1,https://zibramax.github.io/FEMViewer/?mesh=https://raw.githubusercontent.com/ZibraMax/non-local-frequencies-nanostructures/refs/heads/main/Esferas_cubic_material\Sphere_10.0_2.0_0.4_20250612-133014.json&mode=6&magnif=6
5.323,2.0,128900000.0,48300000.0,67099999.99999999,15716.187023,Sphere_10.0_2.0_20250612-133020,Germanium cubic,5.0,0.4,0.4,3550.446942624478,1.4609386,1.5681667,1.7202727,1.9577351,2.0260958,2.0539551,3,2,2,3,3,1,https://zibramax.github.io/FEMViewer/?mesh=https://raw.githubusercontent.com/ZibraMax/non-local-frequencies-nanostructures/refs/heads/main/Esferas_cubic_material\Sphere_10.0_2.0_0.4_20250612-133020.json&mode=6&magnif=6
3.515,2.0,1079000000.0,124000000.0,578000000.0,15794.748686,Sphere_10.0_2.0_20250612-133032,Carbon cubic,5.0,0.4,0.4,12823.342868880141,1.6466937,1.731847,1.7922929,1.9536264,2.0171789,2.377659,3,2,2,3,3,1,https://zibramax.github.io/FEMViewer/?mesh=https://raw.githubusercontent.com/ZibraMax/non-local-frequencies-nanostructures/refs/heads/main/Esferas_cubic_material\Sphere_10.0_2.0_0.4_20250612-133032.json&mode=6&magnif=6
2.329,2.0,166000000.0,63900000.0,79600000.0,15753.982727,Sphere_10.0_2.0_20250612-133014,Silicon cubic,5.0,0.5,0.4,5846.174706140654,1.6338152,1.7311814,1.8769694,2.109467,2.2814298,2.3409749,3,2,2,3,3,1,https://zibramax.github.io/FEMViewer/?mesh=https://raw.githubusercontent.com/ZibraMax/non-local-frequencies-nanostructures/refs/heads/main/Esferas_cubic_material\Sphere_10.0_2.0_0.5_20250612-133014.json&mode=6&magnif=6
5.323,2.0,128900000.0,48300000.0,67099999.99999999,15716.187023,Sphere_10.0_2.0_20250612-133020,Germanium cubic,5.0,0.5,0.4,3550.446942624478,1.5919756,1.6765664,1.873966,2.1007449,2.2109296,2.2695955,3,2,2,3,3,1,https://zibramax.github.io/FEMViewer/?mesh=https://raw.githubusercontent.com/ZibraMax/non-local-frequencies-nanostructures/refs/heads/main/Esferas_cubic_material\Sphere_10.0_2.0_0.5_20250612-133020.json&mode=6&magnif=6
3.515,2.0,1079000000.0,124000000.0,578000000.0,15794.748686,Sphere_10.0_2.0_20250612-133032,Carbon cubic,5.0,0.5,0.4,12823.342868880141,1.7941957,1.8863161,1.92155,2.0975368,2.1983883,2.5311067,3,2,2,3,3,1,https://zibramax.github.io/FEMViewer/?mesh=https://raw.githubusercontent.com/ZibraMax/non-local-frequencies-nanostructures/refs/heads/main/Esferas_cubic_material\Sphere_10.0_2.0_0.5_20250612-133032.json&mode=6&magnif=6
2.329,2.0,166000000.0,63900000.0,79600000.0,15753.982727,Sphere_10.0_2.0_20250612-133014,Silicon cubic,5.0,0.6,0.4,5846.174706140654,1.7579372,1.8337415,2.0190259,2.2386199,2.456882,2.5439723,3,2,2,3,3,1,https://zibramax.github.io/FEMViewer/?mesh=https://raw.githubusercontent.com/ZibraMax/non-local-frequencies-nanostructures/refs/heads/main/Esferas_cubic_material\Sphere_10.0_2.0_0.6_20250612-133014.json&mode=6&magnif=6
5.323,2.0,128900000.0,48300000.0,67099999.99999999,15716.187023,Sphere_10.0_2.0_20250612-133020,Germanium cubic,5.0,0.6,0.4,3550.446942624478,1.7129405,1.7758788,2.0158429,2.2303307,2.3810317,2.4664278,3,2,2,3,3,1,https://zibramax.github.io/FEMViewer/?mesh=https://raw.githubusercontent.com/ZibraMax/non-local-frequencies-nanostructures/refs/heads/main/Esferas_cubic_material\Sphere_10.0_2.0_0.6_20250612-133020.json&mode=6&magnif=6
3.515,2.0,1079000000.0,124000000.0,578000000.0,15794.748686,Sphere_10.0_2.0_20250612-133032,Carbon cubic,5.0,0.6,0.4,12823.342868880141,1.9303715,2.0289474,2.0390637,2.2278724,2.3655798,2.6688009,3,2,2,3,3,1,https://zibramax.github.io/FEMViewer/?mesh=https://raw.githubusercontent.com/ZibraMax/non-local-frequencies-nanostructures/refs/heads/main/Esferas_cubic_material\Sphere_10.0_2.0_0.6_20250612-133032.json&mode=6&magnif=6
2.329,2.0,166000000.0,63900000.0,79600000.0,15753.982727,Sphere_10.0_2.0_20250612-133014,Silicon cubic,5.0,0.7,0.4,5846.174706140654,1.8738119,1.9293946,2.1516547,2.3584173,2.620382,2.7319124,3,2,2,3,3,1,https://zibramax.github.io/FEMViewer/?mesh=https://raw.githubusercontent.com/ZibraMax/non-local-frequencies-nanostructures/refs/heads/main/Esferas_cubic_material\Sphere_10.0_2.0_0.7_20250612-133014.json&mode=6&magnif=6
5.323,2.0,128900000.0,48300000.0,67099999.99999999,15716.187023,Sphere_10.0_2.0_20250612-133020,Germanium cubic,5.0,0.7,0.4,3550.446942624478,1.8258668,1.868503,2.1482982,2.3503654,2.5395384,2.6486588,3,2,2,3,3,1,https://zibramax.github.io/FEMViewer/?mesh=https://raw.githubusercontent.com/ZibraMax/non-local-frequencies-nanostructures/refs/heads/main/Esferas_cubic_material\Sphere_10.0_2.0_0.7_20250612-133020.json&mode=6&magnif=6
3.515,2.0,1079000000.0,124000000.0,578000000.0,15794.748686,Sphere_10.0_2.0_20250612-133032,Carbon cubic,5.0,0.7,0.4,12823.342868880141,2.057506,2.1481109,2.1621288,2.3485108,2.521614,2.7990068,3,2,2,3,3,1,https://zibramax.github.io/FEMViewer/?mesh=https://raw.githubusercontent.com/ZibraMax/non-local-frequencies-nanostructures/refs/heads/main/Esferas_cubic_material\Sphere_10.0_2.0_0.7_20250612-133032.json&mode=6&magnif=6
2.329,2.0,166000000.0,63900000.0,79600000.0,15753.982727,Sphere_10.0_2.0_20250612-133014,Silicon cubic,5.0,0.8,0.4,5846.174706140654,1.9829009,2.01962,2.2765281,2.4710056,2.7741268,2.9077215,3,2,2,3,3,1,https://zibramax.github.io/FEMViewer/?mesh=https://raw.githubusercontent.com/ZibraMax/non-local-frequencies-nanostructures/refs/heads/main/Esferas_cubic_material\Sphere_10.0_2.0_0.8_20250612-133014.json&mode=6&magnif=6
5.323,2.0,128900000.0,48300000.0,67099999.99999999,15716.187023,Sphere_10.0_2.0_20250612-133020,Germanium cubic,5.0,0.8,0.4,3550.446942624478,1.9321791,1.9558719,2.2730045,2.4630769,2.6885828,2.8191264,3,2,2,3,3,1,https://zibramax.github.io/FEMViewer/?mesh=https://raw.githubusercontent.com/ZibraMax/non-local-frequencies-nanostructures/refs/heads/main/Esferas_cubic_material\Sphere_10.0_2.0_0.8_20250612-133020.json&mode=6&magnif=6
3.515,2.0,1079000000.0,124000000.0,578000000.0,15794.748686,Sphere_10.0_2.0_20250612-133032,Carbon cubic,5.0,0.8,0.4,12823.342868880141,2.1772004,2.2506156,2.2875328,2.4617141,2.6684826,2.9229712,3,2,2,3,3,1,https://zibramax.github.io/FEMViewer/?mesh=https://raw.githubusercontent.com/ZibraMax/non-local-frequencies-nanostructures/refs/heads/main/Esferas_cubic_material\Sphere_10.0_2.0_0.8_20250612-133032.json&mode=6&magnif=6
2.329,2.0,166000000.0,63900000.0,79600000.0,15753.982727,Sphere_10.0_2.0_20250612-133014,Silicon cubic,5.0,0.9,0.4,5846.174706140654,2.086277,2.105392,2.3948727,2.5777634,2.9197012,3.0734848,3,2,2,3,3,1,https://zibramax.github.io/FEMViewer/?mesh=https://raw.githubusercontent.com/ZibraMax/non-local-frequencies-nanostructures/refs/heads/main/Esferas_cubic_material\Sphere_10.0_2.0_0.9_20250612-133014.json&mode=6&magnif=6
5.323,2.0,128900000.0,48300000.0,67099999.99999999,15716.187023,Sphere_10.0_2.0_20250612-133020,Germanium cubic,5.0,0.9,0.4,3550.446942624478,2.0329232,2.0389289,2.3911883,2.5698867,2.8297033,2.9798527,3,2,2,3,3,1,https://zibramax.github.io/FEMViewer/?mesh=https://raw.githubusercontent.com/ZibraMax/non-local-frequencies-nanostructures/refs/heads/main/Esferas_cubic_material\Sphere_10.0_2.0_0.9_20250612-133020.json&mode=6&magnif=6
3.515,2.0,1079000000.0,124000000.0,578000000.0,15794.748686,Sphere_10.0_2.0_20250612-133032,Carbon cubic,5.0,0.9,0.4,12823.342868880141,2.2906302,2.3478217,2.4063869,2.568933,2.8076423,3.0415937,3,2,2,3,3,1,https://zibramax.github.io/FEMViewer/?mesh=https://raw.githubusercontent.com/ZibraMax/non-local-frequencies-nanostructures/refs/heads/main/Esferas_cubic_material\Sphere_10.0_2.0_0.9_20250612-133032.json&mode=6&magnif=6
2.329,2.0,166000000.0,63900000.0,79600000.0,15753.982727,Sphere_10.0_2.0_20250612-133014,Silicon cubic,5.0,1.0,0.4,5846.174706140654,2.1847559,2.1873989,2.5076203,2.6796447,3.058297,3.2307505,3,2,2,3,3,1,https://zibramax.github.io/FEMViewer/?mesh=https://raw.githubusercontent.com/ZibraMax/non-local-frequencies-nanostructures/refs/heads/main/Esferas_cubic_material\Sphere_10.0_2.0_1.0_20250612-133014.json&mode=6&magnif=6
5.323,2.0,128900000.0,48300000.0,67099999.99999999,15716.187023,Sphere_10.0_2.0_20250612-133020,Germanium cubic,5.0,1.0,0.4,3550.446942624478,2.1183404,2.1288943,2.503781,2.6717733,2.9640562,3.1323392,2,3,2,3,3,1,https://zibramax.github.io/FEMViewer/?mesh=https://raw.githubusercontent.com/ZibraMax/non-local-frequencies-nanostructures/refs/heads/main/Esferas_cubic_material\Sphere_10.0_2.0_1.0_20250612-133020.json&mode=6&magnif=6
3.515,2.0,1079000000.0,124000000.0,578000000.0,15794.748686,Sphere_10.0_2.0_20250612-133032,Carbon cubic,5.0,1.0,0.4,12823.342868880141,2.3986898,2.4405927,2.5196249,2.6711669,2.9401984,3.1555582,3,2,2,3,3,1,https://zibramax.github.io/FEMViewer/?mesh=https://raw.githubusercontent.com/ZibraMax/non-local-frequencies-nanostructures/refs/heads/main/Esferas_cubic_material\Sphere_10.0_2.0_1.0_20250612-133032.json&mode=6&magnif=6
2.329,5.0,166000000.0,63900000.0,79600000.0,15818.960627,Sphere_10.0_5.0_20250612-133016,Silicon cubic,5.0,0.0,1.0,5846.174706140654,0.03564,0.0357138,0.0358324,0.036015,0.0361,0.036256,3,2,3,3,2,1,https://zibramax.github.io/FEMViewer/?mesh=https://raw.githubusercontent.com/ZibraMax/non-local-frequencies-nanostructures/refs/heads/main/Esferas_cubic_material\Sphere_10.0_5.0_0.0_20250612-133016.json&mode=6&magnif=6
5.323,5.0,128900000.0,48300000.0,67099999.99999999,15755.630645,Sphere_10.0_5.0_20250612-133023,Germanium cubic,5.0,0.0,1.0,3550.446942624478,0.0351211,0.0351935,0.0352946,0.0353218,0.0354054,0.0355506,3,2,3,3,2,1,https://zibramax.github.io/FEMViewer/?mesh=https://raw.githubusercontent.com/ZibraMax/non-local-frequencies-nanostructures/refs/heads/main/Esferas_cubic_material\Sphere_10.0_5.0_0.0_20250612-133023.json&mode=6&magnif=6
3.515,5.0,1079000000.0,124000000.0,578000000.0,15967.364704,Sphere_10.0_5.0_20250612-133036,Carbon cubic,5.0,0.0,1.0,12823.342868880141,0.0350752,0.0351333,0.0352287,0.0355398,0.035742,0.0358033,3,2,3,3,2,1,https://zibramax.github.io/FEMViewer/?mesh=https://raw.githubusercontent.com/ZibraMax/non-local-frequencies-nanostructures/refs/heads/main/Esferas_cubic_material\Sphere_10.0_5.0_0.0_20250612-133036.json&mode=6&magnif=6
2.329,5.0,166000000.0,63900000.0,79600000.0,15818.960627,Sphere_10.0_5.0_20250612-133016,Silicon cubic,5.0,0.1,1.0,5846.174706140654,0.7230135,0.808251,0.8301869,0.97683,1.0082054,1.0339241,3,2,2,3,3,1,https://zibramax.github.io/FEMViewer/?mesh=https://raw.githubusercontent.com/ZibraMax/non-local-frequencies-nanostructures/refs/heads/main/Esferas_cubic_material\Sphere_10.0_5.0_0.1_20250612-133016.json&mode=6&magnif=6
5.323,5.0,128900000.0,48300000.0,67099999.99999999,15755.630645,Sphere_10.0_5.0_20250612-133023,Germanium cubic,5.0,0.1,1.0,3550.446942624478,0.7045104,0.7828442,0.8288261,0.9711107,0.9770845,1.00242,3,2,2,3,3,1,https://zibramax.github.io/FEMViewer/?mesh=https://raw.githubusercontent.com/ZibraMax/non-local-frequencies-nanostructures/refs/heads/main/Esferas_cubic_material\Sphere_10.0_5.0_0.1_20250612-133023.json&mode=6&magnif=6
3.515,5.0,1079000000.0,124000000.0,578000000.0,15967.364704,Sphere_10.0_5.0_20250612-133036,Carbon cubic,5.0,0.1,1.0,12823.342868880141,0.7939049,0.834423,0.8901618,0.9689458,0.9722346,1.1600868,3,2,2,3,3,1,https://zibramax.github.io/FEMViewer/?mesh=https://raw.githubusercontent.com/ZibraMax/non-local-frequencies-nanostructures/refs/heads/main/Esferas_cubic_material\Sphere_10.0_5.0_0.1_20250612-133036.json&mode=6&magnif=6
2.329,5.0,166000000.0,63900000.0,79600000.0,15818.960627,Sphere_10.0_5.0_20250612-133016,Silicon cubic,5.0,0.2,1.0,5846.174706140654,0.9975629,1.0618142,1.1452175,1.29329,1.3940855,1.4525801,3,2,2,3,3,1,https://zibramax.github.io/FEMViewer/?mesh=https://raw.githubusercontent.com/ZibraMax/non-local-frequencies-nanostructures/refs/heads/main/Esferas_cubic_material\Sphere_10.0_5.0_0.2_20250612-133016.json&mode=6&magnif=6
5.323,5.0,128900000.0,48300000.0,67099999.99999999,15755.630645,Sphere_10.0_5.0_20250612-133023,Germanium cubic,5.0,0.2,1.0,3550.446942624478,0.9720457,1.0283696,1.1434098,1.2879572,1.3510956,1.4083269,3,2,2,3,3,1,https://zibramax.github.io/FEMViewer/?mesh=https://raw.githubusercontent.com/ZibraMax/non-local-frequencies-nanostructures/refs/heads/main/Esferas_cubic_material\Sphere_10.0_5.0_0.2_20250612-133023.json&mode=6&magnif=6
3.515,5.0,1079000000.0,124000000.0,578000000.0,15967.364704,Sphere_10.0_5.0_20250612-133036,Carbon cubic,5.0,0.2,1.0,12823.342868880141,1.0953069,1.1508591,1.1780593,1.2863563,1.3420389,1.5586001,3,2,2,3,3,1,https://zibramax.github.io/FEMViewer/?mesh=https://raw.githubusercontent.com/ZibraMax/non-local-frequencies-nanostructures/refs/heads/main/Esferas_cubic_material\Sphere_10.0_5.0_0.2_20250612-133036.json&mode=6&magnif=6
2.329,5.0,166000000.0,63900000.0,79600000.0,15818.960627,Sphere_10.0_5.0_20250612-133016,Silicon cubic,5.0,0.3,1.0,5846.174706140654,1.2113707,1.2607014,1.3905623,1.539325,1.6940748,1.7750955,3,2,2,3,3,1,https://zibramax.github.io/FEMViewer/?mesh=https://raw.githubusercontent.com/ZibraMax/non-local-frequencies-nanostructures/refs/heads/main/Esferas_cubic_material\Sphere_10.0_5.0_0.3_20250612-133016.json&mode=6&magnif=6
5.323,5.0,128900000.0,48300000.0,67099999.99999999,15755.630645,Sphere_10.0_5.0_20250612-133023,Germanium cubic,5.0,0.3,1.0,3550.446942624478,1.1803896,1.2209569,1.3883949,1.533777,1.6418503,1.72102,3,2,2,3,3,1,https://zibramax.github.io/FEMViewer/?mesh=https://raw.githubusercontent.com/ZibraMax/non-local-frequencies-nanostructures/refs/heads/main/Esferas_cubic_material\Sphere_10.0_5.0_0.3_20250612-133023.json&mode=6&magnif=6
3.515,5.0,1079000000.0,124000000.0,578000000.0,15967.364704,Sphere_10.0_5.0_20250612-133036,Carbon cubic,5.0,0.3,1.0,12823.342868880141,1.3300342,1.3973317,1.4020868,1.5325181,1.6299158,1.8370663,3,2,2,3,3,1,https://zibramax.github.io/FEMViewer/?mesh=https://raw.githubusercontent.com/ZibraMax/non-local-frequencies-nanostructures/refs/heads/main/Esferas_cubic_material\Sphere_10.0_5.0_0.3_20250612-133036.json&mode=6&magnif=6
2.329,5.0,166000000.0,63900000.0,79600000.0,15818.960627,Sphere_10.0_5.0_20250612-133016,Silicon cubic,5.0,0.4,1.0,5846.174706140654,1.3927247,1.4310622,1.5986746,1.7494344,1.9483737,2.0474217,3,2,2,3,3,1,https://zibramax.github.io/FEMViewer/?mesh=https://raw.githubusercontent.com/ZibraMax/non-local-frequencies-nanostructures/refs/heads/main/Esferas_cubic_material\Sphere_10.0_5.0_0.4_20250612-133016.json&mode=6&magnif=6
5.323,5.0,128900000.0,48300000.0,67099999.99999999,15755.630645,Sphere_10.0_5.0_20250612-133023,Germanium cubic,5.0,0.4,1.0,3550.446942624478,1.3571086,1.3859249,1.5961987,1.7435604,1.8883189,1.9850521,3,2,2,3,3,1,https://zibramax.github.io/FEMViewer/?mesh=https://raw.githubusercontent.com/ZibraMax/non-local-frequencies-nanostructures/refs/heads/main/Esferas_cubic_material\Sphere_10.0_5.0_0.4_20250612-133023.json&mode=6&magnif=6
3.515,5.0,1079000000.0,124000000.0,578000000.0,15967.364704,Sphere_10.0_5.0_20250612-133036,Carbon cubic,5.0,0.4,1.0,12823.342868880141,1.5291353,1.5934263,1.6064108,1.7425036,1.8740638,2.0777807,3,2,2,3,3,1,https://zibramax.github.io/FEMViewer/?mesh=https://raw.githubusercontent.com/ZibraMax/non-local-frequencies-nanostructures/refs/heads/main/Esferas_cubic_material\Sphere_10.0_5.0_0.4_20250612-133036.json&mode=6&magnif=6
2.329,5.0,166000000.0,63900000.0,79600000.0,15818.960627,Sphere_10.0_5.0_20250612-133016,Silicon cubic,5.0,0.5,1.0,5846.174706140654,1.5530407,1.5827597,1.7826498,1.936251,2.1731022,2.2875545,3,2,2,3,3,1,https://zibramax.github.io/FEMViewer/?mesh=https://raw.githubusercontent.com/ZibraMax/non-local-frequencies-nanostructures/refs/heads/main/Esferas_cubic_material\Sphere_10.0_5.0_0.5_20250612-133016.json&mode=6&magnif=6
5.323,5.0,128900000.0,48300000.0,67099999.99999999,15755.630645,Sphere_10.0_5.0_20250612-133023,Germanium cubic,5.0,0.5,1.0,3550.446942624478,1.5133269,1.5328224,1.7798994,1.9300276,2.1061266,2.2178711,3,2,2,3,3,1,https://zibramax.github.io/FEMViewer/?mesh=https://raw.githubusercontent.com/ZibraMax/non-local-frequencies-nanostructures/refs/heads/main/Esferas_cubic_material\Sphere_10.0_5.0_0.5_20250612-133023.json&mode=6&magnif=6
3.515,5.0,1079000000.0,124000000.0,578000000.0,15967.364704,Sphere_10.0_5.0_20250612-133036,Carbon cubic,5.0,0.5,1.0,12823.342868880141,1.7051413,1.7635605,1.7912453,1.9291048,2.089875,2.2930823,3,2,2,3,3,1,https://zibramax.github.io/FEMViewer/?mesh=https://raw.githubusercontent.com/ZibraMax/non-local-frequencies-nanostructures/refs/heads/main/Esferas_cubic_material\Sphere_10.0_5.0_0.5_20250612-133036.json&mode=6&magnif=6
2.329,5.0,166000000.0,63900000.0,79600000.0,15818.960627,Sphere_10.0_5.0_20250612-133016,Silicon cubic,5.0,0.6,1.0,5846.174706140654,1.6982885,1.7209344,1.9493361,2.1062685,2.3766694,2.5047704,3,2,2,3,3,1,https://zibramax.github.io/FEMViewer/?mesh=https://raw.githubusercontent.com/ZibraMax/non-local-frequencies-nanostructures/refs/heads/main/Esferas_cubic_material\Sphere_10.0_5.0_0.6_20250612-133016.json&mode=6&magnif=6
5.323,5.0,128900000.0,48300000.0,67099999.99999999,15755.630645,Sphere_10.0_5.0_20250612-133023,Germanium cubic,5.0,0.6,1.0,3550.446942624478,1.6548621,1.6666262,1.9463362,2.0996962,2.3034242,2.4284712,3,2,2,3,3,1,https://zibramax.github.io/FEMViewer/?mesh=https://raw.githubusercontent.com/ZibraMax/non-local-frequencies-nanostructures/refs/heads/main/Esferas_cubic_material\Sphere_10.0_5.0_0.6_20250612-133023.json&mode=6&magnif=6
3.515,5.0,1079000000.0,124000000.0,578000000.0,15967.364704,Sphere_10.0_5.0_20250612-133036,Carbon cubic,5.0,0.6,1.0,12823.342868880141,1.8646053,1.9183987,1.9587128,2.0988699,2.2853941,2.4897031,3,2,2,3,3,1,https://zibramax.github.io/FEMViewer/?mesh=https://raw.githubusercontent.com/ZibraMax/non-local-frequencies-nanostructures/refs/heads/main/Esferas_cubic_material\Sphere_10.0_5.0_0.6_20250612-133036.json&mode=6&magnif=6
2.329,5.0,166000000.0,63900000.0,79600000.0,15818.960627,Sphere_10.0_5.0_20250612-133016,Silicon cubic,5.0,0.7,1.0,5846.174706140654,1.8320561,1.8487014,2.1028497,2.2633924,2.5641228,2.7045968,3,2,2,3,3,1,https://zibramax.github.io/FEMViewer/?mesh=https://raw.githubusercontent.com/ZibraMax/non-local-frequencies-nanostructures/refs/heads/main/Esferas_cubic_material\Sphere_10.0_5.0_0.7_20250612-133016.json&mode=6&magnif=6
5.323,5.0,128900000.0,48300000.0,67099999.99999999,15755.630645,Sphere_10.0_5.0_20250612-133023,Germanium cubic,5.0,0.7,1.0,3550.446942624478,1.7852104,1.7903523,2.0996195,2.2564793,2.4851039,2.6222112,3,2,2,3,3,1,https://zibramax.github.io/FEMViewer/?mesh=https://raw.githubusercontent.com/ZibraMax/non-local-frequencies-nanostructures/refs/heads/main/Esferas_cubic_material\Sphere_10.0_5.0_0.7_20250612-133023.json&mode=6&magnif=6
3.515,5.0,1079000000.0,124000000.0,578000000.0,15967.364704,Sphere_10.0_5.0_20250612-133036,Carbon cubic,5.0,0.7,1.0,12823.342868880141,2.0114659,2.0614958,2.1129476,2.2557265,2.4654547,2.671823,3,2,2,3,3,1,https://zibramax.github.io/FEMViewer/?mesh=https://raw.githubusercontent.com/ZibraMax/non-local-frequencies-nanostructures/refs/heads/main/Esferas_cubic_material\Sphere_10.0_5.0_0.7_20250612-133036.json&mode=6&magnif=6
2.329,5.0,166000000.0,63900000.0,79600000.0,15818.960627,Sphere_10.0_5.0_20250612-133016,Silicon cubic,5.0,0.8,1.0,5846.174706140654,1.9566996,1.9681268,2.245894,2.4102011,2.738774,2.8906422,3,2,2,3,3,1,https://zibramax.github.io/FEMViewer/?mesh=https://raw.githubusercontent.com/ZibraMax/non-local-frequencies-nanostructures/refs/heads/main/Esferas_cubic_material\Sphere_10.0_5.0_0.8_20250612-133016.json&mode=6&magnif=6
5.323,5.0,128900000.0,48300000.0,67099999.99999999,15755.630645,Sphere_10.0_5.0_20250612-133023,Germanium cubic,5.0,0.8,1.0,3550.446942624478,1.9060012,1.9066678,2.2424488,2.4029577,2.6543756,2.80259,2,3,2,3,3,1,https://zibramax.github.io/FEMViewer/?mesh=https://raw.githubusercontent.com/ZibraMax/non-local-frequencies-nanostructures/refs/heads/main/Esferas_cubic_material\Sphere_10.0_5.0_0.8_20250612-133023.json&mode=6&magnif=6
3.515,5.0,1079000000.0,124000000.0,578000000.0,15967.364704,Sphere_10.0_5.0_20250612-133036,Carbon cubic,5.0,0.8,1.0,12823.342868880141,2.14831,2.1951996,2.2566649,2.4022634,2.6332305,2.8422557,3,2,2,3,3,1,https://zibramax.github.io/FEMViewer/?mesh=https://raw.githubusercontent.com/ZibraMax/non-local-frequencies-nanostructures/refs/heads/main/Esferas_cubic_material\Sphere_10.0_5.0_0.8_20250612-133036.json&mode=6&magnif=6
2.329,5.0,166000000.0,63900000.0,79600000.0,15818.960627,Sphere_10.0_5.0_20250612-133016,Silicon cubic,5.0,0.9,1.0,5846.174706140654,2.073865,2.0806678,2.3803572,2.5485073,2.9029354,3.0654169,3,2,2,3,3,1,https://zibramax.github.io/FEMViewer/?mesh=https://raw.githubusercontent.com/ZibraMax/non-local-frequencies-nanostructures/refs/heads/main/Esferas_cubic_material\Sphere_10.0_5.0_0.9_20250612-133016.json&mode=6&magnif=6
5.323,5.0,128900000.0,48300000.0,67099999.99999999,15755.630645,Sphere_10.0_5.0_20250612-133023,Germanium cubic,5.0,0.9,1.0,3550.446942624478,2.0149837,2.0208382,2.3767096,2.5409446,2.8134804,2.9720414,2,3,2,3,3,1,https://zibramax.github.io/FEMViewer/?mesh=https://raw.githubusercontent.com/ZibraMax/non-local-frequencies-nanostructures/refs/heads/main/Esferas_cubic_material\Sphere_10.0_5.0_0.9_20250612-133023.json&mode=6&magnif=6
3.515,5.0,1079000000.0,124000000.0,578000000.0,15967.364704,Sphere_10.0_5.0_20250612-133036,Carbon cubic,5.0,0.9,1.0,12823.342868880141,2.2769441,2.3211604,2.3917616,2.5402981,2.7909382,3.0030049,3,2,2,3,3,1,https://zibramax.github.io/FEMViewer/?mesh=https://raw.githubusercontent.com/ZibraMax/non-local-frequencies-nanostructures/refs/heads/main/Esferas_cubic_material\Sphere_10.0_5.0_0.9_20250612-133036.json&mode=6&magnif=6
2.329,5.0,166000000.0,63900000.0,79600000.0,15818.960627,Sphere_10.0_5.0_20250612-133016,Silicon cubic,5.0,1.0,1.0,5846.174706140654,2.1847559,2.1873989,2.5076203,2.6796447,3.058297,3.2307505,3,2,2,3,3,1,https://zibramax.github.io/FEMViewer/?mesh=https://raw.githubusercontent.com/ZibraMax/non-local-frequencies-nanostructures/refs/heads/main/Esferas_cubic_material\Sphere_10.0_5.0_1.0_20250612-133016.json&mode=6&magnif=6
5.323,5.0,128900000.0,48300000.0,67099999.99999999,15755.630645,Sphere_10.0_5.0_20250612-133023,Germanium cubic,5.0,1.0,1.0,3550.446942624478,2.1183404,2.1288943,2.503781,2.6717733,2.9640562,3.1323392,2,3,2,3,3,1,https://zibramax.github.io/FEMViewer/?mesh=https://raw.githubusercontent.com/ZibraMax/non-local-frequencies-nanostructures/refs/heads/main/Esferas_cubic_material\Sphere_10.0_5.0_1.0_20250612-133023.json&mode=6&magnif=6
3.515,5.0,1079000000.0,124000000.0,578000000.0,15967.364704,Sphere_10.0_5.0_20250612-133036,Carbon cubic,5.0,1.0,1.0,12823.342868880141,2.3986898,2.4405927,2.5196249,2.6711669,2.9401984,3.1555582,3,2,2,3,3,1,https://zibramax.github.io/FEMViewer/?mesh=https://raw.githubusercontent.com/ZibraMax/non-local-frequencies-nanostructures/refs/heads/main/Esferas_cubic_material\Sphere_10.0_5.0_1.0_20250612-133036.json&mode=6&magnif=6
2.329,8.0,166000000.0,63900000.0,79600000.0,15708.879306,Sphere_10.0_8.0_20250612-133018,Silicon cubic,5.0,0.0,1.6,5846.174706140654,0.0139339,0.0139628,0.0140094,0.0140806,0.0141131,0.0141747,3,2,3,3,2,1,https://zibramax.github.io/FEMViewer/?mesh=https://raw.githubusercontent.com/ZibraMax/non-local-frequencies-nanostructures/refs/heads/main/Esferas_cubic_material\Sphere_10.0_8.0_0.0_20250612-133018.json&mode=6&magnif=6
5.323,8.0,128900000.0,48300000.0,67099999.99999999,15904.171358,Sphere_10.0_8.0_20250612-133026,Germanium cubic,5.0,0.0,1.6,3550.446942624478,0.0137311,0.0137596,0.0137992,0.0138093,0.0138414,0.0138988,3,2,3,3,2,1,https://zibramax.github.io/FEMViewer/?mesh=https://raw.githubusercontent.com/ZibraMax/non-local-frequencies-nanostructures/refs/heads/main/Esferas_cubic_material\Sphere_10.0_8.0_0.0_20250612-133026.json&mode=6&magnif=6
3.515,8.0,1079000000.0,124000000.0,578000000.0,15751.487218,Sphere_10.0_8.0_20250612-133042,Carbon cubic,5.0,0.0,1.6,12823.342868880141,0.0137132,0.0137358,0.0137736,0.0138956,0.0139755,0.0139994,3,2,3,3,2,1,https://zibramax.github.io/FEMViewer/?mesh=https://raw.githubusercontent.com/ZibraMax/non-local-frequencies-nanostructures/refs/heads/main/Esferas_cubic_material\Sphere_10.0_8.0_0.0_20250612-133042.json&mode=6&magnif=6
2.329,8.0,166000000.0,63900000.0,79600000.0,15708.879306,Sphere_10.0_8.0_20250612-133018,Silicon cubic,5.0,0.1,1.6,5846.174706140654,0.6979817,0.7362045,0.8011965,0.8977104,0.9761558,1.0238321,3,2,2,3,3,1,https://zibramax.github.io/FEMViewer/?mesh=https://raw.githubusercontent.com/ZibraMax/non-local-frequencies-nanostructures/refs/heads/main/Esferas_cubic_material\Sphere_10.0_8.0_0.1_20250612-133018.json&mode=6&magnif=6
5.323,8.0,128900000.0,48300000.0,67099999.99999999,15904.171358,Sphere_10.0_8.0_20250612-133026,Germanium cubic,5.0,0.1,1.6,3550.446942624478,0.6801319,0.7130136,0.7999488,0.8942419,0.9460665,0.9926437,3,2,2,3,3,1,https://zibramax.github.io/FEMViewer/?mesh=https://raw.githubusercontent.com/ZibraMax/non-local-frequencies-nanostructures/refs/heads/main/Esferas_cubic_material\Sphere_10.0_8.0_0.1_20250612-133026.json&mode=6&magnif=6
3.515,8.0,1079000000.0,124000000.0,578000000.0,15751.487218,Sphere_10.0_8.0_20250612-133042,Carbon cubic,5.0,0.1,1.6,12823.342868880141,0.7663474,0.8050942,0.8176981,0.8933591,0.9391348,1.0777783,3,2,2,3,3,1,https://zibramax.github.io/FEMViewer/?mesh=https://raw.githubusercontent.com/ZibraMax/non-local-frequencies-nanostructures/refs/heads/main/Esferas_cubic_material\Sphere_10.0_8.0_0.1_20250612-133042.json&mode=6&magnif=6
2.329,8.0,166000000.0,63900000.0,79600000.0,15708.879306,Sphere_10.0_8.0_20250612-133018,Silicon cubic,5.0,0.2,1.6,5846.174706140654,0.9815319,1.0077379,1.1266267,1.23202,1.3734203,1.4462062,3,2,2,3,3,1,https://zibramax.github.io/FEMViewer/?mesh=https://raw.githubusercontent.com/ZibraMax/non-local-frequencies-nanostructures/refs/heads/main/Esferas_cubic_material\Sphere_10.0_8.0_0.2_20250612-133018.json&mode=6&magnif=6
5.323,8.0,128900000.0,48300000.0,67099999.99999999,15904.171358,Sphere_10.0_8.0_20250612-133026,Germanium cubic,5.0,0.2,1.6,3550.446942624478,0.9564332,0.975956,1.1248887,1.2279111,1.3310929,1.4021526,3,2,2,3,3,1,https://zibramax.github.io/FEMViewer/?mesh=https://raw.githubusercontent.com/ZibraMax/non-local-frequencies-nanostructures/refs/heads/main/Esferas_cubic_material\Sphere_10.0_8.0_0.2_20250612-133026.json&mode=6&magnif=6
3.515,8.0,1079000000.0,124000000.0,578000000.0,15751.487218,Sphere_10.0_8.0_20250612-133042,Carbon cubic,5.0,0.2,1.6,12823.342868880141,1.0776564,1.1221526,1.1320589,1.2272218,1.3208044,1.4632403,3,2,2,3,3,1,https://zibramax.github.io/FEMViewer/?mesh=https://raw.githubusercontent.com/ZibraMax/non-local-frequencies-nanostructures/refs/heads/main/Esferas_cubic_material\Sphere_10.0_8.0_0.2_20250612-133042.json&mode=6&magnif=6
2.329,8.0,166000000.0,63900000.0,79600000.0,15708.879306,Sphere_10.0_8.0_20250612-133018,Silicon cubic,5.0,0.3,1.6,5846.174706140654,1.1998441,1.219557,1.3771892,1.4922507,1.6791831,1.7705344,3,2,2,3,3,1,https://zibramax.github.io/FEMViewer/?mesh=https://raw.githubusercontent.com/ZibraMax/non-local-frequencies-nanostructures/refs/heads/main/Esferas_cubic_material\Sphere_10.0_8.0_0.3_20250612-133018.json&mode=6&magnif=6
5.323,8.0,128900000.0,48300000.0,67099999.99999999,15904.171358,Sphere_10.0_8.0_20250612-133026,Germanium cubic,5.0,0.3,1.6,3550.446942624478,1.169164,1.1810783,1.3750713,1.4875255,1.6274354,1.7166018,3,2,2,3,3,1,https://zibramax.github.io/FEMViewer/?mesh=https://raw.githubusercontent.com/ZibraMax/non-local-frequencies-nanostructures/refs/heads/main/Esferas_cubic_material\Sphere_10.0_8.0_0.3_20250612-133026.json&mode=6&magnif=6
3.515,8.0,1079000000.0,124000000.0,578000000.0,15751.487218,Sphere_10.0_8.0_20250612-133042,Carbon cubic,5.0,0.3,1.6,12823.342868880141,1.3173427,1.3591558,1.3838097,1.4869001,1.6146392,1.7660019,3,2,2,3,3,1,https://zibramax.github.io/FEMViewer/?mesh=https://raw.githubusercontent.com/ZibraMax/non-local-frequencies-nanostructures/refs/heads/main/Esferas_cubic_material\Sphere_10.0_8.0_0.3_20250612-133042.json&mode=6&magnif=6
2.329,8.0,166000000.0,63900000.0,79600000.0,15708.879306,Sphere_10.0_8.0_20250612-133018,Silicon cubic,5.0,0.4,1.6,5846.174706140654,1.3841407,1.3995181,1.5887133,1.7131732,1.9372716,2.0440332,3,2,2,3,3,1,https://zibramax.github.io/FEMViewer/?mesh=https://raw.githubusercontent.com/ZibraMax/non-local-frequencies-nanostructures/refs/heads/main/Esferas_cubic_material\Sphere_10.0_8.0_0.4_20250612-133018.json&mode=6&magnif=6
5.323,8.0,128900000.0,48300000.0,67099999.99999999,15904.171358,Sphere_10.0_8.0_20250612-133026,Germanium cubic,5.0,0.4,1.6,3550.446942624478,1.3487488,1.3553517,1.586274,1.7078902,1.877572,1.9817697,3,2,2,3,3,1,https://zibramax.github.io/FEMViewer/?mesh=https://raw.githubusercontent.com/ZibraMax/non-local-frequencies-nanostructures/refs/heads/main/Esferas_cubic_material\Sphere_10.0_8.0_0.4_20250612-133026.json&mode=6&magnif=6
3.515,8.0,1079000000.0,124000000.0,578000000.0,15751.487218,Sphere_10.0_8.0_20250612-133042,Carbon cubic,5.0,0.4,1.6,12823.342868880141,1.5196837,1.5603622,1.5963393,1.7072913,1.8626839,2.0238585,3,2,2,3,3,1,https://zibramax.github.io/FEMViewer/?mesh=https://raw.githubusercontent.com/ZibraMax/non-local-frequencies-nanostructures/refs/heads/main/Esferas_cubic_material\Sphere_10.0_8.0_0.4_20250612-133042.json&mode=6&magnif=6
2.329,8.0,166000000.0,63900000.0,79600000.0,15708.879306,Sphere_10.0_8.0_20250612-133018,Silicon cubic,5.0,0.5,1.6,5846.174706140654,1.5466301,1.5587815,1.7752096,1.9086103,2.1648056,2.2850276,3,2,2,3,3,1,https://zibramax.github.io/FEMViewer/?mesh=https://raw.githubusercontent.com/ZibraMax/non-local-frequencies-nanostructures/refs/heads/main/Esferas_cubic_material\Sphere_10.0_8.0_0.5_20250612-133018.json&mode=6&magnif=6
5.323,8.0,128900000.0,48300000.0,67099999.99999999,15904.171358,Sphere_10.0_8.0_20250612-133026,Germanium cubic,5.0,0.5,1.6,3550.446942624478,1.5070838,1.5095825,1.7724865,1.9028184,2.0980954,2.2154234,3,2,2,3,3,1,https://zibramax.github.io/FEMViewer/?mesh=https://raw.githubusercontent.com/ZibraMax/non-local-frequencies-nanostructures/refs/heads/main/Esferas_cubic_material\Sphere_10.0_8.0_0.5_20250612-133026.json&mode=6&magnif=6
3.515,8.0,1079000000.0,124000000.0,578000000.0,15751.487218,Sphere_10.0_8.0_20250612-133042,Carbon cubic,5.0,0.5,1.6,12823.342868880141,1.6980827,1.7383587,1.7837231,1.9022301,2.0813749,2.2523462,3,2,2,3,3,1,https://zibramax.github.io/FEMViewer/?mesh=https://raw.githubusercontent.com/ZibraMax/non-local-frequencies-nanostructures/refs/heads/main/Esferas_cubic_material\Sphere_10.0_8.0_0.5_20250612-133042.json&mode=6&magnif=6
2.329,8.0,166000000.0,63900000.0,79600000.0,15708.879306,Sphere_10.0_8.0_20250612-133018,Silicon cubic,5.0,0.6,1.6,5846.174706140654,1.6936008,1.7031901,1.9438949,2.0857764,2.3705999,2.5029245,3,2,2,3,3,1,https://zibramax.github.io/FEMViewer/?mesh=https://raw.githubusercontent.com/ZibraMax/non-local-frequencies-nanostructures/refs/heads/main/Esferas_cubic_material\Sphere_10.0_8.0_0.6_20250612-133018.json&mode=6&magnif=6
5.323,8.0,128900000.0,48300000.0,67099999.99999999,15904.171358,Sphere_10.0_8.0_20250612-133026,Germanium cubic,5.0,0.6,1.6,3550.446942624478,1.6494284,1.6502969,1.9409149,2.0795148,2.2975488,2.426683,2,3,2,3,3,1,https://zibramax.github.io/FEMViewer/?mesh=https://raw.githubusercontent.com/ZibraMax/non-local-frequencies-nanostructures/refs/heads/main/Esferas_cubic_material\Sphere_10.0_8.0_0.6_20250612-133026.json&mode=6&magnif=6
3.515,8.0,1079000000.0,124000000.0,578000000.0,15751.487218,Sphere_10.0_8.0_20250612-133042,Carbon cubic,5.0,0.6,1.6,12823.342868880141,1.8594436,1.8997154,1.9532119,2.0789291,2.2791777,2.4596815,3,2,2,3,3,1,https://zibramax.github.io/FEMViewer/?mesh=https://raw.githubusercontent.com/ZibraMax/non-local-frequencies-nanostructures/refs/heads/main/Esferas_cubic_material\Sphere_10.0_8.0_0.6_20250612-133042.json&mode=6&magnif=6
2.329,8.0,166000000.0,63900000.0,79600000.0,15708.879306,Sphere_10.0_8.0_20250612-133018,Silicon cubic,5.0,0.7,1.6,5846.174706140654,1.8287981,1.8362627,2.0990678,2.2490088,2.559903,2.7033147,3,2,2,3,3,1,https://zibramax.github.io/FEMViewer/?mesh=https://raw.githubusercontent.com/ZibraMax/non-local-frequencies-nanostructures/refs/heads/main/Esferas_cubic_material\Sphere_10.0_8.0_0.7_20250612-133018.json&mode=6&magnif=6
5.323,8.0,128900000.0,48300000.0,67099999.99999999,15904.171358,Sphere_10.0_8.0_20250612-133026,Germanium cubic,5.0,0.7,1.6,3550.446942624478,1.7782967,1.7820375,2.0958514,2.2423093,2.4810191,2.6209693,2,3,2,3,3,1,https://zibramax.github.io/FEMViewer/?mesh=https://raw.githubusercontent.com/ZibraMax/non-local-frequencies-nanostructures/refs/heads/main/Esferas_cubic_material\Sphere_10.0_8.0_0.7_20250612-133026.json&mode=6&magnif=6
3.515,8.0,1079000000.0,124000000.0,578000000.0,15751.487218,Sphere_10.0_8.0_20250612-133042,Carbon cubic,5.0,0.7,1.6,12823.342868880141,2.0078785,2.0483822,2.1091243,2.2417217,2.4611339,2.6508396,3,2,2,3,3,1,https://zibramax.github.io/FEMViewer/?mesh=https://raw.githubusercontent.com/ZibraMax/non-local-frequencies-nanostructures/refs/heads/main/Esferas_cubic_material\Sphere_10.0_8.0_0.7_20250612-133042.json&mode=6&magnif=6
2.329,8.0,166000000.0,63900000.0,79600000.0,15708.879306,Sphere_10.0_8.0_20250612-133018,Silicon cubic,5.0,0.8,1.6,5846.174706140654,1.9546665,1.9603141,2.2435338,2.4011582,2.7361401,2.8898426,3,2,2,3,3,1,https://zibramax.github.io/FEMViewer/?mesh=https://raw.githubusercontent.com/ZibraMax/non-local-frequencies-nanostructures/refs/heads/main/Esferas_cubic_material\Sphere_10.0_8.0_0.8_20250612-133018.json&mode=6&magnif=6
5.323,8.0,128900000.0,48300000.0,67099999.99999999,15904.171358,Sphere_10.0_8.0_20250612-133026,Germanium cubic,5.0,0.8,1.6,3550.446942624478,1.8984292,1.9046878,2.2400972,2.3940469,2.6518259,2.8018154,2,3,2,3,3,1,https://zibramax.github.io/FEMViewer/?mesh=https://raw.githubusercontent.com/ZibraMax/non-local-frequencies-nanostructures/refs/heads/main/Esferas_cubic_material\Sphere_10.0_8.0_0.8_20250612-133026.json&mode=6&magnif=6
3.515,8.0,1079000000.0,124000000.0,578000000.0,15751.487218,Sphere_10.0_8.0_20250612-133042,Carbon cubic,5.0,0.8,1.6,12823.342868880141,2.1460712,2.1869552,2.2542789,2.3934546,2.630534,2.8291051,3,2,2,3,3,1,https://zibramax.github.io/FEMViewer/?mesh=https://raw.githubusercontent.com/ZibraMax/non-local-frequencies-nanostructures/refs/heads/main/Esferas_cubic_material\Sphere_10.0_8.0_0.8_20250612-133042.json&mode=6&magnif=6
2.329,8.0,166000000.0,63900000.0,79600000.0,15708.879306,Sphere_10.0_8.0_20250612-133018,Silicon cubic,5.0,0.9,1.6,5846.174706140654,2.0729061,2.0769642,2.379244,2.5442173,2.9016929,3.0650399,3,2,2,3,3,1,https://zibramax.github.io/FEMViewer/?mesh=https://raw.githubusercontent.com/ZibraMax/non-local-frequencies-nanostructures/refs/heads/main/Esferas_cubic_material\Sphere_10.0_8.0_0.9_20250612-133018.json&mode=6&magnif=6
5.323,8.0,128900000.0,48300000.0,67099999.99999999,15904.171358,Sphere_10.0_8.0_20250612-133026,Germanium cubic,5.0,0.9,1.6,3550.446942624478,2.0113943,2.0199043,2.3756004,2.5367165,2.8122776,2.9716762,2,3,2,3,3,1,https://zibramax.github.io/FEMViewer/?mesh=https://raw.githubusercontent.com/ZibraMax/non-local-frequencies-nanostructures/refs/heads/main/Esferas_cubic_material\Sphere_10.0_8.0_0.9_20250612-133026.json&mode=6&magnif=6
3.515,8.0,1079000000.0,124000000.0,578000000.0,15751.487218,Sphere_10.0_8.0_20250612-133042,Carbon cubic,5.0,0.9,1.6,12823.342868880141,2.2758882,2.3172492,2.3906362,2.5361177,2.7896663,2.9967815,3,2,2,3,3,1,https://zibramax.github.io/FEMViewer/?mesh=https://raw.githubusercontent.com/ZibraMax/non-local-frequencies-nanostructures/refs/heads/main/Esferas_cubic_material\Sphere_10.0_8.0_0.9_20250612-133042.json&mode=6&magnif=6
2.329,8.0,166000000.0,63900000.0,79600000.0,15708.879306,Sphere_10.0_8.0_20250612-133018,Silicon cubic,5.0,1.0,1.6,5846.174706140654,2.1847559,2.1873989,2.5076203,2.6796447,3.058297,3.2307505,3,2,2,3,3,1,https://zibramax.github.io/FEMViewer/?mesh=https://raw.githubusercontent.com/ZibraMax/non-local-frequencies-nanostructures/refs/heads/main/Esferas_cubic_material\Sphere_10.0_8.0_1.0_20250612-133018.json&mode=6&magnif=6
5.323,8.0,128900000.0,48300000.0,67099999.99999999,15904.171358,Sphere_10.0_8.0_20250612-133026,Germanium cubic,5.0,1.0,1.6,3550.446942624478,2.1183404,2.1288943,2.503781,2.6717733,2.9640562,3.1323392,2,3,2,3,3,1,https://zibramax.github.io/FEMViewer/?mesh=https://raw.githubusercontent.com/ZibraMax/non-local-frequencies-nanostructures/refs/heads/main/Esferas_cubic_material\Sphere_10.0_8.0_1.0_20250612-133026.json&mode=6&magnif=6
3.515,8.0,1079000000.0,124000000.0,578000000.0,15751.487218,Sphere_10.0_8.0_20250612-133042,Carbon cubic,5.0,1.0,1.6,12823.342868880141,2.3986898,2.4405927,2.5196249,2.6711669,2.9401984,3.1555582,3,2,2,3,3,1,https://zibramax.github.io/FEMViewer/?mesh=https://raw.githubusercontent.com/ZibraMax/non-local-frequencies-nanostructures/refs/heads/main/Esferas_cubic_material\Sphere_10.0_8.0_1.0_20250612-133042.json&mode=6&magnif=6
3.515,1.0,1079000000.0,124000000.0,578000000.0,42779.709986,Sphere_15.0_1.0_20250613-163137,Carbon cubic,7.5,0.7,0.13333333333333333,12823.342868880141,2.1949271,2.291709,2.3280595,2.4977135,2.6957467,2.9938715,3,2,2,3,3,1,https://zibramax.github.io/FEMViewer/?mesh=https://raw.githubusercontent.com/ZibraMax/non-local-frequencies-nanostructures/refs/heads/main/Esferas_cubic_material\Sphere_15.0_1.0_0.7_20250613-163137.json&mode=6&magnif=6
3.515,1.0,1079000000.0,124000000.0,578000000.0,42779.709986,Sphere_15.0_1.0_20250613-163137,Carbon cubic,7.5,0.8,0.13333333333333333,12823.342868880141,2.2511049,2.3292193,2.3869923,2.539724,2.7636523,3.0400427,3,2,2,3,3,1,https://zibramax.github.io/FEMViewer/?mesh=https://raw.githubusercontent.com/ZibraMax/non-local-frequencies-nanostructures/refs/heads/main/Esferas_cubic_material\Sphere_15.0_1.0_0.8_20250613-163137.json&mode=6&magnif=6
3.515,1.0,1079000000.0,124000000.0,578000000.0,42779.709986,Sphere_15.0_1.0_20250613-163137,Carbon cubic,7.5,0.9,0.13333333333333333,12823.342868880141,2.3058856,2.3654988,2.4444697,2.580207,2.8298506,3.0854388,3,2,2,3,3,1,https://zibramax.github.io/FEMViewer/?mesh=https://raw.githubusercontent.com/ZibraMax/non-local-frequencies-nanostructures/refs/heads/main/Esferas_cubic_material\Sphere_15.0_1.0_0.9_20250613-163137.json&mode=6&magnif=6
5.323,1.0,128900000.0,48300000.0,67099999.99999999,42822.688817,Sphere_15.0_1.0_20250613-163837,Germanium cubic,7.5,0.9,0.13333333333333333,3550.446942624478,2.0426225,2.0504105,2.4270925,2.5852224,2.8290351,2.9733319,3,2,2,3,3,1,https://zibramax.github.io/FEMViewer/?mesh=https://raw.githubusercontent.com/ZibraMax/non-local-frequencies-nanostructures/refs/heads/main/Esferas_cubic_material\Sphere_15.0_1.0_0.9_20250613-163837.json&mode=6&magnif=6
2.329,1.0,166000000.0,63900000.0,79600000.0,42972.093397,Sphere_15.0_1.0_20250613-163954,Silicon cubic,7.5,0.9,0.13333333333333333,5846.174706140654,2.0967141,2.1174891,2.4312246,2.5930348,2.9203734,3.0680299,3,2,2,3,3,1,https://zibramax.github.io/FEMViewer/?mesh=https://raw.githubusercontent.com/ZibraMax/non-local-frequencies-nanostructures/refs/heads/main/Esferas_cubic_material\Sphere_15.0_1.0_0.9_20250613-163954.json&mode=6&magnif=6
3.515,1.0,1079000000.0,124000000.0,578000000.0,42779.709986,Sphere_15.0_1.0_20250613-163137,Carbon cubic,7.5,1.0,0.13333333333333333,12823.342868880141,2.359374,2.4007391,2.5006015,2.6194139,2.8944777,3.1301136,3,2,2,3,3,1,https://zibramax.github.io/FEMViewer/?mesh=https://raw.githubusercontent.com/ZibraMax/non-local-frequencies-nanostructures/refs/heads/main/Esferas_cubic_material\Sphere_15.0_1.0_1.0_20250613-163137.json&mode=6&magnif=6
5.323,1.0,128900000.0,48300000.0,67099999.99999999,42822.688817,Sphere_15.0_1.0_20250613-163837,Germanium cubic,7.5,1.0,0.13333333333333333,3550.446942624478,2.0801668,2.0902042,2.4826058,2.6237061,2.8931494,3.0632264,2,3,2,3,3,1,https://zibramax.github.io/FEMViewer/?mesh=https://raw.githubusercontent.com/ZibraMax/non-local-frequencies-nanostructures/refs/heads/main/Esferas_cubic_material\Sphere_15.0_1.0_1.0_20250613-163837.json&mode=6&magnif=6
2.329,1.0,166000000.0,63900000.0,79600000.0,42972.093397,Sphere_15.0_1.0_20250613-163954,Silicon cubic,7.5,1.0,0.13333333333333333,5846.174706140654,2.1455233,2.1481811,2.4868797,2.6313624,2.9864188,3.1607034,3,2,2,3,3,1,https://zibramax.github.io/FEMViewer/?mesh=https://raw.githubusercontent.com/ZibraMax/non-local-frequencies-nanostructures/refs/heads/main/Esferas_cubic_material\Sphere_15.0_1.0_1.0_20250613-163954.json&mode=6&magnif=6
2.329,12.0,166000000.0,63900000.0,79600000.0,15707.926174,Sphere_15.0_12.0_20250612-133018,Silicon cubic,7.5,0.0,1.6,5846.174706140654,0.0139339,0.0139628,0.0140094,0.0140806,0.0141131,0.0141747,3,2,3,3,2,1,https://zibramax.github.io/FEMViewer/?mesh=https://raw.githubusercontent.com/ZibraMax/non-local-frequencies-nanostructures/refs/heads/main/Esferas_cubic_material\Sphere_15.0_12.0_0.0_20250612-133018.json&mode=6&magnif=6
5.323,12.0,128900000.0,48300000.0,67099999.99999999,15880.766171,Sphere_15.0_12.0_20250612-133027,Germanium cubic,7.5,0.0,1.6,3550.446942624478,0.0137311,0.0137596,0.0137992,0.0138093,0.0138414,0.0138988,3,2,3,3,2,1,https://zibramax.github.io/FEMViewer/?mesh=https://raw.githubusercontent.com/ZibraMax/non-local-frequencies-nanostructures/refs/heads/main/Esferas_cubic_material\Sphere_15.0_12.0_0.0_20250612-133027.json&mode=6&magnif=6
3.515,12.0,1079000000.0,124000000.0,578000000.0,15946.779921,Sphere_15.0_12.0_20250612-133044,Carbon cubic,7.5,0.0,1.6,12823.342868880141,0.0137132,0.0137358,0.0137736,0.0138956,0.0139755,0.0139994,3,2,3,3,2,1,https://zibramax.github.io/FEMViewer/?mesh=https://raw.githubusercontent.com/ZibraMax/non-local-frequencies-nanostructures/refs/heads/main/Esferas_cubic_material\Sphere_15.0_12.0_0.0_20250612-133044.json&mode=6&magnif=6
2.329,12.0,166000000.0,63900000.0,79600000.0,15707.926174,Sphere_15.0_12.0_20250612-133018,Silicon cubic,7.5,0.1,1.6,5846.174706140654,0.6979817,0.7362045,0.8011965,0.8977104,0.9761558,1.0238321,3,2,2,3,3,1,https://zibramax.github.io/FEMViewer/?mesh=https://raw.githubusercontent.com/ZibraMax/non-local-frequencies-nanostructures/refs/heads/main/Esferas_cubic_material\Sphere_15.0_12.0_0.1_20250612-133018.json&mode=6&magnif=6
5.323,12.0,128900000.0,48300000.0,67099999.99999999,15880.766171,Sphere_15.0_12.0_20250612-133027,Germanium cubic,7.5,0.1,1.6,3550.446942624478,0.6801319,0.7130136,0.7999488,0.8942419,0.9460665,0.9926437,3,2,2,3,3,1,https://zibramax.github.io/FEMViewer/?mesh=https://raw.githubusercontent.com/ZibraMax/non-local-frequencies-nanostructures/refs/heads/main/Esferas_cubic_material\Sphere_15.0_12.0_0.1_20250612-133027.json&mode=6&magnif=6
3.515,12.0,1079000000.0,124000000.0,578000000.0,15946.779921,Sphere_15.0_12.0_20250612-133044,Carbon cubic,7.5,0.1,1.6,12823.342868880141,0.7663474,0.8050942,0.8176981,0.8933591,0.9391348,1.0777783,3,2,2,3,3,1,https://zibramax.github.io/FEMViewer/?mesh=https://raw.githubusercontent.com/ZibraMax/non-local-frequencies-nanostructures/refs/heads/main/Esferas_cubic_material\Sphere_15.0_12.0_0.1_20250612-133044.json&mode=6&magnif=6
2.329,12.0,166000000.0,63900000.0,79600000.0,15707.926174,Sphere_15.0_12.0_20250612-133018,Silicon cubic,7.5,0.2,1.6,5846.174706140654,0.9815319,1.0077379,1.1266267,1.23202,1.3734203,1.4462062,3,2,2,3,3,1,https://zibramax.github.io/FEMViewer/?mesh=https://raw.githubusercontent.com/ZibraMax/non-local-frequencies-nanostructures/refs/heads/main/Esferas_cubic_material\Sphere_15.0_12.0_0.2_20250612-133018.json&mode=6&magnif=6
5.323,12.0,128900000.0,48300000.0,67099999.99999999,15880.766171,Sphere_15.0_12.0_20250612-133027,Germanium cubic,7.5,0.2,1.6,3550.446942624478,0.9564332,0.975956,1.1248887,1.2279111,1.3310929,1.4021526,3,2,2,3,3,1,https://zibramax.github.io/FEMViewer/?mesh=https://raw.githubusercontent.com/ZibraMax/non-local-frequencies-nanostructures/refs/heads/main/Esferas_cubic_material\Sphere_15.0_12.0_0.2_20250612-133027.json&mode=6&magnif=6
3.515,12.0,1079000000.0,124000000.0,578000000.0,15946.779921,Sphere_15.0_12.0_20250612-133044,Carbon cubic,7.5,0.2,1.6,12823.342868880141,1.0776564,1.1221526,1.1320589,1.2272218,1.3208044,1.4632403,3,2,2,3,3,1,https://zibramax.github.io/FEMViewer/?mesh=https://raw.githubusercontent.com/ZibraMax/non-local-frequencies-nanostructures/refs/heads/main/Esferas_cubic_material\Sphere_15.0_12.0_0.2_20250612-133044.json&mode=6&magnif=6
2.329,12.0,166000000.0,63900000.0,79600000.0,15707.926174,Sphere_15.0_12.0_20250612-133018,Silicon cubic,7.5,0.3,1.6,5846.174706140654,1.1998441,1.219557,1.3771892,1.4922507,1.6791831,1.7705344,3,2,2,3,3,1,https://zibramax.github.io/FEMViewer/?mesh=https://raw.githubusercontent.com/ZibraMax/non-local-frequencies-nanostructures/refs/heads/main/Esferas_cubic_material\Sphere_15.0_12.0_0.3_20250612-133018.json&mode=6&magnif=6
5.323,12.0,128900000.0,48300000.0,67099999.99999999,15880.766171,Sphere_15.0_12.0_20250612-133027,Germanium cubic,7.5,0.3,1.6,3550.446942624478,1.169164,1.1810783,1.3750713,1.4875255,1.6274354,1.7166018,3,2,2,3,3,1,https://zibramax.github.io/FEMViewer/?mesh=https://raw.githubusercontent.com/ZibraMax/non-local-frequencies-nanostructures/refs/heads/main/Esferas_cubic_material\Sphere_15.0_12.0_0.3_20250612-133027.json&mode=6&magnif=6
3.515,12.0,1079000000.0,124000000.0,578000000.0,15946.779921,Sphere_15.0_12.0_20250612-133044,Carbon cubic,7.5,0.3,1.6,12823.342868880141,1.3173427,1.3591558,1.3838097,1.4869001,1.6146392,1.7660019,3,2,2,3,3,1,https://zibramax.github.io/FEMViewer/?mesh=https://raw.githubusercontent.com/ZibraMax/non-local-frequencies-nanostructures/refs/heads/main/Esferas_cubic_material\Sphere_15.0_12.0_0.3_20250612-133044.json&mode=6&magnif=6
2.329,12.0,166000000.0,63900000.0,79600000.0,15707.926174,Sphere_15.0_12.0_20250612-133018,Silicon cubic,7.5,0.4,1.6,5846.174706140654,1.3841407,1.3995181,1.5887133,1.7131732,1.9372716,2.0440332,3,2,2,3,3,1,https://zibramax.github.io/FEMViewer/?mesh=https://raw.githubusercontent.com/ZibraMax/non-local-frequencies-nanostructures/refs/heads/main/Esferas_cubic_material\Sphere_15.0_12.0_0.4_20250612-133018.json&mode=6&magnif=6
5.323,12.0,128900000.0,48300000.0,67099999.99999999,15880.766171,Sphere_15.0_12.0_20250612-133027,Germanium cubic,7.5,0.4,1.6,3550.446942624478,1.3487488,1.3553517,1.586274,1.7078902,1.877572,1.9817697,3,2,2,3,3,1,https://zibramax.github.io/FEMViewer/?mesh=https://raw.githubusercontent.com/ZibraMax/non-local-frequencies-nanostructures/refs/heads/main/Esferas_cubic_material\Sphere_15.0_12.0_0.4_20250612-133027.json&mode=6&magnif=6
3.515,12.0,1079000000.0,124000000.0,578000000.0,15946.779921,Sphere_15.0_12.0_20250612-133044,Carbon cubic,7.5,0.4,1.6,12823.342868880141,1.5196837,1.5603622,1.5963393,1.7072913,1.8626839,2.0238585,3,2,2,3,3,1,https://zibramax.github.io/FEMViewer/?mesh=https://raw.githubusercontent.com/ZibraMax/non-local-frequencies-nanostructures/refs/heads/main/Esferas_cubic_material\Sphere_15.0_12.0_0.4_20250612-133044.json&mode=6&magnif=6
2.329,12.0,166000000.0,63900000.0,79600000.0,15707.926174,Sphere_15.0_12.0_20250612-133018,Silicon cubic,7.5,0.5,1.6,5846.174706140654,1.5466301,1.5587815,1.7752096,1.9086103,2.1648056,2.2850276,3,2,2,3,3,1,https://zibramax.github.io/FEMViewer/?mesh=https://raw.githubusercontent.com/ZibraMax/non-local-frequencies-nanostructures/refs/heads/main/Esferas_cubic_material\Sphere_15.0_12.0_0.5_20250612-133018.json&mode=6&magnif=6
5.323,12.0,128900000.0,48300000.0,67099999.99999999,15880.766171,Sphere_15.0_12.0_20250612-133027,Germanium cubic,7.5,0.5,1.6,3550.446942624478,1.5070838,1.5095825,1.7724865,1.9028184,2.0980954,2.2154234,3,2,2,3,3,1,https://zibramax.github.io/FEMViewer/?mesh=https://raw.githubusercontent.com/ZibraMax/non-local-frequencies-nanostructures/refs/heads/main/Esferas_cubic_material\Sphere_15.0_12.0_0.5_20250612-133027.json&mode=6&magnif=6
3.515,12.0,1079000000.0,124000000.0,578000000.0,15946.779921,Sphere_15.0_12.0_20250612-133044,Carbon cubic,7.5,0.5,1.6,12823.342868880141,1.6980827,1.7383587,1.7837231,1.9022301,2.0813749,2.2523462,3,2,2,3,3,1,https://zibramax.github.io/FEMViewer/?mesh=https://raw.githubusercontent.com/ZibraMax/non-local-frequencies-nanostructures/refs/heads/main/Esferas_cubic_material\Sphere_15.0_12.0_0.5_20250612-133044.json&mode=6&magnif=6
2.329,12.0,166000000.0,63900000.0,79600000.0,15707.926174,Sphere_15.0_12.0_20250612-133018,Silicon cubic,7.5,0.6,1.6,5846.174706140654,1.6936008,1.7031901,1.9438949,2.0857764,2.3705999,2.5029245,3,2,2,3,3,1,https://zibramax.github.io/FEMViewer/?mesh=https://raw.githubusercontent.com/ZibraMax/non-local-frequencies-nanostructures/refs/heads/main/Esferas_cubic_material\Sphere_15.0_12.0_0.6_20250612-133018.json&mode=6&magnif=6
5.323,12.0,128900000.0,48300000.0,67099999.99999999,15880.766171,Sphere_15.0_12.0_20250612-133027,Germanium cubic,7.5,0.6,1.6,3550.446942624478,1.6494284,1.6502969,1.9409149,2.0795148,2.2975488,2.426683,2,3,2,3,3,1,https://zibramax.github.io/FEMViewer/?mesh=https://raw.githubusercontent.com/ZibraMax/non-local-frequencies-nanostructures/refs/heads/main/Esferas_cubic_material\Sphere_15.0_12.0_0.6_20250612-133027.json&mode=6&magnif=6
3.515,12.0,1079000000.0,124000000.0,578000000.0,15946.779921,Sphere_15.0_12.0_20250612-133044,Carbon cubic,7.5,0.6,1.6,12823.342868880141,1.8594436,1.8997154,1.9532119,2.0789291,2.2791777,2.4596815,3,2,2,3,3,1,https://zibramax.github.io/FEMViewer/?mesh=https://raw.githubusercontent.com/ZibraMax/non-local-frequencies-nanostructures/refs/heads/main/Esferas_cubic_material\Sphere_15.0_12.0_0.6_20250612-133044.json&mode=6&magnif=6
2.329,12.0,166000000.0,63900000.0,79600000.0,15707.926174,Sphere_15.0_12.0_20250612-133018,Silicon cubic,7.5,0.7,1.6,5846.174706140654,1.8287981,1.8362627,2.0990678,2.2490088,2.559903,2.7033147,3,2,2,3,3,1,https://zibramax.github.io/FEMViewer/?mesh=https://raw.githubusercontent.com/ZibraMax/non-local-frequencies-nanostructures/refs/heads/main/Esferas_cubic_material\Sphere_15.0_12.0_0.7_20250612-133018.json&mode=6&magnif=6
5.323,12.0,128900000.0,48300000.0,67099999.99999999,15880.766171,Sphere_15.0_12.0_20250612-133027,Germanium cubic,7.5,0.7,1.6,3550.446942624478,1.7782967,1.7820375,2.0958514,2.2423093,2.4810191,2.6209693,2,3,2,3,3,1,https://zibramax.github.io/FEMViewer/?mesh=https://raw.githubusercontent.com/ZibraMax/non-local-frequencies-nanostructures/refs/heads/main/Esferas_cubic_material\Sphere_15.0_12.0_0.7_20250612-133027.json&mode=6&magnif=6
3.515,12.0,1079000000.0,124000000.0,578000000.0,15946.779921,Sphere_15.0_12.0_20250612-133044,Carbon cubic,7.5,0.7,1.6,12823.342868880141,2.0078785,2.0483822,2.1091243,2.2417217,2.4611339,2.6508396,3,2,2,3,3,1,https://zibramax.github.io/FEMViewer/?mesh=https://raw.githubusercontent.com/ZibraMax/non-local-frequencies-nanostructures/refs/heads/main/Esferas_cubic_material\Sphere_15.0_12.0_0.7_20250612-133044.json&mode=6&magnif=6
2.329,12.0,166000000.0,63900000.0,79600000.0,15707.926174,Sphere_15.0_12.0_20250612-133018,Silicon cubic,7.5,0.8,1.6,5846.174706140654,1.9546665,1.9603141,2.2435338,2.4011582,2.7361401,2.8898426,3,2,2,3,3,1,https://zibramax.github.io/FEMViewer/?mesh=https://raw.githubusercontent.com/ZibraMax/non-local-frequencies-nanostructures/refs/heads/main/Esferas_cubic_material\Sphere_15.0_12.0_0.8_20250612-133018.json&mode=6&magnif=6
5.323,12.0,128900000.0,48300000.0,67099999.99999999,15880.766171,Sphere_15.0_12.0_20250612-133027,Germanium cubic,7.5,0.8,1.6,3550.446942624478,1.8984292,1.9046878,2.2400972,2.3940469,2.6518259,2.8018154,2,3,2,3,3,1,https://zibramax.github.io/FEMViewer/?mesh=https://raw.githubusercontent.com/ZibraMax/non-local-frequencies-nanostructures/refs/heads/main/Esferas_cubic_material\Sphere_15.0_12.0_0.8_20250612-133027.json&mode=6&magnif=6
3.515,12.0,1079000000.0,124000000.0,578000000.0,15946.779921,Sphere_15.0_12.0_20250612-133044,Carbon cubic,7.5,0.8,1.6,12823.342868880141,2.1460712,2.1869552,2.2542789,2.3934546,2.630534,2.8291051,3,2,2,3,3,1,https://zibramax.github.io/FEMViewer/?mesh=https://raw.githubusercontent.com/ZibraMax/non-local-frequencies-nanostructures/refs/heads/main/Esferas_cubic_material\Sphere_15.0_12.0_0.8_20250612-133044.json&mode=6&magnif=6
2.329,12.0,166000000.0,63900000.0,79600000.0,15707.926174,Sphere_15.0_12.0_20250612-133018,Silicon cubic,7.5,0.9,1.6,5846.174706140654,2.0729061,2.0769642,2.379244,2.5442173,2.9016929,3.0650399,3,2,2,3,3,1,https://zibramax.github.io/FEMViewer/?mesh=https://raw.githubusercontent.com/ZibraMax/non-local-frequencies-nanostructures/refs/heads/main/Esferas_cubic_material\Sphere_15.0_12.0_0.9_20250612-133018.json&mode=6&magnif=6
5.323,12.0,128900000.0,48300000.0,67099999.99999999,15880.766171,Sphere_15.0_12.0_20250612-133027,Germanium cubic,7.5,0.9,1.6,3550.446942624478,2.0113943,2.0199043,2.3756004,2.5367165,2.8122776,2.9716762,2,3,2,3,3,1,https://zibramax.github.io/FEMViewer/?mesh=https://raw.githubusercontent.com/ZibraMax/non-local-frequencies-nanostructures/refs/heads/main/Esferas_cubic_material\Sphere_15.0_12.0_0.9_20250612-133027.json&mode=6&magnif=6
3.515,12.0,1079000000.0,124000000.0,578000000.0,15946.779921,Sphere_15.0_12.0_20250612-133044,Carbon cubic,7.5,0.9,1.6,12823.342868880141,2.2758882,2.3172492,2.3906362,2.5361177,2.7896663,2.9967815,3,2,2,3,3,1,https://zibramax.github.io/FEMViewer/?mesh=https://raw.githubusercontent.com/ZibraMax/non-local-frequencies-nanostructures/refs/heads/main/Esferas_cubic_material\Sphere_15.0_12.0_0.9_20250612-133044.json&mode=6&magnif=6
2.329,12.0,166000000.0,63900000.0,79600000.0,15707.926174,Sphere_15.0_12.0_20250612-133018,Silicon cubic,7.5,1.0,1.6,5846.174706140654,2.1847559,2.1873989,2.5076203,2.6796447,3.058297,3.2307505,3,2,2,3,3,1,https://zibramax.github.io/FEMViewer/?mesh=https://raw.githubusercontent.com/ZibraMax/non-local-frequencies-nanostructures/refs/heads/main/Esferas_cubic_material\Sphere_15.0_12.0_1.0_20250612-133018.json&mode=6&magnif=6
5.323,12.0,128900000.0,48300000.0,67099999.99999999,15880.766171,Sphere_15.0_12.0_20250612-133027,Germanium cubic,7.5,1.0,1.6,3550.446942624478,2.1183404,2.1288943,2.503781,2.6717733,2.9640562,3.1323392,2,3,2,3,3,1,https://zibramax.github.io/FEMViewer/?mesh=https://raw.githubusercontent.com/ZibraMax/non-local-frequencies-nanostructures/refs/heads/main/Esferas_cubic_material\Sphere_15.0_12.0_1.0_20250612-133027.json&mode=6&magnif=6
3.515,12.0,1079000000.0,124000000.0,578000000.0,15946.779921,Sphere_15.0_12.0_20250612-133044,Carbon cubic,7.5,1.0,1.6,12823.342868880141,2.3986898,2.4405927,2.5196249,2.6711669,2.9401984,3.1555582,3,2,2,3,3,1,https://zibramax.github.io/FEMViewer/?mesh=https://raw.githubusercontent.com/ZibraMax/non-local-frequencies-nanostructures/refs/heads/main/Esferas_cubic_material\Sphere_15.0_12.0_1.0_20250612-133044.json&mode=6&magnif=6
3.515,2.0,1079000000.0,124000000.0,578000000.0,4450.62317,Sphere_15.0_2.0_20250613-144110,Carbon cubic,7.5,0.0,0.26666666666666666,12823.342868880141,0.4835994,0.4848639,0.485235,0.4918584,0.4918891,-,2,3,3,3,3,-,https://zibramax.github.io/FEMViewer/?mesh=https://raw.githubusercontent.com/ZibraMax/non-local-frequencies-nanostructures/refs/heads/main/Esferas_cubic_material\Sphere_15.0_2.0_0.0_20250613-144110.json&mode=6&magnif=6
5.323,2.0,128900000.0,48300000.0,67099999.99999999,4248.294936,Sphere_15.0_2.0_20250613-145532,Germanium cubic,7.5,0.0,0.26666666666666666,3550.446942624478,0.4841196,0.4852322,0.4862835,0.488767,0.4896053,-,2,3,3,3,3,-,https://zibramax.github.io/FEMViewer/?mesh=https://raw.githubusercontent.com/ZibraMax/non-local-frequencies-nanostructures/refs/heads/main/Esferas_cubic_material\Sphere_15.0_2.0_0.0_20250613-145532.json&mode=6&magnif=6
2.329,2.0,166000000.0,63900000.0,79600000.0,4155.070762,Sphere_15.0_2.0_20250613-150048,Silicon cubic,7.5,0.0,0.26666666666666666,5846.174706140654,0.4915086,0.4923134,0.4938293,0.4983945,0.4990871,-,2,3,3,3,3,-,https://zibramax.github.io/FEMViewer/?mesh=https://raw.githubusercontent.com/ZibraMax/non-local-frequencies-nanostructures/refs/heads/main/Esferas_cubic_material\Sphere_15.0_2.0_0.0_20250613-150048.json&mode=6&magnif=6
3.515,2.0,1079000000.0,124000000.0,578000000.0,4450.62317,Sphere_15.0_2.0_20250613-144110,Carbon cubic,7.5,0.1,0.26666666666666666,12823.342868880141,1.3595513,1.4352985,1.4988273,1.6043192,1.6553538,1.6948598,3,2,2,3,3,1,https://zibramax.github.io/FEMViewer/?mesh=https://raw.githubusercontent.com/ZibraMax/non-local-frequencies-nanostructures/refs/heads/main/Esferas_cubic_material\Sphere_15.0_2.0_0.1_20250613-144110.json&mode=6&magnif=6
5.323,2.0,128900000.0,48300000.0,67099999.99999999,4248.294936,Sphere_15.0_2.0_20250613-145532,Germanium cubic,7.5,0.1,0.26666666666666666,3550.446942624478,1.2040233,1.3530643,1.4224794,1.4604214,1.5864748,1.5974386,3,2,2,1,3,1,https://zibramax.github.io/FEMViewer/?mesh=https://raw.githubusercontent.com/ZibraMax/non-local-frequencies-nanostructures/refs/heads/main/Esferas_cubic_material\Sphere_15.0_2.0_0.1_20250613-145532.json&mode=6&magnif=6
2.329,2.0,166000000.0,63900000.0,79600000.0,4155.070762,Sphere_15.0_2.0_20250613-150048,Silicon cubic,7.5,0.1,0.26666666666666666,5846.174706140654,1.2360475,1.3976448,1.4257566,1.5068243,1.6139678,1.6497996,3,2,2,1,3,1,https://zibramax.github.io/FEMViewer/?mesh=https://raw.githubusercontent.com/ZibraMax/non-local-frequencies-nanostructures/refs/heads/main/Esferas_cubic_material\Sphere_15.0_2.0_0.1_20250613-150048.json&mode=6&magnif=6
3.515,2.0,1079000000.0,124000000.0,578000000.0,4450.62317,Sphere_15.0_2.0_20250613-144110,Carbon cubic,7.5,0.2,0.26666666666666666,12823.342868880141,1.5143128,1.5971301,1.6906817,1.8251299,1.852905,2.0067335,3,2,2,3,3,1,https://zibramax.github.io/FEMViewer/?mesh=https://raw.githubusercontent.com/ZibraMax/non-local-frequencies-nanostructures/refs/heads/main/Esferas_cubic_material\Sphere_15.0_2.0_0.2_20250613-144110.json&mode=6&magnif=6
5.323,2.0,128900000.0,48300000.0,67099999.99999999,4248.294936,Sphere_15.0_2.0_20250613-145532,Germanium cubic,7.5,0.2,0.26666666666666666,3550.446942624478,1.3419626,1.5020059,1.5852307,1.7306014,1.8279654,1.8374899,3,2,2,1,3,1,https://zibramax.github.io/FEMViewer/?mesh=https://raw.githubusercontent.com/ZibraMax/non-local-frequencies-nanostructures/refs/heads/main/Esferas_cubic_material\Sphere_15.0_2.0_0.2_20250613-145532.json&mode=6&magnif=6
2.329,2.0,166000000.0,63900000.0,79600000.0,4155.070762,Sphere_15.0_2.0_20250613-150048,Silicon cubic,7.5,0.2,0.26666666666666666,5846.174706140654,1.377499,1.551182,1.5881868,1.7854323,1.84788,1.8973393,3,2,2,1,3,1,https://zibramax.github.io/FEMViewer/?mesh=https://raw.githubusercontent.com/ZibraMax/non-local-frequencies-nanostructures/refs/heads/main/Esferas_cubic_material\Sphere_15.0_2.0_0.2_20250613-150048.json&mode=6&magnif=6
3.515,2.0,1079000000.0,124000000.0,578000000.0,4450.62317,Sphere_15.0_2.0_20250613-144110,Carbon cubic,7.5,0.3,0.26666666666666666,12823.342868880141,1.6522235,1.7409916,1.8308216,1.9865928,2.0239858,2.2739066,3,2,2,3,3,1,https://zibramax.github.io/FEMViewer/?mesh=https://raw.githubusercontent.com/ZibraMax/non-local-frequencies-nanostructures/refs/heads/main/Esferas_cubic_material\Sphere_15.0_2.0_0.3_20250613-144110.json&mode=6&magnif=6
5.323,2.0,128900000.0,48300000.0,67099999.99999999,4248.294936,Sphere_15.0_2.0_20250613-145532,Germanium cubic,7.5,0.3,0.26666666666666666,3550.446942624478,1.4647747,1.6120136,1.7289347,1.962171,1.9933607,2.0227837,3,2,2,1,3,1,https://zibramax.github.io/FEMViewer/?mesh=https://raw.githubusercontent.com/ZibraMax/non-local-frequencies-nanostructures/refs/heads/main/Esferas_cubic_material\Sphere_15.0_2.0_0.3_20250613-145532.json&mode=6&magnif=6
2.329,2.0,166000000.0,63900000.0,79600000.0,4155.070762,Sphere_15.0_2.0_20250613-150048,Silicon cubic,7.5,0.3,0.26666666666666666,5846.174706140654,1.5034649,1.6646759,1.731899,2.0075941,2.0241937,2.0880706,3,2,2,3,1,1,https://zibramax.github.io/FEMViewer/?mesh=https://raw.githubusercontent.com/ZibraMax/non-local-frequencies-nanostructures/refs/heads/main/Esferas_cubic_material\Sphere_15.0_2.0_0.3_20250613-150048.json&mode=6&magnif=6
3.515,2.0,1079000000.0,124000000.0,578000000.0,4450.62317,Sphere_15.0_2.0_20250613-144110,Carbon cubic,7.5,0.4,0.26666666666666666,12823.342868880141,1.7787115,1.8728732,1.9448097,2.1167332,2.1798463,2.51219,3,2,2,3,3,1,https://zibramax.github.io/FEMViewer/?mesh=https://raw.githubusercontent.com/ZibraMax/non-local-frequencies-nanostructures/refs/heads/main/Esferas_cubic_material\Sphere_15.0_2.0_0.4_20250613-144110.json&mode=6&magnif=6
5.323,2.0,128900000.0,48300000.0,67099999.99999999,4248.294936,Sphere_15.0_2.0_20250613-145532,Germanium cubic,7.5,0.4,0.26666666666666666,3550.446942624478,1.577368,1.7035973,1.8603767,2.1228229,2.1686743,2.1860627,3,2,2,3,1,1,https://zibramax.github.io/FEMViewer/?mesh=https://raw.githubusercontent.com/ZibraMax/non-local-frequencies-nanostructures/refs/heads/main/Esferas_cubic_material\Sphere_15.0_2.0_0.4_20250613-145532.json&mode=6&magnif=6
2.329,2.0,166000000.0,63900000.0,79600000.0,4155.070762,Sphere_15.0_2.0_20250613-150048,Silicon cubic,7.5,0.4,0.26666666666666666,5846.174706140654,1.618959,1.7592017,1.863433,2.1343107,2.2371094,2.2562582,3,2,2,3,1,1,https://zibramax.github.io/FEMViewer/?mesh=https://raw.githubusercontent.com/ZibraMax/non-local-frequencies-nanostructures/refs/heads/main/Esferas_cubic_material\Sphere_15.0_2.0_0.4_20250613-150048.json&mode=6&magnif=6
3.515,2.0,1079000000.0,124000000.0,578000000.0,4450.62317,Sphere_15.0_2.0_20250613-144110,Carbon cubic,7.5,0.5,0.26666666666666666,12823.342868880141,1.8964517,1.9956375,2.0439435,2.2288742,2.3245283,2.6947347,3,2,2,3,3,1,https://zibramax.github.io/FEMViewer/?mesh=https://raw.githubusercontent.com/ZibraMax/non-local-frequencies-nanostructures/refs/heads/main/Esferas_cubic_material\Sphere_15.0_2.0_0.5_20250613-144110.json&mode=6&magnif=6
5.323,2.0,128900000.0,48300000.0,67099999.99999999,4248.294936,Sphere_15.0_2.0_20250613-145532,Germanium cubic,7.5,0.5,0.26666666666666666,3550.446942624478,1.6821462,1.7847689,1.9826065,2.2336668,2.3355872,2.3569627,3,2,2,3,3,1,https://zibramax.github.io/FEMViewer/?mesh=https://raw.githubusercontent.com/ZibraMax/non-local-frequencies-nanostructures/refs/heads/main/Esferas_cubic_material\Sphere_15.0_2.0_0.5_20250613-145532.json&mode=6&magnif=6
2.329,2.0,166000000.0,63900000.0,79600000.0,4155.070762,Sphere_15.0_2.0_20250613-150048,Silicon cubic,7.5,0.5,0.26666666666666666,5846.174706140654,1.7264419,1.8429972,1.9857835,2.2436836,2.4103451,2.4312477,3,2,2,3,3,1,https://zibramax.github.io/FEMViewer/?mesh=https://raw.githubusercontent.com/ZibraMax/non-local-frequencies-nanostructures/refs/heads/main/Esferas_cubic_material\Sphere_15.0_2.0_0.5_20250613-150048.json&mode=6&magnif=6
3.515,2.0,1079000000.0,124000000.0,578000000.0,4450.62317,Sphere_15.0_2.0_20250613-144110,Carbon cubic,7.5,0.6,0.26666666666666666,12823.342868880141,2.0071271,2.1110569,2.1336428,2.3296283,2.4603403,2.7941255,3,2,2,3,3,1,https://zibramax.github.io/FEMViewer/?mesh=https://raw.githubusercontent.com/ZibraMax/non-local-frequencies-nanostructures/refs/heads/main/Esferas_cubic_material\Sphere_15.0_2.0_0.6_20250613-144110.json&mode=6&magnif=6
5.323,2.0,128900000.0,48300000.0,67099999.99999999,4248.294936,Sphere_15.0_2.0_20250613-145532,Germanium cubic,7.5,0.6,0.26666666666666666,3550.446942624478,1.7806178,1.8592055,2.0974594,2.3332388,2.4749804,2.5311902,3,2,2,3,3,1,https://zibramax.github.io/FEMViewer/?mesh=https://raw.githubusercontent.com/ZibraMax/non-local-frequencies-nanostructures/refs/heads/main/Esferas_cubic_material\Sphere_15.0_2.0_0.6_20250613-145532.json&mode=6&magnif=6
2.329,2.0,166000000.0,63900000.0,79600000.0,4155.070762,Sphere_15.0_2.0_20250613-150048,Silicon cubic,7.5,0.6,0.26666666666666666,5846.174706140654,1.8274587,1.919847,2.1007677,2.342388,2.5540278,2.6108914,3,2,2,3,3,1,https://zibramax.github.io/FEMViewer/?mesh=https://raw.githubusercontent.com/ZibraMax/non-local-frequencies-nanostructures/refs/heads/main/Esferas_cubic_material\Sphere_15.0_2.0_0.6_20250613-150048.json&mode=6&magnif=6
3.515,2.0,1079000000.0,124000000.0,578000000.0,4450.62317,Sphere_15.0_2.0_20250613-144110,Carbon cubic,7.5,0.7,0.26666666666666666,12823.342868880141,2.1119127,2.2167765,2.2203588,2.4225344,2.5888243,2.8893498,3,2,2,3,3,1,https://zibramax.github.io/FEMViewer/?mesh=https://raw.githubusercontent.com/ZibraMax/non-local-frequencies-nanostructures/refs/heads/main/Esferas_cubic_material\Sphere_15.0_2.0_0.7_20250613-144110.json&mode=6&magnif=6
5.323,2.0,128900000.0,48300000.0,67099999.99999999,4248.294936,Sphere_15.0_2.0_20250613-145532,Germanium cubic,7.5,0.7,0.26666666666666666,3550.446942624478,1.8738347,1.9288387,2.2061884,2.4251669,2.6063243,2.6941224,3,2,2,3,3,1,https://zibramax.github.io/FEMViewer/?mesh=https://raw.githubusercontent.com/ZibraMax/non-local-frequencies-nanostructures/refs/heads/main/Esferas_cubic_material\Sphere_15.0_2.0_0.7_20250613-145532.json&mode=6&magnif=6
2.329,2.0,166000000.0,63900000.0,79600000.0,4155.070762,Sphere_15.0_2.0_20250613-150048,Silicon cubic,7.5,0.7,0.26666666666666666,5846.174706140654,1.9230875,1.9917405,2.209631,2.4337727,2.689435,2.7788915,3,2,2,3,3,1,https://zibramax.github.io/FEMViewer/?mesh=https://raw.githubusercontent.com/ZibraMax/non-local-frequencies-nanostructures/refs/heads/main/Esferas_cubic_material\Sphere_15.0_2.0_0.7_20250613-150048.json&mode=6&magnif=6
3.515,2.0,1079000000.0,124000000.0,578000000.0,4450.62317,Sphere_15.0_2.0_20250613-144110,Carbon cubic,7.5,0.8,0.26666666666666666,12823.342868880141,2.2116786,2.2950083,2.3244483,2.5096448,2.7110949,2.9810442,3,2,2,3,3,1,https://zibramax.github.io/FEMViewer/?mesh=https://raw.githubusercontent.com/ZibraMax/non-local-frequencies-nanostructures/refs/heads/main/Esferas_cubic_material\Sphere_15.0_2.0_0.8_20250613-144110.json&mode=6&magnif=6
5.323,2.0,128900000.0,48300000.0,67099999.99999999,4248.294936,Sphere_15.0_2.0_20250613-145532,Germanium cubic,7.5,0.8,0.26666666666666666,3550.446942624478,1.9625749,1.9947979,2.3097096,2.511476,2.7309977,2.8477164,3,2,2,3,3,1,https://zibramax.github.io/FEMViewer/?mesh=https://raw.githubusercontent.com/ZibraMax/non-local-frequencies-nanostructures/refs/heads/main/Esferas_cubic_material\Sphere_15.0_2.0_0.8_20250613-145532.json&mode=6&magnif=6
2.329,2.0,166000000.0,63900000.0,79600000.0,4155.070762,Sphere_15.0_2.0_20250613-150048,Silicon cubic,7.5,0.8,0.26666666666666666,5846.174706140654,2.0141257,2.0598421,2.3132864,2.5197295,2.8179788,2.9372652,3,2,2,3,3,1,https://zibramax.github.io/FEMViewer/?mesh=https://raw.githubusercontent.com/ZibraMax/non-local-frequencies-nanostructures/refs/heads/main/Esferas_cubic_material\Sphere_15.0_2.0_0.8_20250613-150048.json&mode=6&magnif=6
3.515,2.0,1079000000.0,124000000.0,578000000.0,4450.62317,Sphere_15.0_2.0_20250613-144110,Carbon cubic,7.5,0.9,0.26666666666666666,12823.342868880141,2.3070942,2.3693813,2.4240204,2.5922392,2.8279983,3.0696649,3,2,2,3,3,1,https://zibramax.github.io/FEMViewer/?mesh=https://raw.githubusercontent.com/ZibraMax/non-local-frequencies-nanostructures/refs/heads/main/Esferas_cubic_material\Sphere_15.0_2.0_0.9_20250613-144110.json&mode=6&magnif=6
5.323,2.0,128900000.0,48300000.0,67099999.99999999,4248.294936,Sphere_15.0_2.0_20250613-145532,Germanium cubic,7.5,0.9,0.26666666666666666,3550.446942624478,2.0474369,2.0578019,2.4087231,2.593406,2.8499914,2.9934197,3,2,2,3,3,1,https://zibramax.github.io/FEMViewer/?mesh=https://raw.githubusercontent.com/ZibraMax/non-local-frequencies-nanostructures/refs/heads/main/Esferas_cubic_material\Sphere_15.0_2.0_0.9_20250613-145532.json&mode=6&magnif=6
2.329,2.0,166000000.0,63900000.0,79600000.0,4155.070762,Sphere_15.0_2.0_20250613-150048,Silicon cubic,7.5,0.9,0.26666666666666666,5846.174706140654,2.1011866,2.1248932,2.4124325,2.6014282,2.9406758,3.0875046,3,2,2,3,3,1,https://zibramax.github.io/FEMViewer/?mesh=https://raw.githubusercontent.com/ZibraMax/non-local-frequencies-nanostructures/refs/heads/main/Esferas_cubic_material\Sphere_15.0_2.0_0.9_20250613-150048.json&mode=6&magnif=6
3.515,2.0,1079000000.0,124000000.0,578000000.0,4450.62317,Sphere_15.0_2.0_20250613-144110,Carbon cubic,7.5,1.0,0.26666666666666666,12823.342868880141,2.3986898,2.4405927,2.5196249,2.6711669,2.9401984,3.1555582,3,2,2,3,3,1,https://zibramax.github.io/FEMViewer/?mesh=https://raw.githubusercontent.com/ZibraMax/non-local-frequencies-nanostructures/refs/heads/main/Esferas_cubic_material\Sphere_15.0_2.0_1.0_20250613-144110.json&mode=6&magnif=6
5.323,2.0,128900000.0,48300000.0,67099999.99999999,4248.294936,Sphere_15.0_2.0_20250613-145532,Germanium cubic,7.5,1.0,0.26666666666666666,3550.446942624478,2.1183404,2.1288943,2.503781,2.6717733,2.9640562,3.1323392,2,3,2,3,3,1,https://zibramax.github.io/FEMViewer/?mesh=https://raw.githubusercontent.com/ZibraMax/non-local-frequencies-nanostructures/refs/heads/main/Esferas_cubic_material\Sphere_15.0_2.0_1.0_20250613-145532.json&mode=6&magnif=6
2.329,2.0,166000000.0,63900000.0,79600000.0,4155.070762,Sphere_15.0_2.0_20250613-150048,Silicon cubic,7.5,1.0,0.26666666666666666,5846.174706140654,2.1847559,2.1873989,2.5076203,2.6796447,3.058297,3.2307505,3,2,2,3,3,1,https://zibramax.github.io/FEMViewer/?mesh=https://raw.githubusercontent.com/ZibraMax/non-local-frequencies-nanostructures/refs/heads/main/Esferas_cubic_material\Sphere_15.0_2.0_1.0_20250613-150048.json&mode=6&magnif=6
2.329,3.0,166000000.0,63900000.0,79600000.0,15742.872961,Sphere_15.0_3.0_20250612-133015,Silicon cubic,7.5,0.0,0.4,5846.174706140654,0.2211175,0.2215593,0.2222667,0.2234237,0.22406,0.2249235,3,2,3,3,2,1,https://zibramax.github.io/FEMViewer/?mesh=https://raw.githubusercontent.com/ZibraMax/non-local-frequencies-nanostructures/refs/heads/main/Esferas_cubic_material\Sphere_15.0_3.0_0.0_20250612-133015.json&mode=6&magnif=6
5.323,3.0,128900000.0,48300000.0,67099999.99999999,15734.252198,Sphere_15.0_3.0_20250612-133021,Germanium cubic,7.5,0.0,0.4,3550.446942624478,0.2178918,0.2183107,0.2189248,0.2191625,0.2197704,0.2205732,3,2,3,3,2,1,https://zibramax.github.io/FEMViewer/?mesh=https://raw.githubusercontent.com/ZibraMax/non-local-frequencies-nanostructures/refs/heads/main/Esferas_cubic_material\Sphere_15.0_3.0_0.0_20250612-133021.json&mode=6&magnif=6
3.515,3.0,1079000000.0,124000000.0,578000000.0,15726.344046,Sphere_15.0_3.0_20250612-133033,Carbon cubic,7.5,0.0,0.4,12823.342868880141,0.2176036,0.2179724,0.2185032,0.2203791,0.2215234,0.2219129,3,2,3,3,2,1,https://zibramax.github.io/FEMViewer/?mesh=https://raw.githubusercontent.com/ZibraMax/non-local-frequencies-nanostructures/refs/heads/main/Esferas_cubic_material\Sphere_15.0_3.0_0.0_20250612-133033.json&mode=6&magnif=6
2.329,3.0,166000000.0,63900000.0,79600000.0,15742.872961,Sphere_15.0_3.0_20250612-133015,Silicon cubic,7.5,0.1,0.4,5846.174706140654,0.9876318,1.1303719,1.1362409,1.228115,1.3069879,1.3373606,3,2,2,1,3,1,https://zibramax.github.io/FEMViewer/?mesh=https://raw.githubusercontent.com/ZibraMax/non-local-frequencies-nanostructures/refs/heads/main/Esferas_cubic_material\Sphere_15.0_3.0_0.1_20250612-133015.json&mode=6&magnif=6
5.323,3.0,128900000.0,48300000.0,67099999.99999999,15734.252198,Sphere_15.0_3.0_20250612-133021,Germanium cubic,7.5,0.1,0.4,3550.446942624478,0.9621806,1.0945833,1.133667,1.1905157,1.2859548,1.2951746,3,2,2,1,3,1,https://zibramax.github.io/FEMViewer/?mesh=https://raw.githubusercontent.com/ZibraMax/non-local-frequencies-nanostructures/refs/heads/main/Esferas_cubic_material\Sphere_15.0_3.0_0.1_20250612-133021.json&mode=6&magnif=6
3.515,3.0,1079000000.0,124000000.0,578000000.0,15726.344046,Sphere_15.0_3.0_20250612-133033,Carbon cubic,7.5,0.1,0.4,12823.342868880141,1.0854605,1.1439089,1.2105519,1.2979213,1.3223819,1.3794458,3,2,2,3,3,1,https://zibramax.github.io/FEMViewer/?mesh=https://raw.githubusercontent.com/ZibraMax/non-local-frequencies-nanostructures/refs/heads/main/Esferas_cubic_material\Sphere_15.0_3.0_0.1_20250612-133033.json&mode=6&magnif=6
2.329,3.0,166000000.0,63900000.0,79600000.0,15742.872961,Sphere_15.0_3.0_20250612-133015,Silicon cubic,7.5,0.2,0.4,5846.174706140654,1.1845473,1.3417795,1.3626264,1.5822761,1.6035515,1.6385073,3,2,2,1,3,1,https://zibramax.github.io/FEMViewer/?mesh=https://raw.githubusercontent.com/ZibraMax/non-local-frequencies-nanostructures/refs/heads/main/Esferas_cubic_material\Sphere_15.0_3.0_0.2_20250612-133015.json&mode=6&magnif=6
5.323,3.0,128900000.0,48300000.0,67099999.99999999,15734.252198,Sphere_15.0_3.0_20250612-133021,Germanium cubic,7.5,0.2,0.4,3550.446942624478,1.1541167,1.2994499,1.3601297,1.5339247,1.5874276,1.5888121,3,2,2,1,3,1,https://zibramax.github.io/FEMViewer/?mesh=https://raw.githubusercontent.com/ZibraMax/non-local-frequencies-nanostructures/refs/heads/main/Esferas_cubic_material\Sphere_15.0_3.0_0.2_20250612-133021.json&mode=6&magnif=6
3.515,3.0,1079000000.0,124000000.0,578000000.0,15726.344046,Sphere_15.0_3.0_20250612-133033,Carbon cubic,7.5,0.2,0.4,12823.342868880141,1.3013887,1.3702772,1.4648603,1.5854111,1.5918074,1.7764438,3,2,2,3,3,1,https://zibramax.github.io/FEMViewer/?mesh=https://raw.githubusercontent.com/ZibraMax/non-local-frequencies-nanostructures/refs/heads/main/Esferas_cubic_material\Sphere_15.0_3.0_0.2_20250612-133033.json&mode=6&magnif=6
2.329,3.0,166000000.0,63900000.0,79600000.0,15742.872961,Sphere_15.0_3.0_20250612-133015,Silicon cubic,7.5,0.3,0.4,5846.174706140654,1.3513939,1.4931547,1.5537324,1.8046319,1.8698492,1.8797918,3,2,2,3,1,1,https://zibramax.github.io/FEMViewer/?mesh=https://raw.githubusercontent.com/ZibraMax/non-local-frequencies-nanostructures/refs/heads/main/Esferas_cubic_material\Sphere_15.0_3.0_0.3_20250612-133015.json&mode=6&magnif=6
5.323,3.0,128900000.0,48300000.0,67099999.99999999,15734.252198,Sphere_15.0_3.0_20250612-133021,Germanium cubic,7.5,0.3,0.4,3550.446942624478,1.3167307,1.4460678,1.5510917,1.7935129,1.8127721,1.8214785,3,2,2,3,1,1,https://zibramax.github.io/FEMViewer/?mesh=https://raw.githubusercontent.com/ZibraMax/non-local-frequencies-nanostructures/refs/heads/main/Esferas_cubic_material\Sphere_15.0_3.0_0.3_20250612-133021.json&mode=6&magnif=6
3.515,3.0,1079000000.0,124000000.0,578000000.0,15726.344046,Sphere_15.0_3.0_20250612-133033,Carbon cubic,7.5,0.3,0.4,12823.342868880141,1.4843843,1.5618957,1.6449396,1.7886146,1.8175397,2.0988067,3,2,2,3,3,1,https://zibramax.github.io/FEMViewer/?mesh=https://raw.githubusercontent.com/ZibraMax/non-local-frequencies-nanostructures/refs/heads/main/Esferas_cubic_material\Sphere_15.0_3.0_0.3_20250612-133033.json&mode=6&magnif=6
2.329,3.0,166000000.0,63900000.0,79600000.0,15742.872961,Sphere_15.0_3.0_20250612-133015,Silicon cubic,7.5,0.4,0.4,5846.174706140654,1.4993602,1.6192382,1.7230927,1.9672585,2.0907977,2.118582,3,2,2,3,3,1,https://zibramax.github.io/FEMViewer/?mesh=https://raw.githubusercontent.com/ZibraMax/non-local-frequencies-nanostructures/refs/heads/main/Esferas_cubic_material\Sphere_15.0_3.0_0.4_20250612-133015.json&mode=6&magnif=6
5.323,3.0,128900000.0,48300000.0,67099999.99999999,15734.252198,Sphere_15.0_3.0_20250612-133021,Germanium cubic,7.5,0.4,0.4,3550.446942624478,1.4609386,1.5681667,1.7202727,1.9577351,2.0260958,2.0539551,3,2,2,3,3,1,https://zibramax.github.io/FEMViewer/?mesh=https://raw.githubusercontent.com/ZibraMax/non-local-frequencies-nanostructures/refs/heads/main/Esferas_cubic_material\Sphere_15.0_3.0_0.4_20250612-133021.json&mode=6&magnif=6
3.515,3.0,1079000000.0,124000000.0,578000000.0,15726.344046,Sphere_15.0_3.0_20250612-133033,Carbon cubic,7.5,0.4,0.4,12823.342868880141,1.6466937,1.731847,1.7922929,1.9536264,2.0171789,2.377659,3,2,2,3,3,1,https://zibramax.github.io/FEMViewer/?mesh=https://raw.githubusercontent.com/ZibraMax/non-local-frequencies-nanostructures/refs/heads/main/Esferas_cubic_material\Sphere_15.0_3.0_0.4_20250612-133033.json&mode=6&magnif=6
2.329,3.0,166000000.0,63900000.0,79600000.0,15742.872961,Sphere_15.0_3.0_20250612-133015,Silicon cubic,7.5,0.5,0.4,5846.174706140654,1.6338152,1.7311814,1.8769694,2.109467,2.2814298,2.3409749,3,2,2,3,3,1,https://zibramax.github.io/FEMViewer/?mesh=https://raw.githubusercontent.com/ZibraMax/non-local-frequencies-nanostructures/refs/heads/main/Esferas_cubic_material\Sphere_15.0_3.0_0.5_20250612-133015.json&mode=6&magnif=6
5.323,3.0,128900000.0,48300000.0,67099999.99999999,15734.252198,Sphere_15.0_3.0_20250612-133021,Germanium cubic,7.5,0.5,0.4,3550.446942624478,1.5919756,1.6765664,1.873966,2.1007449,2.2109296,2.2695955,3,2,2,3,3,1,https://zibramax.github.io/FEMViewer/?mesh=https://raw.githubusercontent.com/ZibraMax/non-local-frequencies-nanostructures/refs/heads/main/Esferas_cubic_material\Sphere_15.0_3.0_0.5_20250612-133021.json&mode=6&magnif=6
3.515,3.0,1079000000.0,124000000.0,578000000.0,15726.344046,Sphere_15.0_3.0_20250612-133033,Carbon cubic,7.5,0.5,0.4,12823.342868880141,1.7941957,1.8863161,1.92155,2.0975368,2.1983883,2.5311067,3,2,2,3,3,1,https://zibramax.github.io/FEMViewer/?mesh=https://raw.githubusercontent.com/ZibraMax/non-local-frequencies-nanostructures/refs/heads/main/Esferas_cubic_material\Sphere_15.0_3.0_0.5_20250612-133033.json&mode=6&magnif=6
2.329,3.0,166000000.0,63900000.0,79600000.0,15742.872961,Sphere_15.0_3.0_20250612-133015,Silicon cubic,7.5,0.6,0.4,5846.174706140654,1.7579372,1.8337415,2.0190259,2.2386199,2.456882,2.5439723,3,2,2,3,3,1,https://zibramax.github.io/FEMViewer/?mesh=https://raw.githubusercontent.com/ZibraMax/non-local-frequencies-nanostructures/refs/heads/main/Esferas_cubic_material\Sphere_15.0_3.0_0.6_20250612-133015.json&mode=6&magnif=6
5.323,3.0,128900000.0,48300000.0,67099999.99999999,15734.252198,Sphere_15.0_3.0_20250612-133021,Germanium cubic,7.5,0.6,0.4,3550.446942624478,1.7129405,1.7758788,2.0158429,2.2303307,2.3810317,2.4664278,3,2,2,3,3,1,https://zibramax.github.io/FEMViewer/?mesh=https://raw.githubusercontent.com/ZibraMax/non-local-frequencies-nanostructures/refs/heads/main/Esferas_cubic_material\Sphere_15.0_3.0_0.6_20250612-133021.json&mode=6&magnif=6
3.515,3.0,1079000000.0,124000000.0,578000000.0,15726.344046,Sphere_15.0_3.0_20250612-133033,Carbon cubic,7.5,0.6,0.4,12823.342868880141,1.9303715,2.0289474,2.0390637,2.2278724,2.3655798,2.6688009,3,2,2,3,3,1,https://zibramax.github.io/FEMViewer/?mesh=https://raw.githubusercontent.com/ZibraMax/non-local-frequencies-nanostructures/refs/heads/main/Esferas_cubic_material\Sphere_15.0_3.0_0.6_20250612-133033.json&mode=6&magnif=6
2.329,3.0,166000000.0,63900000.0,79600000.0,15742.872961,Sphere_15.0_3.0_20250612-133015,Silicon cubic,7.5,0.7,0.4,5846.174706140654,1.8738119,1.9293946,2.1516547,2.3584173,2.620382,2.7319124,3,2,2,3,3,1,https://zibramax.github.io/FEMViewer/?mesh=https://raw.githubusercontent.com/ZibraMax/non-local-frequencies-nanostructures/refs/heads/main/Esferas_cubic_material\Sphere_15.0_3.0_0.7_20250612-133015.json&mode=6&magnif=6
5.323,3.0,128900000.0,48300000.0,67099999.99999999,15734.252198,Sphere_15.0_3.0_20250612-133021,Germanium cubic,7.5,0.7,0.4,3550.446942624478,1.8258668,1.868503,2.1482982,2.3503654,2.5395384,2.6486588,3,2,2,3,3,1,https://zibramax.github.io/FEMViewer/?mesh=https://raw.githubusercontent.com/ZibraMax/non-local-frequencies-nanostructures/refs/heads/main/Esferas_cubic_material\Sphere_15.0_3.0_0.7_20250612-133021.json&mode=6&magnif=6
3.515,3.0,1079000000.0,124000000.0,578000000.0,15726.344046,Sphere_15.0_3.0_20250612-133033,Carbon cubic,7.5,0.7,0.4,12823.342868880141,2.057506,2.1481109,2.1621288,2.3485108,2.521614,2.7990068,3,2,2,3,3,1,https://zibramax.github.io/FEMViewer/?mesh=https://raw.githubusercontent.com/ZibraMax/non-local-frequencies-nanostructures/refs/heads/main/Esferas_cubic_material\Sphere_15.0_3.0_0.7_20250612-133033.json&mode=6&magnif=6
2.329,3.0,166000000.0,63900000.0,79600000.0,15742.872961,Sphere_15.0_3.0_20250612-133015,Silicon cubic,7.5,0.8,0.4,5846.174706140654,1.9829009,2.01962,2.2765281,2.4710056,2.7741268,2.9077215,3,2,2,3,3,1,https://zibramax.github.io/FEMViewer/?mesh=https://raw.githubusercontent.com/ZibraMax/non-local-frequencies-nanostructures/refs/heads/main/Esferas_cubic_material\Sphere_15.0_3.0_0.8_20250612-133015.json&mode=6&magnif=6
5.323,3.0,128900000.0,48300000.0,67099999.99999999,15734.252198,Sphere_15.0_3.0_20250612-133021,Germanium cubic,7.5,0.8,0.4,3550.446942624478,1.9321791,1.9558719,2.2730045,2.4630769,2.6885828,2.8191264,3,2,2,3,3,1,https://zibramax.github.io/FEMViewer/?mesh=https://raw.githubusercontent.com/ZibraMax/non-local-frequencies-nanostructures/refs/heads/main/Esferas_cubic_material\Sphere_15.0_3.0_0.8_20250612-133021.json&mode=6&magnif=6
3.515,3.0,1079000000.0,124000000.0,578000000.0,15726.344046,Sphere_15.0_3.0_20250612-133033,Carbon cubic,7.5,0.8,0.4,12823.342868880141,2.1772004,2.2506156,2.2875328,2.4617141,2.6684826,2.9229712,3,2,2,3,3,1,https://zibramax.github.io/FEMViewer/?mesh=https://raw.githubusercontent.com/ZibraMax/non-local-frequencies-nanostructures/refs/heads/main/Esferas_cubic_material\Sphere_15.0_3.0_0.8_20250612-133033.json&mode=6&magnif=6
2.329,3.0,166000000.0,63900000.0,79600000.0,15742.872961,Sphere_15.0_3.0_20250612-133015,Silicon cubic,7.5,0.9,0.4,5846.174706140654,2.086277,2.105392,2.3948727,2.5777634,2.9197012,3.0734848,3,2,2,3,3,1,https://zibramax.github.io/FEMViewer/?mesh=https://raw.githubusercontent.com/ZibraMax/non-local-frequencies-nanostructures/refs/heads/main/Esferas_cubic_material\Sphere_15.0_3.0_0.9_20250612-133015.json&mode=6&magnif=6
5.323,3.0,128900000.0,48300000.0,67099999.99999999,15734.252198,Sphere_15.0_3.0_20250612-133021,Germanium cubic,7.5,0.9,0.4,3550.446942624478,2.0329232,2.0389289,2.3911883,2.5698867,2.8297033,2.9798527,3,2,2,3,3,1,https://zibramax.github.io/FEMViewer/?mesh=https://raw.githubusercontent.com/ZibraMax/non-local-frequencies-nanostructures/refs/heads/main/Esferas_cubic_material\Sphere_15.0_3.0_0.9_20250612-133021.json&mode=6&magnif=6
3.515,3.0,1079000000.0,124000000.0,578000000.0,15726.344046,Sphere_15.0_3.0_20250612-133033,Carbon cubic,7.5,0.9,0.4,12823.342868880141,2.2906302,2.3478217,2.4063869,2.568933,2.8076423,3.0415937,3,2,2,3,3,1,https://zibramax.github.io/FEMViewer/?mesh=https://raw.githubusercontent.com/ZibraMax/non-local-frequencies-nanostructures/refs/heads/main/Esferas_cubic_material\Sphere_15.0_3.0_0.9_20250612-133033.json&mode=6&magnif=6
2.329,3.0,166000000.0,63900000.0,79600000.0,15742.872961,Sphere_15.0_3.0_20250612-133015,Silicon cubic,7.5,1.0,0.4,5846.174706140654,2.1847559,2.1873989,2.5076203,2.6796447,3.058297,3.2307505,3,2,2,3,3,1,https://zibramax.github.io/FEMViewer/?mesh=https://raw.githubusercontent.com/ZibraMax/non-local-frequencies-nanostructures/refs/heads/main/Esferas_cubic_material\Sphere_15.0_3.0_1.0_20250612-133015.json&mode=6&magnif=6
5.323,3.0,128900000.0,48300000.0,67099999.99999999,15734.252198,Sphere_15.0_3.0_20250612-133021,Germanium cubic,7.5,1.0,0.4,3550.446942624478,2.1183404,2.1288943,2.503781,2.6717733,2.9640562,3.1323392,2,3,2,3,3,1,https://zibramax.github.io/FEMViewer/?mesh=https://raw.githubusercontent.com/ZibraMax/non-local-frequencies-nanostructures/refs/heads/main/Esferas_cubic_material\Sphere_15.0_3.0_1.0_20250612-133021.json&mode=6&magnif=6
3.515,3.0,1079000000.0,124000000.0,578000000.0,15726.344046,Sphere_15.0_3.0_20250612-133033,Carbon cubic,7.5,1.0,0.4,12823.342868880141,2.3986898,2.4405927,2.5196249,2.6711669,2.9401984,3.1555582,3,2,2,3,3,1,https://zibramax.github.io/FEMViewer/?mesh=https://raw.githubusercontent.com/ZibraMax/non-local-frequencies-nanostructures/refs/heads/main/Esferas_cubic_material\Sphere_15.0_3.0_1.0_20250612-133033.json&mode=6&magnif=6
2.329,7.5,166000000.0,63900000.0,79600000.0,15921.869882,Sphere_15.0_7.5_20250612-133016,Silicon cubic,7.5,0.0,1.0,5846.174706140654,0.03564,0.0357138,0.0358324,0.036015,0.0361,0.036256,3,2,3,3,2,1,https://zibramax.github.io/FEMViewer/?mesh=https://raw.githubusercontent.com/ZibraMax/non-local-frequencies-nanostructures/refs/heads/main/Esferas_cubic_material\Sphere_15.0_7.5_0.0_20250612-133016.json&mode=6&magnif=6
5.323,7.5,128900000.0,48300000.0,67099999.99999999,15850.814166,Sphere_15.0_7.5_20250612-133024,Germanium cubic,7.5,0.0,1.0,3550.446942624478,0.0351211,0.0351935,0.0352946,0.0353218,0.0354054,0.0355506,3,2,3,3,2,1,https://zibramax.github.io/FEMViewer/?mesh=https://raw.githubusercontent.com/ZibraMax/non-local-frequencies-nanostructures/refs/heads/main/Esferas_cubic_material\Sphere_15.0_7.5_0.0_20250612-133024.json&mode=6&magnif=6
3.515,7.5,1079000000.0,124000000.0,578000000.0,15744.494625,Sphere_15.0_7.5_20250612-133038,Carbon cubic,7.5,0.0,1.0,12823.342868880141,0.0350752,0.0351333,0.0352287,0.0355398,0.035742,0.0358033,3,2,3,3,2,1,https://zibramax.github.io/FEMViewer/?mesh=https://raw.githubusercontent.com/ZibraMax/non-local-frequencies-nanostructures/refs/heads/main/Esferas_cubic_material\Sphere_15.0_7.5_0.0_20250612-133038.json&mode=6&magnif=6
2.329,7.5,166000000.0,63900000.0,79600000.0,15921.869882,Sphere_15.0_7.5_20250612-133016,Silicon cubic,7.5,0.1,1.0,5846.174706140654,0.7230135,0.808251,0.8301869,0.97683,1.0082054,1.0339241,3,2,2,3,3,1,https://zibramax.github.io/FEMViewer/?mesh=https://raw.githubusercontent.com/ZibraMax/non-local-frequencies-nanostructures/refs/heads/main/Esferas_cubic_material\Sphere_15.0_7.5_0.1_20250612-133016.json&mode=6&magnif=6
5.323,7.5,128900000.0,48300000.0,67099999.99999999,15850.814166,Sphere_15.0_7.5_20250612-133024,Germanium cubic,7.5,0.1,1.0,3550.446942624478,0.7045104,0.7828442,0.8288261,0.9711107,0.9770845,1.00242,3,2,2,3,3,1,https://zibramax.github.io/FEMViewer/?mesh=https://raw.githubusercontent.com/ZibraMax/non-local-frequencies-nanostructures/refs/heads/main/Esferas_cubic_material\Sphere_15.0_7.5_0.1_20250612-133024.json&mode=6&magnif=6
3.515,7.5,1079000000.0,124000000.0,578000000.0,15744.494625,Sphere_15.0_7.5_20250612-133038,Carbon cubic,7.5,0.1,1.0,12823.342868880141,0.7939049,0.834423,0.8901618,0.9689458,0.9722346,1.1600868,3,2,2,3,3,1,https://zibramax.github.io/FEMViewer/?mesh=https://raw.githubusercontent.com/ZibraMax/non-local-frequencies-nanostructures/refs/heads/main/Esferas_cubic_material\Sphere_15.0_7.5_0.1_20250612-133038.json&mode=6&magnif=6
2.329,7.5,166000000.0,63900000.0,79600000.0,15921.869882,Sphere_15.0_7.5_20250612-133016,Silicon cubic,7.5,0.2,1.0,5846.174706140654,0.9975629,1.0618142,1.1452175,1.29329,1.3940855,1.4525801,3,2,2,3,3,1,https://zibramax.github.io/FEMViewer/?mesh=https://raw.githubusercontent.com/ZibraMax/non-local-frequencies-nanostructures/refs/heads/main/Esferas_cubic_material\Sphere_15.0_7.5_0.2_20250612-133016.json&mode=6&magnif=6
5.323,7.5,128900000.0,48300000.0,67099999.99999999,15850.814166,Sphere_15.0_7.5_20250612-133024,Germanium cubic,7.5,0.2,1.0,3550.446942624478,0.9720457,1.0283696,1.1434098,1.2879572,1.3510956,1.4083269,3,2,2,3,3,1,https://zibramax.github.io/FEMViewer/?mesh=https://raw.githubusercontent.com/ZibraMax/non-local-frequencies-nanostructures/refs/heads/main/Esferas_cubic_material\Sphere_15.0_7.5_0.2_20250612-133024.json&mode=6&magnif=6
3.515,7.5,1079000000.0,124000000.0,578000000.0,15744.494625,Sphere_15.0_7.5_20250612-133038,Carbon cubic,7.5,0.2,1.0,12823.342868880141,1.0953069,1.1508591,1.1780593,1.2863563,1.3420389,1.5586001,3,2,2,3,3,1,https://zibramax.github.io/FEMViewer/?mesh=https://raw.githubusercontent.com/ZibraMax/non-local-frequencies-nanostructures/refs/heads/main/Esferas_cubic_material\Sphere_15.0_7.5_0.2_20250612-133038.json&mode=6&magnif=6
2.329,7.5,166000000.0,63900000.0,79600000.0,15921.869882,Sphere_15.0_7.5_20250612-133016,Silicon cubic,7.5,0.3,1.0,5846.174706140654,1.2113707,1.2607014,1.3905623,1.539325,1.6940748,1.7750955,3,2,2,3,3,1,https://zibramax.github.io/FEMViewer/?mesh=https://raw.githubusercontent.com/ZibraMax/non-local-frequencies-nanostructures/refs/heads/main/Esferas_cubic_material\Sphere_15.0_7.5_0.3_20250612-133016.json&mode=6&magnif=6
5.323,7.5,128900000.0,48300000.0,67099999.99999999,15850.814166,Sphere_15.0_7.5_20250612-133024,Germanium cubic,7.5,0.3,1.0,3550.446942624478,1.1803896,1.2209569,1.3883949,1.533777,1.6418503,1.72102,3,2,2,3,3,1,https://zibramax.github.io/FEMViewer/?mesh=https://raw.githubusercontent.com/ZibraMax/non-local-frequencies-nanostructures/refs/heads/main/Esferas_cubic_material\Sphere_15.0_7.5_0.3_20250612-133024.json&mode=6&magnif=6
3.515,7.5,1079000000.0,124000000.0,578000000.0,15744.494625,Sphere_15.0_7.5_20250612-133038,Carbon cubic,7.5,0.3,1.0,12823.342868880141,1.3300342,1.3973317,1.4020868,1.5325181,1.6299158,1.8370663,3,2,2,3,3,1,https://zibramax.github.io/FEMViewer/?mesh=https://raw.githubusercontent.com/ZibraMax/non-local-frequencies-nanostructures/refs/heads/main/Esferas_cubic_material\Sphere_15.0_7.5_0.3_20250612-133038.json&mode=6&magnif=6
2.329,7.5,166000000.0,63900000.0,79600000.0,15921.869882,Sphere_15.0_7.5_20250612-133016,Silicon cubic,7.5,0.4,1.0,5846.174706140654,1.3927247,1.4310622,1.5986746,1.7494344,1.9483737,2.0474217,3,2,2,3,3,1,https://zibramax.github.io/FEMViewer/?mesh=https://raw.githubusercontent.com/ZibraMax/non-local-frequencies-nanostructures/refs/heads/main/Esferas_cubic_material\Sphere_15.0_7.5_0.4_20250612-133016.json&mode=6&magnif=6
5.323,7.5,128900000.0,48300000.0,67099999.99999999,15850.814166,Sphere_15.0_7.5_20250612-133024,Germanium cubic,7.5,0.4,1.0,3550.446942624478,1.3571086,1.3859249,1.5961987,1.7435604,1.8883189,1.9850521,3,2,2,3,3,1,https://zibramax.github.io/FEMViewer/?mesh=https://raw.githubusercontent.com/ZibraMax/non-local-frequencies-nanostructures/refs/heads/main/Esferas_cubic_material\Sphere_15.0_7.5_0.4_20250612-133024.json&mode=6&magnif=6
3.515,7.5,1079000000.0,124000000.0,578000000.0,15744.494625,Sphere_15.0_7.5_20250612-133038,Carbon cubic,7.5,0.4,1.0,12823.342868880141,1.5291353,1.5934263,1.6064108,1.7425036,1.8740638,2.0777807,3,2,2,3,3,1,https://zibramax.github.io/FEMViewer/?mesh=https://raw.githubusercontent.com/ZibraMax/non-local-frequencies-nanostructures/refs/heads/main/Esferas_cubic_material\Sphere_15.0_7.5_0.4_20250612-133038.json&mode=6&magnif=6
2.329,7.5,166000000.0,63900000.0,79600000.0,15921.869882,Sphere_15.0_7.5_20250612-133016,Silicon cubic,7.5,0.5,1.0,5846.174706140654,1.5530407,1.5827597,1.7826498,1.936251,2.1731022,2.2875545,3,2,2,3,3,1,https://zibramax.github.io/FEMViewer/?mesh=https://raw.githubusercontent.com/ZibraMax/non-local-frequencies-nanostructures/refs/heads/main/Esferas_cubic_material\Sphere_15.0_7.5_0.5_20250612-133016.json&mode=6&magnif=6
5.323,7.5,128900000.0,48300000.0,67099999.99999999,15850.814166,Sphere_15.0_7.5_20250612-133024,Germanium cubic,7.5,0.5,1.0,3550.446942624478,1.5133269,1.5328224,1.7798994,1.9300276,2.1061266,2.2178711,3,2,2,3,3,1,https://zibramax.github.io/FEMViewer/?mesh=https://raw.githubusercontent.com/ZibraMax/non-local-frequencies-nanostructures/refs/heads/main/Esferas_cubic_material\Sphere_15.0_7.5_0.5_20250612-133024.json&mode=6&magnif=6
3.515,7.5,1079000000.0,124000000.0,578000000.0,15744.494625,Sphere_15.0_7.5_20250612-133038,Carbon cubic,7.5,0.5,1.0,12823.342868880141,1.7051413,1.7635605,1.7912453,1.9291048,2.089875,2.2930823,3,2,2,3,3,1,https://zibramax.github.io/FEMViewer/?mesh=https://raw.githubusercontent.com/ZibraMax/non-local-frequencies-nanostructures/refs/heads/main/Esferas_cubic_material\Sphere_15.0_7.5_0.5_20250612-133038.json&mode=6&magnif=6
2.329,7.5,166000000.0,63900000.0,79600000.0,15921.869882,Sphere_15.0_7.5_20250612-133016,Silicon cubic,7.5,0.6,1.0,5846.174706140654,1.6982885,1.7209344,1.9493361,2.1062685,2.3766694,2.5047704,3,2,2,3,3,1,https://zibramax.github.io/FEMViewer/?mesh=https://raw.githubusercontent.com/ZibraMax/non-local-frequencies-nanostructures/refs/heads/main/Esferas_cubic_material\Sphere_15.0_7.5_0.6_20250612-133016.json&mode=6&magnif=6
5.323,7.5,128900000.0,48300000.0,67099999.99999999,15850.814166,Sphere_15.0_7.5_20250612-133024,Germanium cubic,7.5,0.6,1.0,3550.446942624478,1.6548621,1.6666262,1.9463362,2.0996962,2.3034242,2.4284712,3,2,2,3,3,1,https://zibramax.github.io/FEMViewer/?mesh=https://raw.githubusercontent.com/ZibraMax/non-local-frequencies-nanostructures/refs/heads/main/Esferas_cubic_material\Sphere_15.0_7.5_0.6_20250612-133024.json&mode=6&magnif=6
3.515,7.5,1079000000.0,124000000.0,578000000.0,15744.494625,Sphere_15.0_7.5_20250612-133038,Carbon cubic,7.5,0.6,1.0,12823.342868880141,1.8646053,1.9183987,1.9587128,2.0988699,2.2853941,2.4897031,3,2,2,3,3,1,https://zibramax.github.io/FEMViewer/?mesh=https://raw.githubusercontent.com/ZibraMax/non-local-frequencies-nanostructures/refs/heads/main/Esferas_cubic_material\Sphere_15.0_7.5_0.6_20250612-133038.json&mode=6&magnif=6
2.329,7.5,166000000.0,63900000.0,79600000.0,15921.869882,Sphere_15.0_7.5_20250612-133016,Silicon cubic,7.5,0.7,1.0,5846.174706140654,1.8320561,1.8487014,2.1028497,2.2633924,2.5641228,2.7045968,3,2,2,3,3,1,https://zibramax.github.io/FEMViewer/?mesh=https://raw.githubusercontent.com/ZibraMax/non-local-frequencies-nanostructures/refs/heads/main/Esferas_cubic_material\Sphere_15.0_7.5_0.7_20250612-133016.json&mode=6&magnif=6
5.323,7.5,128900000.0,48300000.0,67099999.99999999,15850.814166,Sphere_15.0_7.5_20250612-133024,Germanium cubic,7.5,0.7,1.0,3550.446942624478,1.7852104,1.7903523,2.0996195,2.2564793,2.4851039,2.6222112,3,2,2,3,3,1,https://zibramax.github.io/FEMViewer/?mesh=https://raw.githubusercontent.com/ZibraMax/non-local-frequencies-nanostructures/refs/heads/main/Esferas_cubic_material\Sphere_15.0_7.5_0.7_20250612-133024.json&mode=6&magnif=6
3.515,7.5,1079000000.0,124000000.0,578000000.0,15744.494625,Sphere_15.0_7.5_20250612-133038,Carbon cubic,7.5,0.7,1.0,12823.342868880141,2.0114659,2.0614958,2.1129476,2.2557265,2.4654547,2.671823,3,2,2,3,3,1,https://zibramax.github.io/FEMViewer/?mesh=https://raw.githubusercontent.com/ZibraMax/non-local-frequencies-nanostructures/refs/heads/main/Esferas_cubic_material\Sphere_15.0_7.5_0.7_20250612-133038.json&mode=6&magnif=6
2.329,7.5,166000000.0,63900000.0,79600000.0,15921.869882,Sphere_15.0_7.5_20250612-133016,Silicon cubic,7.5,0.8,1.0,5846.174706140654,1.9566996,1.9681268,2.245894,2.4102011,2.738774,2.8906422,3,2,2,3,3,1,https://zibramax.github.io/FEMViewer/?mesh=https://raw.githubusercontent.com/ZibraMax/non-local-frequencies-nanostructures/refs/heads/main/Esferas_cubic_material\Sphere_15.0_7.5_0.8_20250612-133016.json&mode=6&magnif=6
5.323,7.5,128900000.0,48300000.0,67099999.99999999,15850.814166,Sphere_15.0_7.5_20250612-133024,Germanium cubic,7.5,0.8,1.0,3550.446942624478,1.9060012,1.9066678,2.2424488,2.4029577,2.6543756,2.80259,2,3,2,3,3,1,https://zibramax.github.io/FEMViewer/?mesh=https://raw.githubusercontent.com/ZibraMax/non-local-frequencies-nanostructures/refs/heads/main/Esferas_cubic_material\Sphere_15.0_7.5_0.8_20250612-133024.json&mode=6&magnif=6
3.515,7.5,1079000000.0,124000000.0,578000000.0,15744.494625,Sphere_15.0_7.5_20250612-133038,Carbon cubic,7.5,0.8,1.0,12823.342868880141,2.14831,2.1951996,2.2566649,2.4022634,2.6332305,2.8422557,3,2,2,3,3,1,https://zibramax.github.io/FEMViewer/?mesh=https://raw.githubusercontent.com/ZibraMax/non-local-frequencies-nanostructures/refs/heads/main/Esferas_cubic_material\Sphere_15.0_7.5_0.8_20250612-133038.json&mode=6&magnif=6
2.329,7.5,166000000.0,63900000.0,79600000.0,15921.869882,Sphere_15.0_7.5_20250612-133016,Silicon cubic,7.5,0.9,1.0,5846.174706140654,2.073865,2.0806678,2.3803572,2.5485073,2.9029354,3.0654169,3,2,2,3,3,1,https://zibramax.github.io/FEMViewer/?mesh=https://raw.githubusercontent.com/ZibraMax/non-local-frequencies-nanostructures/refs/heads/main/Esferas_cubic_material\Sphere_15.0_7.5_0.9_20250612-133016.json&mode=6&magnif=6
5.323,7.5,128900000.0,48300000.0,67099999.99999999,15850.814166,Sphere_15.0_7.5_20250612-133024,Germanium cubic,7.5,0.9,1.0,3550.446942624478,2.0149837,2.0208382,2.3767096,2.5409446,2.8134804,2.9720414,2,3,2,3,3,1,https://zibramax.github.io/FEMViewer/?mesh=https://raw.githubusercontent.com/ZibraMax/non-local-frequencies-nanostructures/refs/heads/main/Esferas_cubic_material\Sphere_15.0_7.5_0.9_20250612-133024.json&mode=6&magnif=6
3.515,7.5,1079000000.0,124000000.0,578000000.0,15744.494625,Sphere_15.0_7.5_20250612-133038,Carbon cubic,7.5,0.9,1.0,12823.342868880141,2.2769441,2.3211604,2.3917616,2.5402981,2.7909382,3.0030049,3,2,2,3,3,1,https://zibramax.github.io/FEMViewer/?mesh=https://raw.githubusercontent.com/ZibraMax/non-local-frequencies-nanostructures/refs/heads/main/Esferas_cubic_material\Sphere_15.0_7.5_0.9_20250612-133038.json&mode=6&magnif=6
2.329,7.5,166000000.0,63900000.0,79600000.0,15921.869882,Sphere_15.0_7.5_20250612-133016,Silicon cubic,7.5,1.0,1.0,5846.174706140654,2.1847559,2.1873989,2.5076203,2.6796447,3.058297,3.2307505,3,2,2,3,3,1,https://zibramax.github.io/FEMViewer/?mesh=https://raw.githubusercontent.com/ZibraMax/non-local-frequencies-nanostructures/refs/heads/main/Esferas_cubic_material\Sphere_15.0_7.5_1.0_20250612-133016.json&mode=6&magnif=6
5.323,7.5,128900000.0,48300000.0,67099999.99999999,15850.814166,Sphere_15.0_7.5_20250612-133024,Germanium cubic,7.5,1.0,1.0,3550.446942624478,2.1183404,2.1288943,2.503781,2.6717733,2.9640562,3.1323392,2,3,2,3,3,1,https://zibramax.github.io/FEMViewer/?mesh=https://raw.githubusercontent.com/ZibraMax/non-local-frequencies-nanostructures/refs/heads/main/Esferas_cubic_material\Sphere_15.0_7.5_1.0_20250612-133024.json&mode=6&magnif=6
3.515,7.5,1079000000.0,124000000.0,578000000.0,15744.494625,Sphere_15.0_7.5_20250612-133038,Carbon cubic,7.5,1.0,1.0,12823.342868880141,2.3986898,2.4405927,2.5196249,2.6711669,2.9401984,3.1555582,3,2,2,3,3,1,https://zibramax.github.io/FEMViewer/?mesh=https://raw.githubusercontent.com/ZibraMax/non-local-frequencies-nanostructures/refs/heads/main/Esferas_cubic_material\Sphere_15.0_7.5_1.0_20250612-133038.json&mode=6&magnif=6
2.329,0.5,166000000.0,63900000.0,79600000.0,15736.63158,Sphere_2.5_0.5_20250612-133013,Silicon cubic,1.25,0.0,0.4,5846.174706140654,0.2211175,0.2215593,0.2222667,0.2234237,0.22406,0.2249235,3,2,3,3,2,1,https://zibramax.github.io/FEMViewer/?mesh=https://raw.githubusercontent.com/ZibraMax/non-local-frequencies-nanostructures/refs/heads/main/Esferas_cubic_material\Sphere_2.5_0.5_0.0_20250612-133013.json&mode=6&magnif=6
5.323,0.5,128900000.0,48300000.0,67099999.99999999,15772.495823,Sphere_2.5_0.5_20250612-133019,Germanium cubic,1.25,0.0,0.4,3550.446942624478,0.2178918,0.2183107,0.2189248,0.2191625,0.2197704,0.2205732,3,2,3,3,2,1,https://zibramax.github.io/FEMViewer/?mesh=https://raw.githubusercontent.com/ZibraMax/non-local-frequencies-nanostructures/refs/heads/main/Esferas_cubic_material\Sphere_2.5_0.5_0.0_20250612-133019.json&mode=6&magnif=6
3.515,0.5,1079000000.0,124000000.0,578000000.0,15861.179081,Sphere_2.5_0.5_20250612-133028,Carbon cubic,1.25,0.0,0.4,12823.342868880141,0.2176036,0.2179724,0.2185032,0.2203791,0.2215234,0.2219129,3,2,3,3,2,1,https://zibramax.github.io/FEMViewer/?mesh=https://raw.githubusercontent.com/ZibraMax/non-local-frequencies-nanostructures/refs/heads/main/Esferas_cubic_material\Sphere_2.5_0.5_0.0_20250612-133028.json&mode=6&magnif=6
2.329,0.5,166000000.0,63900000.0,79600000.0,15736.63158,Sphere_2.5_0.5_20250612-133013,Silicon cubic,1.25,0.1,0.4,5846.174706140654,0.9876318,1.1303719,1.1362409,1.228115,1.3069879,1.3373606,3,2,2,1,3,1,https://zibramax.github.io/FEMViewer/?mesh=https://raw.githubusercontent.com/ZibraMax/non-local-frequencies-nanostructures/refs/heads/main/Esferas_cubic_material\Sphere_2.5_0.5_0.1_20250612-133013.json&mode=6&magnif=6
5.323,0.5,128900000.0,48300000.0,67099999.99999999,15772.495823,Sphere_2.5_0.5_20250612-133019,Germanium cubic,1.25,0.1,0.4,3550.446942624478,0.9621806,1.0945833,1.133667,1.1905157,1.2859548,1.2951746,3,2,2,1,3,1,https://zibramax.github.io/FEMViewer/?mesh=https://raw.githubusercontent.com/ZibraMax/non-local-frequencies-nanostructures/refs/heads/main/Esferas_cubic_material\Sphere_2.5_0.5_0.1_20250612-133019.json&mode=6&magnif=6
3.515,0.5,1079000000.0,124000000.0,578000000.0,15861.179081,Sphere_2.5_0.5_20250612-133028,Carbon cubic,1.25,0.1,0.4,12823.342868880141,1.0854605,1.1439089,1.2105519,1.2979213,1.3223819,1.3794458,3,2,2,3,3,1,https://zibramax.github.io/FEMViewer/?mesh=https://raw.githubusercontent.com/ZibraMax/non-local-frequencies-nanostructures/refs/heads/main/Esferas_cubic_material\Sphere_2.5_0.5_0.1_20250612-133028.json&mode=6&magnif=6
2.329,0.5,166000000.0,63900000.0,79600000.0,15736.63158,Sphere_2.5_0.5_20250612-133013,Silicon cubic,1.25,0.2,0.4,5846.174706140654,1.1845473,1.3417795,1.3626264,1.5822761,1.6035515,1.6385073,3,2,2,1,3,1,https://zibramax.github.io/FEMViewer/?mesh=https://raw.githubusercontent.com/ZibraMax/non-local-frequencies-nanostructures/refs/heads/main/Esferas_cubic_material\Sphere_2.5_0.5_0.2_20250612-133013.json&mode=6&magnif=6
5.323,0.5,128900000.0,48300000.0,67099999.99999999,15772.495823,Sphere_2.5_0.5_20250612-133019,Germanium cubic,1.25,0.2,0.4,3550.446942624478,1.1541167,1.2994499,1.3601297,1.5339247,1.5874276,1.5888121,3,2,2,1,3,1,https://zibramax.github.io/FEMViewer/?mesh=https://raw.githubusercontent.com/ZibraMax/non-local-frequencies-nanostructures/refs/heads/main/Esferas_cubic_material\Sphere_2.5_0.5_0.2_20250612-133019.json&mode=6&magnif=6
3.515,0.5,1079000000.0,124000000.0,578000000.0,15861.179081,Sphere_2.5_0.5_20250612-133028,Carbon cubic,1.25,0.2,0.4,12823.342868880141,1.3013887,1.3702772,1.4648603,1.5854111,1.5918074,1.7764438,3,2,2,3,3,1,https://zibramax.github.io/FEMViewer/?mesh=https://raw.githubusercontent.com/ZibraMax/non-local-frequencies-nanostructures/refs/heads/main/Esferas_cubic_material\Sphere_2.5_0.5_0.2_20250612-133028.json&mode=6&magnif=6
2.329,0.5,166000000.0,63900000.0,79600000.0,15736.63158,Sphere_2.5_0.5_20250612-133013,Silicon cubic,1.25,0.3,0.4,5846.174706140654,1.3513939,1.4931547,1.5537324,1.8046319,1.8698492,1.8797918,3,2,2,3,1,1,https://zibramax.github.io/FEMViewer/?mesh=https://raw.githubusercontent.com/ZibraMax/non-local-frequencies-nanostructures/refs/heads/main/Esferas_cubic_material\Sphere_2.5_0.5_0.3_20250612-133013.json&mode=6&magnif=6
5.323,0.5,128900000.0,48300000.0,67099999.99999999,15772.495823,Sphere_2.5_0.5_20250612-133019,Germanium cubic,1.25,0.3,0.4,3550.446942624478,1.3167307,1.4460678,1.5510917,1.7935129,1.8127721,1.8214785,3,2,2,3,1,1,https://zibramax.github.io/FEMViewer/?mesh=https://raw.githubusercontent.com/ZibraMax/non-local-frequencies-nanostructures/refs/heads/main/Esferas_cubic_material\Sphere_2.5_0.5_0.3_20250612-133019.json&mode=6&magnif=6
3.515,0.5,1079000000.0,124000000.0,578000000.0,15861.179081,Sphere_2.5_0.5_20250612-133028,Carbon cubic,1.25,0.3,0.4,12823.342868880141,1.4843843,1.5618957,1.6449396,1.7886146,1.8175397,2.0988067,3,2,2,3,3,1,https://zibramax.github.io/FEMViewer/?mesh=https://raw.githubusercontent.com/ZibraMax/non-local-frequencies-nanostructures/refs/heads/main/Esferas_cubic_material\Sphere_2.5_0.5_0.3_20250612-133028.json&mode=6&magnif=6
2.329,0.5,166000000.0,63900000.0,79600000.0,15736.63158,Sphere_2.5_0.5_20250612-133013,Silicon cubic,1.25,0.4,0.4,5846.174706140654,1.4993602,1.6192382,1.7230927,1.9672585,2.0907977,2.118582,3,2,2,3,3,1,https://zibramax.github.io/FEMViewer/?mesh=https://raw.githubusercontent.com/ZibraMax/non-local-frequencies-nanostructures/refs/heads/main/Esferas_cubic_material\Sphere_2.5_0.5_0.4_20250612-133013.json&mode=6&magnif=6
5.323,0.5,128900000.0,48300000.0,67099999.99999999,15772.495823,Sphere_2.5_0.5_20250612-133019,Germanium cubic,1.25,0.4,0.4,3550.446942624478,1.4609386,1.5681667,1.7202727,1.9577351,2.0260958,2.0539551,3,2,2,3,3,1,https://zibramax.github.io/FEMViewer/?mesh=https://raw.githubusercontent.com/ZibraMax/non-local-frequencies-nanostructures/refs/heads/main/Esferas_cubic_material\Sphere_2.5_0.5_0.4_20250612-133019.json&mode=6&magnif=6
3.515,0.5,1079000000.0,124000000.0,578000000.0,15861.179081,Sphere_2.5_0.5_20250612-133028,Carbon cubic,1.25,0.4,0.4,12823.342868880141,1.6466937,1.731847,1.7922929,1.9536264,2.0171789,2.377659,3,2,2,3,3,1,https://zibramax.github.io/FEMViewer/?mesh=https://raw.githubusercontent.com/ZibraMax/non-local-frequencies-nanostructures/refs/heads/main/Esferas_cubic_material\Sphere_2.5_0.5_0.4_20250612-133028.json&mode=6&magnif=6
2.329,0.5,166000000.0,63900000.0,79600000.0,15736.63158,Sphere_2.5_0.5_20250612-133013,Silicon cubic,1.25,0.5,0.4,5846.174706140654,1.6338152,1.7311814,1.8769694,2.109467,2.2814298,2.3409749,3,2,2,3,3,1,https://zibramax.github.io/FEMViewer/?mesh=https://raw.githubusercontent.com/ZibraMax/non-local-frequencies-nanostructures/refs/heads/main/Esferas_cubic_material\Sphere_2.5_0.5_0.5_20250612-133013.json&mode=6&magnif=6
5.323,0.5,128900000.0,48300000.0,67099999.99999999,15772.495823,Sphere_2.5_0.5_20250612-133019,Germanium cubic,1.25,0.5,0.4,3550.446942624478,1.5919756,1.6765664,1.873966,2.1007449,2.2109296,2.2695955,3,2,2,3,3,1,https://zibramax.github.io/FEMViewer/?mesh=https://raw.githubusercontent.com/ZibraMax/non-local-frequencies-nanostructures/refs/heads/main/Esferas_cubic_material\Sphere_2.5_0.5_0.5_20250612-133019.json&mode=6&magnif=6
3.515,0.5,1079000000.0,124000000.0,578000000.0,15861.179081,Sphere_2.5_0.5_20250612-133028,Carbon cubic,1.25,0.5,0.4,12823.342868880141,1.7941957,1.8863161,1.92155,2.0975368,2.1983883,2.5311067,3,2,2,3,3,1,https://zibramax.github.io/FEMViewer/?mesh=https://raw.githubusercontent.com/ZibraMax/non-local-frequencies-nanostructures/refs/heads/main/Esferas_cubic_material\Sphere_2.5_0.5_0.5_20250612-133028.json&mode=6&magnif=6
2.329,0.5,166000000.0,63900000.0,79600000.0,15736.63158,Sphere_2.5_0.5_20250612-133013,Silicon cubic,1.25,0.6,0.4,5846.174706140654,1.7579372,1.8337415,2.0190259,2.2386199,2.456882,2.5439723,3,2,2,3,3,1,https://zibramax.github.io/FEMViewer/?mesh=https://raw.githubusercontent.com/ZibraMax/non-local-frequencies-nanostructures/refs/heads/main/Esferas_cubic_material\Sphere_2.5_0.5_0.6_20250612-133013.json&mode=6&magnif=6
5.323,0.5,128900000.0,48300000.0,67099999.99999999,15772.495823,Sphere_2.5_0.5_20250612-133019,Germanium cubic,1.25,0.6,0.4,3550.446942624478,1.7129405,1.7758788,2.0158429,2.2303307,2.3810317,2.4664278,3,2,2,3,3,1,https://zibramax.github.io/FEMViewer/?mesh=https://raw.githubusercontent.com/ZibraMax/non-local-frequencies-nanostructures/refs/heads/main/Esferas_cubic_material\Sphere_2.5_0.5_0.6_20250612-133019.json&mode=6&magnif=6
3.515,0.5,1079000000.0,124000000.0,578000000.0,15861.179081,Sphere_2.5_0.5_20250612-133028,Carbon cubic,1.25,0.6,0.4,12823.342868880141,1.9303715,2.0289474,2.0390637,2.2278724,2.3655798,2.6688009,3,2,2,3,3,1,https://zibramax.github.io/FEMViewer/?mesh=https://raw.githubusercontent.com/ZibraMax/non-local-frequencies-nanostructures/refs/heads/main/Esferas_cubic_material\Sphere_2.5_0.5_0.6_20250612-133028.json&mode=6&magnif=6
2.329,0.5,166000000.0,63900000.0,79600000.0,15736.63158,Sphere_2.5_0.5_20250612-133013,Silicon cubic,1.25,0.7,0.4,5846.174706140654,1.8738119,1.9293946,2.1516547,2.3584173,2.620382,2.7319124,3,2,2,3,3,1,https://zibramax.github.io/FEMViewer/?mesh=https://raw.githubusercontent.com/ZibraMax/non-local-frequencies-nanostructures/refs/heads/main/Esferas_cubic_material\Sphere_2.5_0.5_0.7_20250612-133013.json&mode=6&magnif=6
5.323,0.5,128900000.0,48300000.0,67099999.99999999,15772.495823,Sphere_2.5_0.5_20250612-133019,Germanium cubic,1.25,0.7,0.4,3550.446942624478,1.8258668,1.868503,2.1482982,2.3503654,2.5395384,2.6486588,3,2,2,3,3,1,https://zibramax.github.io/FEMViewer/?mesh=https://raw.githubusercontent.com/ZibraMax/non-local-frequencies-nanostructures/refs/heads/main/Esferas_cubic_material\Sphere_2.5_0.5_0.7_20250612-133019.json&mode=6&magnif=6
3.515,0.5,1079000000.0,124000000.0,578000000.0,15861.179081,Sphere_2.5_0.5_20250612-133028,Carbon cubic,1.25,0.7,0.4,12823.342868880141,2.057506,2.1481109,2.1621288,2.3485108,2.521614,2.7990068,3,2,2,3,3,1,https://zibramax.github.io/FEMViewer/?mesh=https://raw.githubusercontent.com/ZibraMax/non-local-frequencies-nanostructures/refs/heads/main/Esferas_cubic_material\Sphere_2.5_0.5_0.7_20250612-133028.json&mode=6&magnif=6
2.329,0.5,166000000.0,63900000.0,79600000.0,15736.63158,Sphere_2.5_0.5_20250612-133013,Silicon cubic,1.25,0.8,0.4,5846.174706140654,1.9829009,2.01962,2.2765281,2.4710056,2.7741268,2.9077215,3,2,2,3,3,1,https://zibramax.github.io/FEMViewer/?mesh=https://raw.githubusercontent.com/ZibraMax/non-local-frequencies-nanostructures/refs/heads/main/Esferas_cubic_material\Sphere_2.5_0.5_0.8_20250612-133013.json&mode=6&magnif=6
5.323,0.5,128900000.0,48300000.0,67099999.99999999,15772.495823,Sphere_2.5_0.5_20250612-133019,Germanium cubic,1.25,0.8,0.4,3550.446942624478,1.9321791,1.9558719,2.2730045,2.4630769,2.6885828,2.8191264,3,2,2,3,3,1,https://zibramax.github.io/FEMViewer/?mesh=https://raw.githubusercontent.com/ZibraMax/non-local-frequencies-nanostructures/refs/heads/main/Esferas_cubic_material\Sphere_2.5_0.5_0.8_20250612-133019.json&mode=6&magnif=6
3.515,0.5,1079000000.0,124000000.0,578000000.0,15861.179081,Sphere_2.5_0.5_20250612-133028,Carbon cubic,1.25,0.8,0.4,12823.342868880141,2.1772004,2.2506156,2.2875328,2.4617141,2.6684826,2.9229712,3,2,2,3,3,1,https://zibramax.github.io/FEMViewer/?mesh=https://raw.githubusercontent.com/ZibraMax/non-local-frequencies-nanostructures/refs/heads/main/Esferas_cubic_material\Sphere_2.5_0.5_0.8_20250612-133028.json&mode=6&magnif=6
2.329,0.5,166000000.0,63900000.0,79600000.0,15736.63158,Sphere_2.5_0.5_20250612-133013,Silicon cubic,1.25,0.9,0.4,5846.174706140654,2.086277,2.105392,2.3948727,2.5777634,2.9197012,3.0734848,3,2,2,3,3,1,https://zibramax.github.io/FEMViewer/?mesh=https://raw.githubusercontent.com/ZibraMax/non-local-frequencies-nanostructures/refs/heads/main/Esferas_cubic_material\Sphere_2.5_0.5_0.9_20250612-133013.json&mode=6&magnif=6
5.323,0.5,128900000.0,48300000.0,67099999.99999999,15772.495823,Sphere_2.5_0.5_20250612-133019,Germanium cubic,1.25,0.9,0.4,3550.446942624478,2.0329232,2.0389289,2.3911883,2.5698867,2.8297033,2.9798527,3,2,2,3,3,1,https://zibramax.github.io/FEMViewer/?mesh=https://raw.githubusercontent.com/ZibraMax/non-local-frequencies-nanostructures/refs/heads/main/Esferas_cubic_material\Sphere_2.5_0.5_0.9_20250612-133019.json&mode=6&magnif=6
3.515,0.5,1079000000.0,124000000.0,578000000.0,15861.179081,Sphere_2.5_0.5_20250612-133028,Carbon cubic,1.25,0.9,0.4,12823.342868880141,2.2906302,2.3478217,2.4063869,2.568933,2.8076423,3.0415937,3,2,2,3,3,1,https://zibramax.github.io/FEMViewer/?mesh=https://raw.githubusercontent.com/ZibraMax/non-local-frequencies-nanostructures/refs/heads/main/Esferas_cubic_material\Sphere_2.5_0.5_0.9_20250612-133028.json&mode=6&magnif=6
2.329,0.5,166000000.0,63900000.0,79600000.0,15736.63158,Sphere_2.5_0.5_20250612-133013,Silicon cubic,1.25,1.0,0.4,5846.174706140654,2.1847559,2.1873989,2.5076203,2.6796447,3.058297,3.2307505,3,2,2,3,3,1,https://zibramax.github.io/FEMViewer/?mesh=https://raw.githubusercontent.com/ZibraMax/non-local-frequencies-nanostructures/refs/heads/main/Esferas_cubic_material\Sphere_2.5_0.5_1.0_20250612-133013.json&mode=6&magnif=6
5.323,0.5,128900000.0,48300000.0,67099999.99999999,15772.495823,Sphere_2.5_0.5_20250612-133019,Germanium cubic,1.25,1.0,0.4,3550.446942624478,2.1183404,2.1288943,2.503781,2.6717733,2.9640562,3.1323392,2,3,2,3,3,1,https://zibramax.github.io/FEMViewer/?mesh=https://raw.githubusercontent.com/ZibraMax/non-local-frequencies-nanostructures/refs/heads/main/Esferas_cubic_material\Sphere_2.5_0.5_1.0_20250612-133019.json&mode=6&magnif=6
3.515,0.5,1079000000.0,124000000.0,578000000.0,15861.179081,Sphere_2.5_0.5_20250612-133028,Carbon cubic,1.25,1.0,0.4,12823.342868880141,2.3986898,2.4405927,2.5196249,2.6711669,2.9401984,3.1555582,3,2,2,3,3,1,https://zibramax.github.io/FEMViewer/?mesh=https://raw.githubusercontent.com/ZibraMax/non-local-frequencies-nanostructures/refs/heads/main/Esferas_cubic_material\Sphere_2.5_0.5_1.0_20250612-133028.json&mode=6&magnif=6
3.515,1.0,1079000000.0,124000000.0,578000000.0,6227.720903,Sphere_2.5_1.0_20250612-181720,Carbon cubic,1.25,0.0,0.8,12823.342868880141,0.0547612,0.0548522,0.0549994,0.0554837,0.0557963,0.0558923,3,2,3,3,2,1,https://zibramax.github.io/FEMViewer/?mesh=https://raw.githubusercontent.com/ZibraMax/non-local-frequencies-nanostructures/refs/heads/main/Esferas_cubic_material\Sphere_2.5_1.0_0.0_20250612-181720.json&mode=6&magnif=6
5.323,1.0,128900000.0,48300000.0,67099999.99999999,5938.96132,Sphere_2.5_1.0_20250612-182220,Germanium cubic,1.25,0.0,0.8,3550.446942624478,0.0548332,0.0549453,0.0551028,0.0551471,0.05528,0.0555042,3,2,3,3,2,1,https://zibramax.github.io/FEMViewer/?mesh=https://raw.githubusercontent.com/ZibraMax/non-local-frequencies-nanostructures/refs/heads/main/Esferas_cubic_material\Sphere_2.5_1.0_0.0_20250612-182220.json&mode=6&magnif=6
2.329,1.0,166000000.0,63900000.0,79600000.0,5709.20092,Sphere_2.5_1.0_20250612-182629,Silicon cubic,1.25,0.0,0.8,5846.174706140654,0.0556434,0.0557582,0.0559426,0.0562284,0.0563638,0.0566048,3,2,3,3,2,1,https://zibramax.github.io/FEMViewer/?mesh=https://raw.githubusercontent.com/ZibraMax/non-local-frequencies-nanostructures/refs/heads/main/Esferas_cubic_material\Sphere_2.5_1.0_0.0_20250612-182629.json&mode=6&magnif=6
3.515,1.0,1079000000.0,124000000.0,578000000.0,6227.720903,Sphere_2.5_1.0_20250612-181720,Carbon cubic,1.25,0.1,0.8,12823.342868880141,0.8259046,0.8684508,0.9424023,1.0106935,1.0225208,1.1762367,3,2,2,3,3,1,https://zibramax.github.io/FEMViewer/?mesh=https://raw.githubusercontent.com/ZibraMax/non-local-frequencies-nanostructures/refs/heads/main/Esferas_cubic_material\Sphere_2.5_1.0_0.1_20250612-181720.json&mode=6&magnif=6
5.323,1.0,128900000.0,48300000.0,67099999.99999999,5938.96132,Sphere_2.5_1.0_20250612-182220,Germanium cubic,1.25,0.1,0.8,3550.446942624478,0.732812,0.8344483,0.8623361,1.0129961,1.016278,1.0250007,3,2,2,3,1,1,https://zibramax.github.io/FEMViewer/?mesh=https://raw.githubusercontent.com/ZibraMax/non-local-frequencies-nanostructures/refs/heads/main/Esferas_cubic_material\Sphere_2.5_1.0_0.1_20250612-182220.json&mode=6&magnif=6
2.329,1.0,166000000.0,63900000.0,79600000.0,5709.20092,Sphere_2.5_1.0_20250612-182629,Silicon cubic,1.25,0.1,0.8,5846.174706140654,0.7520745,0.8615198,0.8638277,1.0330593,1.0453279,1.0482306,3,2,2,3,3,1,https://zibramax.github.io/FEMViewer/?mesh=https://raw.githubusercontent.com/ZibraMax/non-local-frequencies-nanostructures/refs/heads/main/Esferas_cubic_material\Sphere_2.5_1.0_0.1_20250612-182629.json&mode=6&magnif=6
3.515,1.0,1079000000.0,124000000.0,578000000.0,6227.720903,Sphere_2.5_1.0_20250612-181720,Carbon cubic,1.25,0.2,0.8,12823.342868880141,1.1162924,1.1732121,1.2236383,1.3342217,1.3673486,1.6375822,3,2,2,3,3,1,https://zibramax.github.io/FEMViewer/?mesh=https://raw.githubusercontent.com/ZibraMax/non-local-frequencies-nanostructures/refs/heads/main/Esferas_cubic_material\Sphere_2.5_1.0_0.2_20250612-181720.json&mode=6&magnif=6
5.323,1.0,128900000.0,48300000.0,67099999.99999999,5938.96132,Sphere_2.5_1.0_20250612-182220,Germanium cubic,1.25,0.2,0.8,3550.446942624478,0.9906014,1.0714592,1.1654492,1.3366261,1.3750147,1.4171471,3,2,2,3,3,1,https://zibramax.github.io/FEMViewer/?mesh=https://raw.githubusercontent.com/ZibraMax/non-local-frequencies-nanostructures/refs/heads/main/Esferas_cubic_material\Sphere_2.5_1.0_0.2_20250612-182220.json&mode=6&magnif=6
2.329,1.0,166000000.0,63900000.0,79600000.0,5709.20092,Sphere_2.5_1.0_20250612-182629,Silicon cubic,1.25,0.2,0.8,5846.174706140654,1.0166171,1.1062839,1.1673357,1.3431421,1.4188033,1.4616863,3,2,2,3,3,1,https://zibramax.github.io/FEMViewer/?mesh=https://raw.githubusercontent.com/ZibraMax/non-local-frequencies-nanostructures/refs/heads/main/Esferas_cubic_material\Sphere_2.5_1.0_0.2_20250612-182629.json&mode=6&magnif=6
3.515,1.0,1079000000.0,124000000.0,578000000.0,6227.720903,Sphere_2.5_1.0_20250612-181720,Carbon cubic,1.25,0.3,0.8,12823.342868880141,1.3452512,1.4135499,1.4388715,1.5714771,1.6482895,1.89765,3,2,2,3,3,1,https://zibramax.github.io/FEMViewer/?mesh=https://raw.githubusercontent.com/ZibraMax/non-local-frequencies-nanostructures/refs/heads/main/Esferas_cubic_material\Sphere_2.5_1.0_0.3_20250612-181720.json&mode=6&magnif=6
5.323,1.0,128900000.0,48300000.0,67099999.99999999,5938.96132,Sphere_2.5_1.0_20250612-182220,Germanium cubic,1.25,0.3,0.8,3550.446942624478,1.1938435,1.2551807,1.404392,1.5733321,1.6592802,1.7273483,3,2,2,3,3,1,https://zibramax.github.io/FEMViewer/?mesh=https://raw.githubusercontent.com/ZibraMax/non-local-frequencies-nanostructures/refs/heads/main/Esferas_cubic_material\Sphere_2.5_1.0_0.3_20250612-182220.json&mode=6&magnif=6
2.329,1.0,166000000.0,63900000.0,79600000.0,5709.20092,Sphere_2.5_1.0_20250612-182629,Silicon cubic,1.25,0.3,0.8,5846.174706140654,1.2251862,1.2960208,1.4066148,1.5796384,1.712085,1.7816291,3,2,2,3,3,1,https://zibramax.github.io/FEMViewer/?mesh=https://raw.githubusercontent.com/ZibraMax/non-local-frequencies-nanostructures/refs/heads/main/Esferas_cubic_material\Sphere_2.5_1.0_0.3_20250612-182629.json&mode=6&magnif=6
3.515,1.0,1079000000.0,124000000.0,578000000.0,6227.720903,Sphere_2.5_1.0_20250612-181720,Carbon cubic,1.25,0.4,0.8,12823.342868880141,1.5405168,1.6185448,1.6225169,1.7734414,1.8878141,2.1244959,3,2,2,3,3,1,https://zibramax.github.io/FEMViewer/?mesh=https://raw.githubusercontent.com/ZibraMax/non-local-frequencies-nanostructures/refs/heads/main/Esferas_cubic_material\Sphere_2.5_1.0_0.4_20250612-181720.json&mode=6&magnif=6
5.323,1.0,128900000.0,48300000.0,67099999.99999999,5938.96132,Sphere_2.5_1.0_20250612-182220,Germanium cubic,1.25,0.4,0.8,3550.446942624478,1.3671708,1.4127762,1.6081696,1.7749307,1.9013871,1.9897596,3,2,2,3,3,1,https://zibramax.github.io/FEMViewer/?mesh=https://raw.githubusercontent.com/ZibraMax/non-local-frequencies-nanostructures/refs/heads/main/Esferas_cubic_material\Sphere_2.5_1.0_0.4_20250612-182220.json&mode=6&magnif=6
2.329,1.0,166000000.0,63900000.0,79600000.0,5709.20092,Sphere_2.5_1.0_20250612-182629,Silicon cubic,1.25,0.4,0.8,5846.174706140654,1.4030574,1.4587732,1.6106864,1.7813336,1.9618764,2.052282,3,2,2,3,3,1,https://zibramax.github.io/FEMViewer/?mesh=https://raw.githubusercontent.com/ZibraMax/non-local-frequencies-nanostructures/refs/heads/main/Esferas_cubic_material\Sphere_2.5_1.0_0.4_20250612-182629.json&mode=6&magnif=6
3.515,1.0,1079000000.0,124000000.0,578000000.0,6227.720903,Sphere_2.5_1.0_20250612-181720,Carbon cubic,1.25,0.5,0.8,12823.342868880141,1.7136635,1.7861009,1.8003327,1.9531345,2.1001744,2.328738,3,2,2,3,3,1,https://zibramax.github.io/FEMViewer/?mesh=https://raw.githubusercontent.com/ZibraMax/non-local-frequencies-nanostructures/refs/heads/main/Esferas_cubic_material\Sphere_2.5_1.0_0.5_20250612-181720.json&mode=6&magnif=6
5.323,1.0,128900000.0,48300000.0,67099999.99999999,5938.96132,Sphere_2.5_1.0_20250612-182220,Germanium cubic,1.25,0.5,0.8,3550.446942624478,1.5208612,1.55353,1.7888657,1.9543711,2.115926,2.2213844,3,2,2,3,3,1,https://zibramax.github.io/FEMViewer/?mesh=https://raw.githubusercontent.com/ZibraMax/non-local-frequencies-nanostructures/refs/heads/main/Esferas_cubic_material\Sphere_2.5_1.0_0.5_20250612-182220.json&mode=6&magnif=6
2.329,1.0,166000000.0,63900000.0,79600000.0,5709.20092,Sphere_2.5_1.0_20250612-182629,Silicon cubic,1.25,0.5,0.8,5846.174706140654,1.5607774,1.6041305,1.7916464,1.9609732,2.183227,2.2911818,3,2,2,3,3,1,https://zibramax.github.io/FEMViewer/?mesh=https://raw.githubusercontent.com/ZibraMax/non-local-frequencies-nanostructures/refs/heads/main/Esferas_cubic_material\Sphere_2.5_1.0_0.5_20250612-182629.json&mode=6&magnif=6
3.515,1.0,1079000000.0,124000000.0,578000000.0,6227.720903,Sphere_2.5_1.0_20250612-181720,Carbon cubic,1.25,0.6,0.8,12823.342868880141,1.8708482,1.9352967,1.9653706,2.116913,2.2929406,2.5161686,3,2,2,3,3,1,https://zibramax.github.io/FEMViewer/?mesh=https://raw.githubusercontent.com/ZibraMax/non-local-frequencies-nanostructures/refs/heads/main/Esferas_cubic_material\Sphere_2.5_1.0_0.6_20250612-181720.json&mode=6&magnif=6
5.323,1.0,128900000.0,48300000.0,67099999.99999999,5938.96132,Sphere_2.5_1.0_20250612-182220,Germanium cubic,1.25,0.6,0.8,3550.446942624478,1.6603812,1.6821023,1.9529058,2.1179631,2.3106096,2.4310391,3,2,2,3,3,1,https://zibramax.github.io/FEMViewer/?mesh=https://raw.githubusercontent.com/ZibraMax/non-local-frequencies-nanostructures/refs/heads/main/Esferas_cubic_material\Sphere_2.5_1.0_0.6_20250612-182220.json&mode=6&magnif=6
2.329,1.0,166000000.0,63900000.0,79600000.0,5709.20092,Sphere_2.5_1.0_20250612-182629,Silicon cubic,1.25,0.6,0.8,5846.174706140654,1.7039559,1.7369063,1.9559277,2.1248044,2.3840933,2.5074217,3,2,2,3,3,1,https://zibramax.github.io/FEMViewer/?mesh=https://raw.githubusercontent.com/ZibraMax/non-local-frequencies-nanostructures/refs/heads/main/Esferas_cubic_material\Sphere_2.5_1.0_0.6_20250612-182629.json&mode=6&magnif=6
3.515,1.0,1079000000.0,124000000.0,578000000.0,6227.720903,Sphere_2.5_1.0_20250612-181720,Carbon cubic,1.25,0.7,0.8,12823.342868880141,2.0158104,2.073453,2.1175812,2.2685081,2.4707072,2.6904181,3,2,2,3,3,1,https://zibramax.github.io/FEMViewer/?mesh=https://raw.githubusercontent.com/ZibraMax/non-local-frequencies-nanostructures/refs/heads/main/Esferas_cubic_material\Sphere_2.5_1.0_0.7_20250612-181720.json&mode=6&magnif=6
5.323,1.0,128900000.0,48300000.0,67099999.99999999,5938.96132,Sphere_2.5_1.0_20250612-182220,Germanium cubic,1.25,0.7,0.8,3550.446942624478,1.789051,1.8012792,2.104192,2.2694133,2.4901076,2.6239954,3,2,2,3,3,1,https://zibramax.github.io/FEMViewer/?mesh=https://raw.githubusercontent.com/ZibraMax/non-local-frequencies-nanostructures/refs/heads/main/Esferas_cubic_material\Sphere_2.5_1.0_0.7_20250612-182220.json&mode=6&magnif=6
2.329,1.0,166000000.0,63900000.0,79600000.0,5709.20092,Sphere_2.5_1.0_20250612-182629,Silicon cubic,1.25,0.7,0.8,5846.174706140654,1.836,1.8599784,2.1074374,2.2765093,2.5692925,2.7064389,3,2,2,3,3,1,https://zibramax.github.io/FEMViewer/?mesh=https://raw.githubusercontent.com/ZibraMax/non-local-frequencies-nanostructures/refs/heads/main/Esferas_cubic_material\Sphere_2.5_1.0_0.7_20250612-182629.json&mode=6&magnif=6
3.515,1.0,1079000000.0,124000000.0,578000000.0,6227.720903,Sphere_2.5_1.0_20250612-181720,Carbon cubic,1.25,0.8,0.8,12823.342868880141,2.1510237,2.2027632,2.2595595,2.4103552,2.6365119,2.8539564,3,2,2,3,3,1,https://zibramax.github.io/FEMViewer/?mesh=https://raw.githubusercontent.com/ZibraMax/non-local-frequencies-nanostructures/refs/heads/main/Esferas_cubic_material\Sphere_2.5_1.0_0.8_20250612-181720.json&mode=6&magnif=6
5.323,1.0,128900000.0,48300000.0,67099999.99999999,5938.96132,Sphere_2.5_1.0_20250612-182220,Germanium cubic,1.25,0.8,0.8,3550.446942624478,1.9090668,1.9129019,2.2453052,2.4111431,2.6575027,2.8037032,3,2,2,3,3,1,https://zibramax.github.io/FEMViewer/?mesh=https://raw.githubusercontent.com/ZibraMax/non-local-frequencies-nanostructures/refs/heads/main/Esferas_cubic_material\Sphere_2.5_1.0_0.8_20250612-182220.json&mode=6&magnif=6
2.329,1.0,166000000.0,63900000.0,79600000.0,5709.20092,Sphere_2.5_1.0_20250612-182629,Silicon cubic,1.25,0.8,0.8,5846.174706140654,1.9591631,1.9752487,2.24876,2.4184988,2.7420049,2.8917915,3,2,2,3,3,1,https://zibramax.github.io/FEMViewer/?mesh=https://raw.githubusercontent.com/ZibraMax/non-local-frequencies-nanostructures/refs/heads/main/Esferas_cubic_material\Sphere_2.5_1.0_0.8_20250612-182629.json&mode=6&magnif=6
3.515,1.0,1079000000.0,124000000.0,578000000.0,6227.720903,Sphere_2.5_1.0_20250612-181720,Carbon cubic,1.25,0.9,0.8,12823.342868880141,2.2782251,2.3247659,2.393128,2.5441578,2.7924872,3.0085597,3,2,2,3,3,1,https://zibramax.github.io/FEMViewer/?mesh=https://raw.githubusercontent.com/ZibraMax/non-local-frequencies-nanostructures/refs/heads/main/Esferas_cubic_material\Sphere_2.5_1.0_0.9_20250612-181720.json&mode=6&magnif=6
5.323,1.0,128900000.0,48300000.0,67099999.99999999,5938.96132,Sphere_2.5_1.0_20250612-182220,Germanium cubic,1.25,0.9,0.8,3550.446942624478,2.0182691,2.0219705,2.378058,2.5448478,2.814957,2.9725663,2,3,2,3,3,1,https://zibramax.github.io/FEMViewer/?mesh=https://raw.githubusercontent.com/ZibraMax/non-local-frequencies-nanostructures/refs/heads/main/Esferas_cubic_material\Sphere_2.5_1.0_0.9_20250612-182220.json&mode=6&magnif=6
2.329,1.0,166000000.0,63900000.0,79600000.0,5709.20092,Sphere_2.5_1.0_20250612-182629,Silicon cubic,1.25,0.9,0.8,5846.174706140654,2.0750279,2.0840585,2.3817101,2.5524628,2.904461,3.0659589,3,2,2,3,3,1,https://zibramax.github.io/FEMViewer/?mesh=https://raw.githubusercontent.com/ZibraMax/non-local-frequencies-nanostructures/refs/heads/main/Esferas_cubic_material\Sphere_2.5_1.0_0.9_20250612-182629.json&mode=6&magnif=6
3.515,1.0,1079000000.0,124000000.0,578000000.0,6227.720903,Sphere_2.5_1.0_20250612-181720,Carbon cubic,1.25,1.0,0.8,12823.342868880141,2.3986898,2.4405927,2.5196249,2.6711669,2.9401984,3.1555582,3,2,2,3,3,1,https://zibramax.github.io/FEMViewer/?mesh=https://raw.githubusercontent.com/ZibraMax/non-local-frequencies-nanostructures/refs/heads/main/Esferas_cubic_material\Sphere_2.5_1.0_1.0_20250612-181720.json&mode=6&magnif=6
5.323,1.0,128900000.0,48300000.0,67099999.99999999,5938.96132,Sphere_2.5_1.0_20250612-182220,Germanium cubic,1.25,1.0,0.8,3550.446942624478,2.1183404,2.1288943,2.503781,2.6717733,2.9640562,3.1323392,2,3,2,3,3,1,https://zibramax.github.io/FEMViewer/?mesh=https://raw.githubusercontent.com/ZibraMax/non-local-frequencies-nanostructures/refs/heads/main/Esferas_cubic_material\Sphere_2.5_1.0_1.0_20250612-182220.json&mode=6&magnif=6
2.329,1.0,166000000.0,63900000.0,79600000.0,5709.20092,Sphere_2.5_1.0_20250612-182629,Silicon cubic,1.25,1.0,0.8,5846.174706140654,2.1847559,2.1873989,2.5076203,2.6796447,3.058297,3.2307505,3,2,2,3,3,1,https://zibramax.github.io/FEMViewer/?mesh=https://raw.githubusercontent.com/ZibraMax/non-local-frequencies-nanostructures/refs/heads/main/Esferas_cubic_material\Sphere_2.5_1.0_1.0_20250612-182629.json&mode=6&magnif=6
2.329,1.25,166000000.0,63900000.0,79600000.0,15709.212145,Sphere_2.5_1.25_20250612-133015,Silicon cubic,1.25,0.0,1.0,5846.174706140654,0.03564,0.0357138,0.0358324,0.036015,0.0361,0.036256,3,2,3,3,2,1,https://zibramax.github.io/FEMViewer/?mesh=https://raw.githubusercontent.com/ZibraMax/non-local-frequencies-nanostructures/refs/heads/main/Esferas_cubic_material\Sphere_2.5_1.25_0.0_20250612-133015.json&mode=6&magnif=6
5.323,1.25,128900000.0,48300000.0,67099999.99999999,15772.112888,Sphere_2.5_1.25_20250612-133021,Germanium cubic,1.25,0.0,1.0,3550.446942624478,0.0351211,0.0351935,0.0352946,0.0353218,0.0354054,0.0355506,3,2,3,3,2,1,https://zibramax.github.io/FEMViewer/?mesh=https://raw.githubusercontent.com/ZibraMax/non-local-frequencies-nanostructures/refs/heads/main/Esferas_cubic_material\Sphere_2.5_1.25_0.0_20250612-133021.json&mode=6&magnif=6
3.515,1.25,1079000000.0,124000000.0,578000000.0,15840.028214,Sphere_2.5_1.25_20250612-133033,Carbon cubic,1.25,0.0,1.0,12823.342868880141,0.0350752,0.0351333,0.0352287,0.0355398,0.035742,0.0358033,3,2,3,3,2,1,https://zibramax.github.io/FEMViewer/?mesh=https://raw.githubusercontent.com/ZibraMax/non-local-frequencies-nanostructures/refs/heads/main/Esferas_cubic_material\Sphere_2.5_1.25_0.0_20250612-133033.json&mode=6&magnif=6
2.329,1.25,166000000.0,63900000.0,79600000.0,15709.212145,Sphere_2.5_1.25_20250612-133015,Silicon cubic,1.25,0.1,1.0,5846.174706140654,0.7230135,0.808251,0.8301869,0.97683,1.0082054,1.0339241,3,2,2,3,3,1,https://zibramax.github.io/FEMViewer/?mesh=https://raw.githubusercontent.com/ZibraMax/non-local-frequencies-nanostructures/refs/heads/main/Esferas_cubic_material\Sphere_2.5_1.25_0.1_20250612-133015.json&mode=6&magnif=6
5.323,1.25,128900000.0,48300000.0,67099999.99999999,15772.112888,Sphere_2.5_1.25_20250612-133021,Germanium cubic,1.25,0.1,1.0,3550.446942624478,0.7045104,0.7828442,0.8288261,0.9711107,0.9770845,1.00242,3,2,2,3,3,1,https://zibramax.github.io/FEMViewer/?mesh=https://raw.githubusercontent.com/ZibraMax/non-local-frequencies-nanostructures/refs/heads/main/Esferas_cubic_material\Sphere_2.5_1.25_0.1_20250612-133021.json&mode=6&magnif=6
3.515,1.25,1079000000.0,124000000.0,578000000.0,15840.028214,Sphere_2.5_1.25_20250612-133033,Carbon cubic,1.25,0.1,1.0,12823.342868880141,0.7939049,0.834423,0.8901618,0.9689458,0.9722346,1.1600868,3,2,2,3,3,1,https://zibramax.github.io/FEMViewer/?mesh=https://raw.githubusercontent.com/ZibraMax/non-local-frequencies-nanostructures/refs/heads/main/Esferas_cubic_material\Sphere_2.5_1.25_0.1_20250612-133033.json&mode=6&magnif=6
2.329,1.25,166000000.0,63900000.0,79600000.0,15709.212145,Sphere_2.5_1.25_20250612-133015,Silicon cubic,1.25,0.2,1.0,5846.174706140654,0.9975629,1.0618142,1.1452175,1.29329,1.3940855,1.4525801,3,2,2,3,3,1,https://zibramax.github.io/FEMViewer/?mesh=https://raw.githubusercontent.com/ZibraMax/non-local-frequencies-nanostructures/refs/heads/main/Esferas_cubic_material\Sphere_2.5_1.25_0.2_20250612-133015.json&mode=6&magnif=6
5.323,1.25,128900000.0,48300000.0,67099999.99999999,15772.112888,Sphere_2.5_1.25_20250612-133021,Germanium cubic,1.25,0.2,1.0,3550.446942624478,0.9720457,1.0283696,1.1434098,1.2879572,1.3510956,1.4083269,3,2,2,3,3,1,https://zibramax.github.io/FEMViewer/?mesh=https://raw.githubusercontent.com/ZibraMax/non-local-frequencies-nanostructures/refs/heads/main/Esferas_cubic_material\Sphere_2.5_1.25_0.2_20250612-133021.json&mode=6&magnif=6
3.515,1.25,1079000000.0,124000000.0,578000000.0,15840.028214,Sphere_2.5_1.25_20250612-133033,Carbon cubic,1.25,0.2,1.0,12823.342868880141,1.0953069,1.1508591,1.1780593,1.2863563,1.3420389,1.5586001,3,2,2,3,3,1,https://zibramax.github.io/FEMViewer/?mesh=https://raw.githubusercontent.com/ZibraMax/non-local-frequencies-nanostructures/refs/heads/main/Esferas_cubic_material\Sphere_2.5_1.25_0.2_20250612-133033.json&mode=6&magnif=6
2.329,1.25,166000000.0,63900000.0,79600000.0,15709.212145,Sphere_2.5_1.25_20250612-133015,Silicon cubic,1.25,0.3,1.0,5846.174706140654,1.2113707,1.2607014,1.3905623,1.539325,1.6940748,1.7750955,3,2,2,3,3,1,https://zibramax.github.io/FEMViewer/?mesh=https://raw.githubusercontent.com/ZibraMax/non-local-frequencies-nanostructures/refs/heads/main/Esferas_cubic_material\Sphere_2.5_1.25_0.3_20250612-133015.json&mode=6&magnif=6
5.323,1.25,128900000.0,48300000.0,67099999.99999999,15772.112888,Sphere_2.5_1.25_20250612-133021,Germanium cubic,1.25,0.3,1.0,3550.446942624478,1.1803896,1.2209569,1.3883949,1.533777,1.6418503,1.72102,3,2,2,3,3,1,https://zibramax.github.io/FEMViewer/?mesh=https://raw.githubusercontent.com/ZibraMax/non-local-frequencies-nanostructures/refs/heads/main/Esferas_cubic_material\Sphere_2.5_1.25_0.3_20250612-133021.json&mode=6&magnif=6
3.515,1.25,1079000000.0,124000000.0,578000000.0,15840.028214,Sphere_2.5_1.25_20250612-133033,Carbon cubic,1.25,0.3,1.0,12823.342868880141,1.3300342,1.3973317,1.4020868,1.5325181,1.6299158,1.8370663,3,2,2,3,3,1,https://zibramax.github.io/FEMViewer/?mesh=https://raw.githubusercontent.com/ZibraMax/non-local-frequencies-nanostructures/refs/heads/main/Esferas_cubic_material\Sphere_2.5_1.25_0.3_20250612-133033.json&mode=6&magnif=6
2.329,1.25,166000000.0,63900000.0,79600000.0,15709.212145,Sphere_2.5_1.25_20250612-133015,Silicon cubic,1.25,0.4,1.0,5846.174706140654,1.3927247,1.4310622,1.5986746,1.7494344,1.9483737,2.0474217,3,2,2,3,3,1,https://zibramax.github.io/FEMViewer/?mesh=https://raw.githubusercontent.com/ZibraMax/non-local-frequencies-nanostructures/refs/heads/main/Esferas_cubic_material\Sphere_2.5_1.25_0.4_20250612-133015.json&mode=6&magnif=6
5.323,1.25,128900000.0,48300000.0,67099999.99999999,15772.112888,Sphere_2.5_1.25_20250612-133021,Germanium cubic,1.25,0.4,1.0,3550.446942624478,1.3571086,1.3859249,1.5961987,1.7435604,1.8883189,1.9850521,3,2,2,3,3,1,https://zibramax.github.io/FEMViewer/?mesh=https://raw.githubusercontent.com/ZibraMax/non-local-frequencies-nanostructures/refs/heads/main/Esferas_cubic_material\Sphere_2.5_1.25_0.4_20250612-133021.json&mode=6&magnif=6
3.515,1.25,1079000000.0,124000000.0,578000000.0,15840.028214,Sphere_2.5_1.25_20250612-133033,Carbon cubic,1.25,0.4,1.0,12823.342868880141,1.5291353,1.5934263,1.6064108,1.7425036,1.8740638,2.0777807,3,2,2,3,3,1,https://zibramax.github.io/FEMViewer/?mesh=https://raw.githubusercontent.com/ZibraMax/non-local-frequencies-nanostructures/refs/heads/main/Esferas_cubic_material\Sphere_2.5_1.25_0.4_20250612-133033.json&mode=6&magnif=6
2.329,1.25,166000000.0,63900000.0,79600000.0,15709.212145,Sphere_2.5_1.25_20250612-133015,Silicon cubic,1.25,0.5,1.0,5846.174706140654,1.5530407,1.5827597,1.7826498,1.936251,2.1731022,2.2875545,3,2,2,3,3,1,https://zibramax.github.io/FEMViewer/?mesh=https://raw.githubusercontent.com/ZibraMax/non-local-frequencies-nanostructures/refs/heads/main/Esferas_cubic_material\Sphere_2.5_1.25_0.5_20250612-133015.json&mode=6&magnif=6
5.323,1.25,128900000.0,48300000.0,67099999.99999999,15772.112888,Sphere_2.5_1.25_20250612-133021,Germanium cubic,1.25,0.5,1.0,3550.446942624478,1.5133269,1.5328224,1.7798994,1.9300276,2.1061266,2.2178711,3,2,2,3,3,1,https://zibramax.github.io/FEMViewer/?mesh=https://raw.githubusercontent.com/ZibraMax/non-local-frequencies-nanostructures/refs/heads/main/Esferas_cubic_material\Sphere_2.5_1.25_0.5_20250612-133021.json&mode=6&magnif=6
3.515,1.25,1079000000.0,124000000.0,578000000.0,15840.028214,Sphere_2.5_1.25_20250612-133033,Carbon cubic,1.25,0.5,1.0,12823.342868880141,1.7051413,1.7635605,1.7912453,1.9291048,2.089875,2.2930823,3,2,2,3,3,1,https://zibramax.github.io/FEMViewer/?mesh=https://raw.githubusercontent.com/ZibraMax/non-local-frequencies-nanostructures/refs/heads/main/Esferas_cubic_material\Sphere_2.5_1.25_0.5_20250612-133033.json&mode=6&magnif=6
2.329,1.25,166000000.0,63900000.0,79600000.0,15709.212145,Sphere_2.5_1.25_20250612-133015,Silicon cubic,1.25,0.6,1.0,5846.174706140654,1.6982885,1.7209344,1.9493361,2.1062685,2.3766694,2.5047704,3,2,2,3,3,1,https://zibramax.github.io/FEMViewer/?mesh=https://raw.githubusercontent.com/ZibraMax/non-local-frequencies-nanostructures/refs/heads/main/Esferas_cubic_material\Sphere_2.5_1.25_0.6_20250612-133015.json&mode=6&magnif=6
5.323,1.25,128900000.0,48300000.0,67099999.99999999,15772.112888,Sphere_2.5_1.25_20250612-133021,Germanium cubic,1.25,0.6,1.0,3550.446942624478,1.6548621,1.6666262,1.9463362,2.0996962,2.3034242,2.4284712,3,2,2,3,3,1,https://zibramax.github.io/FEMViewer/?mesh=https://raw.githubusercontent.com/ZibraMax/non-local-frequencies-nanostructures/refs/heads/main/Esferas_cubic_material\Sphere_2.5_1.25_0.6_20250612-133021.json&mode=6&magnif=6
3.515,1.25,1079000000.0,124000000.0,578000000.0,15840.028214,Sphere_2.5_1.25_20250612-133033,Carbon cubic,1.25,0.6,1.0,12823.342868880141,1.8646053,1.9183987,1.9587128,2.0988699,2.2853941,2.4897031,3,2,2,3,3,1,https://zibramax.github.io/FEMViewer/?mesh=https://raw.githubusercontent.com/ZibraMax/non-local-frequencies-nanostructures/refs/heads/main/Esferas_cubic_material\Sphere_2.5_1.25_0.6_20250612-133033.json&mode=6&magnif=6
2.329,1.25,166000000.0,63900000.0,79600000.0,15709.212145,Sphere_2.5_1.25_20250612-133015,Silicon cubic,1.25,0.7,1.0,5846.174706140654,1.8320561,1.8487014,2.1028497,2.2633924,2.5641228,2.7045968,3,2,2,3,3,1,https://zibramax.github.io/FEMViewer/?mesh=https://raw.githubusercontent.com/ZibraMax/non-local-frequencies-nanostructures/refs/heads/main/Esferas_cubic_material\Sphere_2.5_1.25_0.7_20250612-133015.json&mode=6&magnif=6
5.323,1.25,128900000.0,48300000.0,67099999.99999999,15772.112888,Sphere_2.5_1.25_20250612-133021,Germanium cubic,1.25,0.7,1.0,3550.446942624478,1.7852104,1.7903523,2.0996195,2.2564793,2.4851039,2.6222112,3,2,2,3,3,1,https://zibramax.github.io/FEMViewer/?mesh=https://raw.githubusercontent.com/ZibraMax/non-local-frequencies-nanostructures/refs/heads/main/Esferas_cubic_material\Sphere_2.5_1.25_0.7_20250612-133021.json&mode=6&magnif=6
3.515,1.25,1079000000.0,124000000.0,578000000.0,15840.028214,Sphere_2.5_1.25_20250612-133033,Carbon cubic,1.25,0.7,1.0,12823.342868880141,2.0114659,2.0614958,2.1129476,2.2557265,2.4654547,2.671823,3,2,2,3,3,1,https://zibramax.github.io/FEMViewer/?mesh=https://raw.githubusercontent.com/ZibraMax/non-local-frequencies-nanostructures/refs/heads/main/Esferas_cubic_material\Sphere_2.5_1.25_0.7_20250612-133033.json&mode=6&magnif=6
2.329,1.25,166000000.0,63900000.0,79600000.0,15709.212145,Sphere_2.5_1.25_20250612-133015,Silicon cubic,1.25,0.8,1.0,5846.174706140654,1.9566996,1.9681268,2.245894,2.4102011,2.738774,2.8906422,3,2,2,3,3,1,https://zibramax.github.io/FEMViewer/?mesh=https://raw.githubusercontent.com/ZibraMax/non-local-frequencies-nanostructures/refs/heads/main/Esferas_cubic_material\Sphere_2.5_1.25_0.8_20250612-133015.json&mode=6&magnif=6
5.323,1.25,128900000.0,48300000.0,67099999.99999999,15772.112888,Sphere_2.5_1.25_20250612-133021,Germanium cubic,1.25,0.8,1.0,3550.446942624478,1.9060012,1.9066678,2.2424488,2.4029577,2.6543756,2.80259,2,3,2,3,3,1,https://zibramax.github.io/FEMViewer/?mesh=https://raw.githubusercontent.com/ZibraMax/non-local-frequencies-nanostructures/refs/heads/main/Esferas_cubic_material\Sphere_2.5_1.25_0.8_20250612-133021.json&mode=6&magnif=6
3.515,1.25,1079000000.0,124000000.0,578000000.0,15840.028214,Sphere_2.5_1.25_20250612-133033,Carbon cubic,1.25,0.8,1.0,12823.342868880141,2.14831,2.1951996,2.2566649,2.4022634,2.6332305,2.8422557,3,2,2,3,3,1,https://zibramax.github.io/FEMViewer/?mesh=https://raw.githubusercontent.com/ZibraMax/non-local-frequencies-nanostructures/refs/heads/main/Esferas_cubic_material\Sphere_2.5_1.25_0.8_20250612-133033.json&mode=6&magnif=6
2.329,1.25,166000000.0,63900000.0,79600000.0,15709.212145,Sphere_2.5_1.25_20250612-133015,Silicon cubic,1.25,0.9,1.0,5846.174706140654,2.073865,2.0806678,2.3803572,2.5485073,2.9029354,3.0654169,3,2,2,3,3,1,https://zibramax.github.io/FEMViewer/?mesh=https://raw.githubusercontent.com/ZibraMax/non-local-frequencies-nanostructures/refs/heads/main/Esferas_cubic_material\Sphere_2.5_1.25_0.9_20250612-133015.json&mode=6&magnif=6
5.323,1.25,128900000.0,48300000.0,67099999.99999999,15772.112888,Sphere_2.5_1.25_20250612-133021,Germanium cubic,1.25,0.9,1.0,3550.446942624478,2.0149837,2.0208382,2.3767096,2.5409446,2.8134804,2.9720414,2,3,2,3,3,1,https://zibramax.github.io/FEMViewer/?mesh=https://raw.githubusercontent.com/ZibraMax/non-local-frequencies-nanostructures/refs/heads/main/Esferas_cubic_material\Sphere_2.5_1.25_0.9_20250612-133021.json&mode=6&magnif=6
3.515,1.25,1079000000.0,124000000.0,578000000.0,15840.028214,Sphere_2.5_1.25_20250612-133033,Carbon cubic,1.25,0.9,1.0,12823.342868880141,2.2769441,2.3211604,2.3917616,2.5402981,2.7909382,3.0030049,3,2,2,3,3,1,https://zibramax.github.io/FEMViewer/?mesh=https://raw.githubusercontent.com/ZibraMax/non-local-frequencies-nanostructures/refs/heads/main/Esferas_cubic_material\Sphere_2.5_1.25_0.9_20250612-133033.json&mode=6&magnif=6
2.329,1.25,166000000.0,63900000.0,79600000.0,15709.212145,Sphere_2.5_1.25_20250612-133015,Silicon cubic,1.25,1.0,1.0,5846.174706140654,2.1847559,2.1873989,2.5076203,2.6796447,3.058297,3.2307505,3,2,2,3,3,1,https://zibramax.github.io/FEMViewer/?mesh=https://raw.githubusercontent.com/ZibraMax/non-local-frequencies-nanostructures/refs/heads/main/Esferas_cubic_material\Sphere_2.5_1.25_1.0_20250612-133015.json&mode=6&magnif=6
5.323,1.25,128900000.0,48300000.0,67099999.99999999,15772.112888,Sphere_2.5_1.25_20250612-133021,Germanium cubic,1.25,1.0,1.0,3550.446942624478,2.1183404,2.1288943,2.503781,2.6717733,2.9640562,3.1323392,2,3,2,3,3,1,https://zibramax.github.io/FEMViewer/?mesh=https://raw.githubusercontent.com/ZibraMax/non-local-frequencies-nanostructures/refs/heads/main/Esferas_cubic_material\Sphere_2.5_1.25_1.0_20250612-133021.json&mode=6&magnif=6
3.515,1.25,1079000000.0,124000000.0,578000000.0,15840.028214,Sphere_2.5_1.25_20250612-133033,Carbon cubic,1.25,1.0,1.0,12823.342868880141,2.3986898,2.4405927,2.5196249,2.6711669,2.9401984,3.1555582,3,2,2,3,3,1,https://zibramax.github.io/FEMViewer/?mesh=https://raw.githubusercontent.com/ZibraMax/non-local-frequencies-nanostructures/refs/heads/main/Esferas_cubic_material\Sphere_2.5_1.25_1.0_20250612-133033.json&mode=6&magnif=6
3.515,2.0,1079000000.0,124000000.0,578000000.0,5736.140563,Sphere_2.5_2.0_20250612-182601,Carbon cubic,1.25,0.0,1.6,12823.342868880141,0.0137132,0.0137358,0.0137736,0.0138956,0.0139755,0.0139994,3,2,3,3,2,1,https://zibramax.github.io/FEMViewer/?mesh=https://raw.githubusercontent.com/ZibraMax/non-local-frequencies-nanostructures/refs/heads/main/Esferas_cubic_material\Sphere_2.5_2.0_0.0_20250612-182601.json&mode=6&magnif=6
5.323,2.0,128900000.0,48300000.0,67099999.99999999,5499.187709,Sphere_2.5_2.0_20250612-183030,Germanium cubic,1.25,0.0,1.6,3550.446942624478,0.0137311,0.0137596,0.0137992,0.0138093,0.0138414,0.0138988,3,2,3,3,2,1,https://zibramax.github.io/FEMViewer/?mesh=https://raw.githubusercontent.com/ZibraMax/non-local-frequencies-nanostructures/refs/heads/main/Esferas_cubic_material\Sphere_2.5_2.0_0.0_20250612-183030.json&mode=6&magnif=6
2.329,2.0,166000000.0,63900000.0,79600000.0,4978.566181,Sphere_2.5_2.0_20250612-183958,Silicon cubic,1.25,0.0,1.6,5846.174706140654,0.0139339,0.0139628,0.0140094,0.0140806,0.0141131,0.0141747,3,2,3,3,2,1,https://zibramax.github.io/FEMViewer/?mesh=https://raw.githubusercontent.com/ZibraMax/non-local-frequencies-nanostructures/refs/heads/main/Esferas_cubic_material\Sphere_2.5_2.0_0.0_20250612-183958.json&mode=6&magnif=6
3.515,2.0,1079000000.0,124000000.0,578000000.0,5736.140563,Sphere_2.5_2.0_20250612-182601,Carbon cubic,1.25,0.1,1.6,12823.342868880141,0.7663474,0.8050942,0.8176981,0.8933591,0.9391348,1.0777783,3,2,2,3,3,1,https://zibramax.github.io/FEMViewer/?mesh=https://raw.githubusercontent.com/ZibraMax/non-local-frequencies-nanostructures/refs/heads/main/Esferas_cubic_material\Sphere_2.5_2.0_0.1_20250612-182601.json&mode=6&magnif=6
5.323,2.0,128900000.0,48300000.0,67099999.99999999,5499.187709,Sphere_2.5_2.0_20250612-183030,Germanium cubic,1.25,0.1,1.6,3550.446942624478,0.6801319,0.7130136,0.7999488,0.8942419,0.9460665,0.9926437,3,2,2,3,3,1,https://zibramax.github.io/FEMViewer/?mesh=https://raw.githubusercontent.com/ZibraMax/non-local-frequencies-nanostructures/refs/heads/main/Esferas_cubic_material\Sphere_2.5_2.0_0.1_20250612-183030.json&mode=6&magnif=6
2.329,2.0,166000000.0,63900000.0,79600000.0,4978.566181,Sphere_2.5_2.0_20250612-183958,Silicon cubic,1.25,0.1,1.6,5846.174706140654,0.6979817,0.7362045,0.8011965,0.8977104,0.9761558,1.0238321,3,2,2,3,3,1,https://zibramax.github.io/FEMViewer/?mesh=https://raw.githubusercontent.com/ZibraMax/non-local-frequencies-nanostructures/refs/heads/main/Esferas_cubic_material\Sphere_2.5_2.0_0.1_20250612-183958.json&mode=6&magnif=6
3.515,2.0,1079000000.0,124000000.0,578000000.0,5736.140563,Sphere_2.5_2.0_20250612-182601,Carbon cubic,1.25,0.2,1.6,12823.342868880141,1.0776564,1.1221526,1.1320589,1.2272218,1.3208044,1.4632403,3,2,2,3,3,1,https://zibramax.github.io/FEMViewer/?mesh=https://raw.githubusercontent.com/ZibraMax/non-local-frequencies-nanostructures/refs/heads/main/Esferas_cubic_material\Sphere_2.5_2.0_0.2_20250612-182601.json&mode=6&magnif=6
5.323,2.0,128900000.0,48300000.0,67099999.99999999,5499.187709,Sphere_2.5_2.0_20250612-183030,Germanium cubic,1.25,0.2,1.6,3550.446942624478,0.9564332,0.975956,1.1248887,1.2279111,1.3310929,1.4021526,3,2,2,3,3,1,https://zibramax.github.io/FEMViewer/?mesh=https://raw.githubusercontent.com/ZibraMax/non-local-frequencies-nanostructures/refs/heads/main/Esferas_cubic_material\Sphere_2.5_2.0_0.2_20250612-183030.json&mode=6&magnif=6
2.329,2.0,166000000.0,63900000.0,79600000.0,4978.566181,Sphere_2.5_2.0_20250612-183958,Silicon cubic,1.25,0.2,1.6,5846.174706140654,0.9815319,1.0077379,1.1266267,1.23202,1.3734203,1.4462062,3,2,2,3,3,1,https://zibramax.github.io/FEMViewer/?mesh=https://raw.githubusercontent.com/ZibraMax/non-local-frequencies-nanostructures/refs/heads/main/Esferas_cubic_material\Sphere_2.5_2.0_0.2_20250612-183958.json&mode=6&magnif=6
3.515,2.0,1079000000.0,124000000.0,578000000.0,5736.140563,Sphere_2.5_2.0_20250612-182601,Carbon cubic,1.25,0.3,1.6,12823.342868880141,1.3173427,1.3591558,1.3838097,1.4869001,1.6146392,1.7660019,3,2,2,3,3,1,https://zibramax.github.io/FEMViewer/?mesh=https://raw.githubusercontent.com/ZibraMax/non-local-frequencies-nanostructures/refs/heads/main/Esferas_cubic_material\Sphere_2.5_2.0_0.3_20250612-182601.json&mode=6&magnif=6
5.323,2.0,128900000.0,48300000.0,67099999.99999999,5499.187709,Sphere_2.5_2.0_20250612-183030,Germanium cubic,1.25,0.3,1.6,3550.446942624478,1.169164,1.1810783,1.3750713,1.4875255,1.6274354,1.7166018,3,2,2,3,3,1,https://zibramax.github.io/FEMViewer/?mesh=https://raw.githubusercontent.com/ZibraMax/non-local-frequencies-nanostructures/refs/heads/main/Esferas_cubic_material\Sphere_2.5_2.0_0.3_20250612-183030.json&mode=6&magnif=6
2.329,2.0,166000000.0,63900000.0,79600000.0,4978.566181,Sphere_2.5_2.0_20250612-183958,Silicon cubic,1.25,0.3,1.6,5846.174706140654,1.1998441,1.219557,1.3771892,1.4922507,1.6791831,1.7705344,3,2,2,3,3,1,https://zibramax.github.io/FEMViewer/?mesh=https://raw.githubusercontent.com/ZibraMax/non-local-frequencies-nanostructures/refs/heads/main/Esferas_cubic_material\Sphere_2.5_2.0_0.3_20250612-183958.json&mode=6&magnif=6
3.515,2.0,1079000000.0,124000000.0,578000000.0,5736.140563,Sphere_2.5_2.0_20250612-182601,Carbon cubic,1.25,0.4,1.6,12823.342868880141,1.5196837,1.5603622,1.5963393,1.7072913,1.8626839,2.0238585,3,2,2,3,3,1,https://zibramax.github.io/FEMViewer/?mesh=https://raw.githubusercontent.com/ZibraMax/non-local-frequencies-nanostructures/refs/heads/main/Esferas_cubic_material\Sphere_2.5_2.0_0.4_20250612-182601.json&mode=6&magnif=6
5.323,2.0,128900000.0,48300000.0,67099999.99999999,5499.187709,Sphere_2.5_2.0_20250612-183030,Germanium cubic,1.25,0.4,1.6,3550.446942624478,1.3487488,1.3553517,1.586274,1.7078902,1.877572,1.9817697,3,2,2,3,3,1,https://zibramax.github.io/FEMViewer/?mesh=https://raw.githubusercontent.com/ZibraMax/non-local-frequencies-nanostructures/refs/heads/main/Esferas_cubic_material\Sphere_2.5_2.0_0.4_20250612-183030.json&mode=6&magnif=6
2.329,2.0,166000000.0,63900000.0,79600000.0,4978.566181,Sphere_2.5_2.0_20250612-183958,Silicon cubic,1.25,0.4,1.6,5846.174706140654,1.3841407,1.3995181,1.5887133,1.7131732,1.9372716,2.0440332,3,2,2,3,3,1,https://zibramax.github.io/FEMViewer/?mesh=https://raw.githubusercontent.com/ZibraMax/non-local-frequencies-nanostructures/refs/heads/main/Esferas_cubic_material\Sphere_2.5_2.0_0.4_20250612-183958.json&mode=6&magnif=6
3.515,2.0,1079000000.0,124000000.0,578000000.0,5736.140563,Sphere_2.5_2.0_20250612-182601,Carbon cubic,1.25,0.5,1.6,12823.342868880141,1.6980827,1.7383587,1.7837231,1.9022301,2.0813749,2.2523462,3,2,2,3,3,1,https://zibramax.github.io/FEMViewer/?mesh=https://raw.githubusercontent.com/ZibraMax/non-local-frequencies-nanostructures/refs/heads/main/Esferas_cubic_material\Sphere_2.5_2.0_0.5_20250612-182601.json&mode=6&magnif=6
5.323,2.0,128900000.0,48300000.0,67099999.99999999,5499.187709,Sphere_2.5_2.0_20250612-183030,Germanium cubic,1.25,0.5,1.6,3550.446942624478,1.5070838,1.5095825,1.7724865,1.9028184,2.0980954,2.2154234,3,2,2,3,3,1,https://zibramax.github.io/FEMViewer/?mesh=https://raw.githubusercontent.com/ZibraMax/non-local-frequencies-nanostructures/refs/heads/main/Esferas_cubic_material\Sphere_2.5_2.0_0.5_20250612-183030.json&mode=6&magnif=6
2.329,2.0,166000000.0,63900000.0,79600000.0,4978.566181,Sphere_2.5_2.0_20250612-183958,Silicon cubic,1.25,0.5,1.6,5846.174706140654,1.5466301,1.5587815,1.7752096,1.9086103,2.1648056,2.2850276,3,2,2,3,3,1,https://zibramax.github.io/FEMViewer/?mesh=https://raw.githubusercontent.com/ZibraMax/non-local-frequencies-nanostructures/refs/heads/main/Esferas_cubic_material\Sphere_2.5_2.0_0.5_20250612-183958.json&mode=6&magnif=6
3.515,2.0,1079000000.0,124000000.0,578000000.0,5736.140563,Sphere_2.5_2.0_20250612-182601,Carbon cubic,1.25,0.6,1.6,12823.342868880141,1.8594436,1.8997154,1.9532119,2.0789291,2.2791777,2.4596815,3,2,2,3,3,1,https://zibramax.github.io/FEMViewer/?mesh=https://raw.githubusercontent.com/ZibraMax/non-local-frequencies-nanostructures/refs/heads/main/Esferas_cubic_material\Sphere_2.5_2.0_0.6_20250612-182601.json&mode=6&magnif=6
5.323,2.0,128900000.0,48300000.0,67099999.99999999,5499.187709,Sphere_2.5_2.0_20250612-183030,Germanium cubic,1.25,0.6,1.6,3550.446942624478,1.6494284,1.6502969,1.9409149,2.0795148,2.2975488,2.426683,2,3,2,3,3,1,https://zibramax.github.io/FEMViewer/?mesh=https://raw.githubusercontent.com/ZibraMax/non-local-frequencies-nanostructures/refs/heads/main/Esferas_cubic_material\Sphere_2.5_2.0_0.6_20250612-183030.json&mode=6&magnif=6
2.329,2.0,166000000.0,63900000.0,79600000.0,4978.566181,Sphere_2.5_2.0_20250612-183958,Silicon cubic,1.25,0.6,1.6,5846.174706140654,1.6936008,1.7031901,1.9438949,2.0857764,2.3705999,2.5029245,3,2,2,3,3,1,https://zibramax.github.io/FEMViewer/?mesh=https://raw.githubusercontent.com/ZibraMax/non-local-frequencies-nanostructures/refs/heads/main/Esferas_cubic_material\Sphere_2.5_2.0_0.6_20250612-183958.json&mode=6&magnif=6
3.515,2.0,1079000000.0,124000000.0,578000000.0,5736.140563,Sphere_2.5_2.0_20250612-182601,Carbon cubic,1.25,0.7,1.6,12823.342868880141,2.0078785,2.0483822,2.1091243,2.2417217,2.4611339,2.6508396,3,2,2,3,3,1,https://zibramax.github.io/FEMViewer/?mesh=https://raw.githubusercontent.com/ZibraMax/non-local-frequencies-nanostructures/refs/heads/main/Esferas_cubic_material\Sphere_2.5_2.0_0.7_20250612-182601.json&mode=6&magnif=6
5.323,2.0,128900000.0,48300000.0,67099999.99999999,5499.187709,Sphere_2.5_2.0_20250612-183030,Germanium cubic,1.25,0.7,1.6,3550.446942624478,1.7782967,1.7820375,2.0958514,2.2423093,2.4810191,2.6209693,2,3,2,3,3,1,https://zibramax.github.io/FEMViewer/?mesh=https://raw.githubusercontent.com/ZibraMax/non-local-frequencies-nanostructures/refs/heads/main/Esferas_cubic_material\Sphere_2.5_2.0_0.7_20250612-183030.json&mode=6&magnif=6
2.329,2.0,166000000.0,63900000.0,79600000.0,4978.566181,Sphere_2.5_2.0_20250612-183958,Silicon cubic,1.25,0.7,1.6,5846.174706140654,1.8287981,1.8362627,2.0990678,2.2490088,2.559903,2.7033147,3,2,2,3,3,1,https://zibramax.github.io/FEMViewer/?mesh=https://raw.githubusercontent.com/ZibraMax/non-local-frequencies-nanostructures/refs/heads/main/Esferas_cubic_material\Sphere_2.5_2.0_0.7_20250612-183958.json&mode=6&magnif=6
3.515,2.0,1079000000.0,124000000.0,578000000.0,5736.140563,Sphere_2.5_2.0_20250612-182601,Carbon cubic,1.25,0.8,1.6,12823.342868880141,2.1460712,2.1869552,2.2542789,2.3934546,2.630534,2.8291051,3,2,2,3,3,1,https://zibramax.github.io/FEMViewer/?mesh=https://raw.githubusercontent.com/ZibraMax/non-local-frequencies-nanostructures/refs/heads/main/Esferas_cubic_material\Sphere_2.5_2.0_0.8_20250612-182601.json&mode=6&magnif=6
5.323,2.0,128900000.0,48300000.0,67099999.99999999,5499.187709,Sphere_2.5_2.0_20250612-183030,Germanium cubic,1.25,0.8,1.6,3550.446942624478,1.8984292,1.9046878,2.2400972,2.3940469,2.6518259,2.8018154,2,3,2,3,3,1,https://zibramax.github.io/FEMViewer/?mesh=https://raw.githubusercontent.com/ZibraMax/non-local-frequencies-nanostructures/refs/heads/main/Esferas_cubic_material\Sphere_2.5_2.0_0.8_20250612-183030.json&mode=6&magnif=6
2.329,2.0,166000000.0,63900000.0,79600000.0,4978.566181,Sphere_2.5_2.0_20250612-183958,Silicon cubic,1.25,0.8,1.6,5846.174706140654,1.9546665,1.9603141,2.2435338,2.4011582,2.7361401,2.8898426,3,2,2,3,3,1,https://zibramax.github.io/FEMViewer/?mesh=https://raw.githubusercontent.com/ZibraMax/non-local-frequencies-nanostructures/refs/heads/main/Esferas_cubic_material\Sphere_2.5_2.0_0.8_20250612-183958.json&mode=6&magnif=6
3.515,2.0,1079000000.0,124000000.0,578000000.0,5736.140563,Sphere_2.5_2.0_20250612-182601,Carbon cubic,1.25,0.9,1.6,12823.342868880141,2.2758882,2.3172492,2.3906362,2.5361177,2.7896663,2.9967815,3,2,2,3,3,1,https://zibramax.github.io/FEMViewer/?mesh=https://raw.githubusercontent.com/ZibraMax/non-local-frequencies-nanostructures/refs/heads/main/Esferas_cubic_material\Sphere_2.5_2.0_0.9_20250612-182601.json&mode=6&magnif=6
5.323,2.0,128900000.0,48300000.0,67099999.99999999,5499.187709,Sphere_2.5_2.0_20250612-183030,Germanium cubic,1.25,0.9,1.6,3550.446942624478,2.0113943,2.0199043,2.3756004,2.5367165,2.8122776,2.9716762,2,3,2,3,3,1,https://zibramax.github.io/FEMViewer/?mesh=https://raw.githubusercontent.com/ZibraMax/non-local-frequencies-nanostructures/refs/heads/main/Esferas_cubic_material\Sphere_2.5_2.0_0.9_20250612-183030.json&mode=6&magnif=6
2.329,2.0,166000000.0,63900000.0,79600000.0,4978.566181,Sphere_2.5_2.0_20250612-183958,Silicon cubic,1.25,0.9,1.6,5846.174706140654,2.0729061,2.0769642,2.379244,2.5442173,2.9016929,3.0650399,3,2,2,3,3,1,https://zibramax.github.io/FEMViewer/?mesh=https://raw.githubusercontent.com/ZibraMax/non-local-frequencies-nanostructures/refs/heads/main/Esferas_cubic_material\Sphere_2.5_2.0_0.9_20250612-183958.json&mode=6&magnif=6
3.515,2.0,1079000000.0,124000000.0,578000000.0,5736.140563,Sphere_2.5_2.0_20250612-182601,Carbon cubic,1.25,1.0,1.6,12823.342868880141,2.3986898,2.4405927,2.5196249,2.6711669,2.9401984,3.1555582,3,2,2,3,3,1,https://zibramax.github.io/FEMViewer/?mesh=https://raw.githubusercontent.com/ZibraMax/non-local-frequencies-nanostructures/refs/heads/main/Esferas_cubic_material\Sphere_2.5_2.0_1.0_20250612-182601.json&mode=6&magnif=6
5.323,2.0,128900000.0,48300000.0,67099999.99999999,5499.187709,Sphere_2.5_2.0_20250612-183030,Germanium cubic,1.25,1.0,1.6,3550.446942624478,2.1183404,2.1288943,2.503781,2.6717733,2.9640562,3.1323392,2,3,2,3,3,1,https://zibramax.github.io/FEMViewer/?mesh=https://raw.githubusercontent.com/ZibraMax/non-local-frequencies-nanostructures/refs/heads/main/Esferas_cubic_material\Sphere_2.5_2.0_1.0_20250612-183030.json&mode=6&magnif=6
2.329,2.0,166000000.0,63900000.0,79600000.0,4978.566181,Sphere_2.5_2.0_20250612-183958,Silicon cubic,1.25,1.0,1.6,5846.174706140654,2.1847559,2.1873989,2.5076203,2.6796447,3.058297,3.2307505,3,2,2,3,3,1,https://zibramax.github.io/FEMViewer/?mesh=https://raw.githubusercontent.com/ZibraMax/non-local-frequencies-nanostructures/refs/heads/main/Esferas_cubic_material\Sphere_2.5_2.0_1.0_20250612-183958.json&mode=6&magnif=6
2.329,1.0,166000000.0,63900000.0,79600000.0,15617.359557,Sphere_5.0_1.0_20250612-133013,Silicon cubic,2.5,0.0,0.4,5846.174706140654,0.2211175,0.2215593,0.2222667,0.2234237,0.22406,0.2249235,3,2,3,3,2,1,https://zibramax.github.io/FEMViewer/?mesh=https://raw.githubusercontent.com/ZibraMax/non-local-frequencies-nanostructures/refs/heads/main/Esferas_cubic_material\Sphere_5.0_1.0_0.0_20250612-133013.json&mode=6&magnif=6
5.323,1.0,128900000.0,48300000.0,67099999.99999999,15614.965885,Sphere_5.0_1.0_20250612-133019,Germanium cubic,2.5,0.0,0.4,3550.446942624478,0.2178918,0.2183107,0.2189248,0.2191625,0.2197704,0.2205732,3,2,3,3,2,1,https://zibramax.github.io/FEMViewer/?mesh=https://raw.githubusercontent.com/ZibraMax/non-local-frequencies-nanostructures/refs/heads/main/Esferas_cubic_material\Sphere_5.0_1.0_0.0_20250612-133019.json&mode=6&magnif=6
3.515,1.0,1079000000.0,124000000.0,578000000.0,15655.303355,Sphere_5.0_1.0_20250612-133029,Carbon cubic,2.5,0.0,0.4,12823.342868880141,0.2176036,0.2179724,0.2185032,0.2203791,0.2215234,0.2219129,3,2,3,3,2,1,https://zibramax.github.io/FEMViewer/?mesh=https://raw.githubusercontent.com/ZibraMax/non-local-frequencies-nanostructures/refs/heads/main/Esferas_cubic_material\Sphere_5.0_1.0_0.0_20250612-133029.json&mode=6&magnif=6
2.329,1.0,166000000.0,63900000.0,79600000.0,15617.359557,Sphere_5.0_1.0_20250612-133013,Silicon cubic,2.5,0.1,0.4,5846.174706140654,0.9876318,1.1303719,1.1362409,1.228115,1.3069879,1.3373606,3,2,2,1,3,1,https://zibramax.github.io/FEMViewer/?mesh=https://raw.githubusercontent.com/ZibraMax/non-local-frequencies-nanostructures/refs/heads/main/Esferas_cubic_material\Sphere_5.0_1.0_0.1_20250612-133013.json&mode=6&magnif=6
5.323,1.0,128900000.0,48300000.0,67099999.99999999,15614.965885,Sphere_5.0_1.0_20250612-133019,Germanium cubic,2.5,0.1,0.4,3550.446942624478,0.9621806,1.0945833,1.133667,1.1905157,1.2859548,1.2951746,3,2,2,1,3,1,https://zibramax.github.io/FEMViewer/?mesh=https://raw.githubusercontent.com/ZibraMax/non-local-frequencies-nanostructures/refs/heads/main/Esferas_cubic_material\Sphere_5.0_1.0_0.1_20250612-133019.json&mode=6&magnif=6
3.515,1.0,1079000000.0,124000000.0,578000000.0,15655.303355,Sphere_5.0_1.0_20250612-133029,Carbon cubic,2.5,0.1,0.4,12823.342868880141,1.0854605,1.1439089,1.2105519,1.2979213,1.3223819,1.3794458,3,2,2,3,3,1,https://zibramax.github.io/FEMViewer/?mesh=https://raw.githubusercontent.com/ZibraMax/non-local-frequencies-nanostructures/refs/heads/main/Esferas_cubic_material\Sphere_5.0_1.0_0.1_20250612-133029.json&mode=6&magnif=6
2.329,1.0,166000000.0,63900000.0,79600000.0,15617.359557,Sphere_5.0_1.0_20250612-133013,Silicon cubic,2.5,0.2,0.4,5846.174706140654,1.1845473,1.3417795,1.3626264,1.5822761,1.6035515,1.6385073,3,2,2,1,3,1,https://zibramax.github.io/FEMViewer/?mesh=https://raw.githubusercontent.com/ZibraMax/non-local-frequencies-nanostructures/refs/heads/main/Esferas_cubic_material\Sphere_5.0_1.0_0.2_20250612-133013.json&mode=6&magnif=6
5.323,1.0,128900000.0,48300000.0,67099999.99999999,15614.965885,Sphere_5.0_1.0_20250612-133019,Germanium cubic,2.5,0.2,0.4,3550.446942624478,1.1541167,1.2994499,1.3601297,1.5339247,1.5874276,1.5888121,3,2,2,1,3,1,https://zibramax.github.io/FEMViewer/?mesh=https://raw.githubusercontent.com/ZibraMax/non-local-frequencies-nanostructures/refs/heads/main/Esferas_cubic_material\Sphere_5.0_1.0_0.2_20250612-133019.json&mode=6&magnif=6
3.515,1.0,1079000000.0,124000000.0,578000000.0,15655.303355,Sphere_5.0_1.0_20250612-133029,Carbon cubic,2.5,0.2,0.4,12823.342868880141,1.3013887,1.3702772,1.4648603,1.5854111,1.5918074,1.7764438,3,2,2,3,3,1,https://zibramax.github.io/FEMViewer/?mesh=https://raw.githubusercontent.com/ZibraMax/non-local-frequencies-nanostructures/refs/heads/main/Esferas_cubic_material\Sphere_5.0_1.0_0.2_20250612-133029.json&mode=6&magnif=6
2.329,1.0,166000000.0,63900000.0,79600000.0,15617.359557,Sphere_5.0_1.0_20250612-133013,Silicon cubic,2.5,0.3,0.4,5846.174706140654,1.3513939,1.4931547,1.5537324,1.8046319,1.8698492,1.8797918,3,2,2,3,1,1,https://zibramax.github.io/FEMViewer/?mesh=https://raw.githubusercontent.com/ZibraMax/non-local-frequencies-nanostructures/refs/heads/main/Esferas_cubic_material\Sphere_5.0_1.0_0.3_20250612-133013.json&mode=6&magnif=6
5.323,1.0,128900000.0,48300000.0,67099999.99999999,15614.965885,Sphere_5.0_1.0_20250612-133019,Germanium cubic,2.5,0.3,0.4,3550.446942624478,1.3167307,1.4460678,1.5510917,1.7935129,1.8127721,1.8214785,3,2,2,3,1,1,https://zibramax.github.io/FEMViewer/?mesh=https://raw.githubusercontent.com/ZibraMax/non-local-frequencies-nanostructures/refs/heads/main/Esferas_cubic_material\Sphere_5.0_1.0_0.3_20250612-133019.json&mode=6&magnif=6
3.515,1.0,1079000000.0,124000000.0,578000000.0,15655.303355,Sphere_5.0_1.0_20250612-133029,Carbon cubic,2.5,0.3,0.4,12823.342868880141,1.4843843,1.5618957,1.6449396,1.7886146,1.8175397,2.0988067,3,2,2,3,3,1,https://zibramax.github.io/FEMViewer/?mesh=https://raw.githubusercontent.com/ZibraMax/non-local-frequencies-nanostructures/refs/heads/main/Esferas_cubic_material\Sphere_5.0_1.0_0.3_20250612-133029.json&mode=6&magnif=6
2.329,1.0,166000000.0,63900000.0,79600000.0,15617.359557,Sphere_5.0_1.0_20250612-133013,Silicon cubic,2.5,0.4,0.4,5846.174706140654,1.4993602,1.6192382,1.7230927,1.9672585,2.0907977,2.118582,3,2,2,3,3,1,https://zibramax.github.io/FEMViewer/?mesh=https://raw.githubusercontent.com/ZibraMax/non-local-frequencies-nanostructures/refs/heads/main/Esferas_cubic_material\Sphere_5.0_1.0_0.4_20250612-133013.json&mode=6&magnif=6
5.323,1.0,128900000.0,48300000.0,67099999.99999999,15614.965885,Sphere_5.0_1.0_20250612-133019,Germanium cubic,2.5,0.4,0.4,3550.446942624478,1.4609386,1.5681667,1.7202727,1.9577351,2.0260958,2.0539551,3,2,2,3,3,1,https://zibramax.github.io/FEMViewer/?mesh=https://raw.githubusercontent.com/ZibraMax/non-local-frequencies-nanostructures/refs/heads/main/Esferas_cubic_material\Sphere_5.0_1.0_0.4_20250612-133019.json&mode=6&magnif=6
3.515,1.0,1079000000.0,124000000.0,578000000.0,15655.303355,Sphere_5.0_1.0_20250612-133029,Carbon cubic,2.5,0.4,0.4,12823.342868880141,1.6466937,1.731847,1.7922929,1.9536264,2.0171789,2.377659,3,2,2,3,3,1,https://zibramax.github.io/FEMViewer/?mesh=https://raw.githubusercontent.com/ZibraMax/non-local-frequencies-nanostructures/refs/heads/main/Esferas_cubic_material\Sphere_5.0_1.0_0.4_20250612-133029.json&mode=6&magnif=6
2.329,1.0,166000000.0,63900000.0,79600000.0,15617.359557,Sphere_5.0_1.0_20250612-133013,Silicon cubic,2.5,0.5,0.4,5846.174706140654,1.6338152,1.7311814,1.8769694,2.109467,2.2814298,2.3409749,3,2,2,3,3,1,https://zibramax.github.io/FEMViewer/?mesh=https://raw.githubusercontent.com/ZibraMax/non-local-frequencies-nanostructures/refs/heads/main/Esferas_cubic_material\Sphere_5.0_1.0_0.5_20250612-133013.json&mode=6&magnif=6
5.323,1.0,128900000.0,48300000.0,67099999.99999999,15614.965885,Sphere_5.0_1.0_20250612-133019,Germanium cubic,2.5,0.5,0.4,3550.446942624478,1.5919756,1.6765664,1.873966,2.1007449,2.2109296,2.2695955,3,2,2,3,3,1,https://zibramax.github.io/FEMViewer/?mesh=https://raw.githubusercontent.com/ZibraMax/non-local-frequencies-nanostructures/refs/heads/main/Esferas_cubic_material\Sphere_5.0_1.0_0.5_20250612-133019.json&mode=6&magnif=6
3.515,1.0,1079000000.0,124000000.0,578000000.0,15655.303355,Sphere_5.0_1.0_20250612-133029,Carbon cubic,2.5,0.5,0.4,12823.342868880141,1.7941957,1.8863161,1.92155,2.0975368,2.1983883,2.5311067,3,2,2,3,3,1,https://zibramax.github.io/FEMViewer/?mesh=https://raw.githubusercontent.com/ZibraMax/non-local-frequencies-nanostructures/refs/heads/main/Esferas_cubic_material\Sphere_5.0_1.0_0.5_20250612-133029.json&mode=6&magnif=6
2.329,1.0,166000000.0,63900000.0,79600000.0,15617.359557,Sphere_5.0_1.0_20250612-133013,Silicon cubic,2.5,0.6,0.4,5846.174706140654,1.7579372,1.8337415,2.0190259,2.2386199,2.456882,2.5439723,3,2,2,3,3,1,https://zibramax.github.io/FEMViewer/?mesh=https://raw.githubusercontent.com/ZibraMax/non-local-frequencies-nanostructures/refs/heads/main/Esferas_cubic_material\Sphere_5.0_1.0_0.6_20250612-133013.json&mode=6&magnif=6
5.323,1.0,128900000.0,48300000.0,67099999.99999999,15614.965885,Sphere_5.0_1.0_20250612-133019,Germanium cubic,2.5,0.6,0.4,3550.446942624478,1.7129405,1.7758788,2.0158429,2.2303307,2.3810317,2.4664278,3,2,2,3,3,1,https://zibramax.github.io/FEMViewer/?mesh=https://raw.githubusercontent.com/ZibraMax/non-local-frequencies-nanostructures/refs/heads/main/Esferas_cubic_material\Sphere_5.0_1.0_0.6_20250612-133019.json&mode=6&magnif=6
3.515,1.0,1079000000.0,124000000.0,578000000.0,15655.303355,Sphere_5.0_1.0_20250612-133029,Carbon cubic,2.5,0.6,0.4,12823.342868880141,1.9303715,2.0289474,2.0390637,2.2278724,2.3655798,2.6688009,3,2,2,3,3,1,https://zibramax.github.io/FEMViewer/?mesh=https://raw.githubusercontent.com/ZibraMax/non-local-frequencies-nanostructures/refs/heads/main/Esferas_cubic_material\Sphere_5.0_1.0_0.6_20250612-133029.json&mode=6&magnif=6
2.329,1.0,166000000.0,63900000.0,79600000.0,15617.359557,Sphere_5.0_1.0_20250612-133013,Silicon cubic,2.5,0.7,0.4,5846.174706140654,1.8738119,1.9293946,2.1516547,2.3584173,2.620382,2.7319124,3,2,2,3,3,1,https://zibramax.github.io/FEMViewer/?mesh=https://raw.githubusercontent.com/ZibraMax/non-local-frequencies-nanostructures/refs/heads/main/Esferas_cubic_material\Sphere_5.0_1.0_0.7_20250612-133013.json&mode=6&magnif=6
5.323,1.0,128900000.0,48300000.0,67099999.99999999,15614.965885,Sphere_5.0_1.0_20250612-133019,Germanium cubic,2.5,0.7,0.4,3550.446942624478,1.8258668,1.868503,2.1482982,2.3503654,2.5395384,2.6486588,3,2,2,3,3,1,https://zibramax.github.io/FEMViewer/?mesh=https://raw.githubusercontent.com/ZibraMax/non-local-frequencies-nanostructures/refs/heads/main/Esferas_cubic_material\Sphere_5.0_1.0_0.7_20250612-133019.json&mode=6&magnif=6
3.515,1.0,1079000000.0,124000000.0,578000000.0,15655.303355,Sphere_5.0_1.0_20250612-133029,Carbon cubic,2.5,0.7,0.4,12823.342868880141,2.057506,2.1481109,2.1621288,2.3485108,2.521614,2.7990068,3,2,2,3,3,1,https://zibramax.github.io/FEMViewer/?mesh=https://raw.githubusercontent.com/ZibraMax/non-local-frequencies-nanostructures/refs/heads/main/Esferas_cubic_material\Sphere_5.0_1.0_0.7_20250612-133029.json&mode=6&magnif=6
2.329,1.0,166000000.0,63900000.0,79600000.0,15617.359557,Sphere_5.0_1.0_20250612-133013,Silicon cubic,2.5,0.8,0.4,5846.174706140654,1.9829009,2.01962,2.2765281,2.4710056,2.7741268,2.9077215,3,2,2,3,3,1,https://zibramax.github.io/FEMViewer/?mesh=https://raw.githubusercontent.com/ZibraMax/non-local-frequencies-nanostructures/refs/heads/main/Esferas_cubic_material\Sphere_5.0_1.0_0.8_20250612-133013.json&mode=6&magnif=6
5.323,1.0,128900000.0,48300000.0,67099999.99999999,15614.965885,Sphere_5.0_1.0_20250612-133019,Germanium cubic,2.5,0.8,0.4,3550.446942624478,1.9321791,1.9558719,2.2730045,2.4630769,2.6885828,2.8191264,3,2,2,3,3,1,https://zibramax.github.io/FEMViewer/?mesh=https://raw.githubusercontent.com/ZibraMax/non-local-frequencies-nanostructures/refs/heads/main/Esferas_cubic_material\Sphere_5.0_1.0_0.8_20250612-133019.json&mode=6&magnif=6
3.515,1.0,1079000000.0,124000000.0,578000000.0,15655.303355,Sphere_5.0_1.0_20250612-133029,Carbon cubic,2.5,0.8,0.4,12823.342868880141,2.1772004,2.2506156,2.2875328,2.4617141,2.6684826,2.9229712,3,2,2,3,3,1,https://zibramax.github.io/FEMViewer/?mesh=https://raw.githubusercontent.com/ZibraMax/non-local-frequencies-nanostructures/refs/heads/main/Esferas_cubic_material\Sphere_5.0_1.0_0.8_20250612-133029.json&mode=6&magnif=6
2.329,1.0,166000000.0,63900000.0,79600000.0,15617.359557,Sphere_5.0_1.0_20250612-133013,Silicon cubic,2.5,0.9,0.4,5846.174706140654,2.086277,2.105392,2.3948727,2.5777634,2.9197012,3.0734848,3,2,2,3,3,1,https://zibramax.github.io/FEMViewer/?mesh=https://raw.githubusercontent.com/ZibraMax/non-local-frequencies-nanostructures/refs/heads/main/Esferas_cubic_material\Sphere_5.0_1.0_0.9_20250612-133013.json&mode=6&magnif=6
5.323,1.0,128900000.0,48300000.0,67099999.99999999,15614.965885,Sphere_5.0_1.0_20250612-133019,Germanium cubic,2.5,0.9,0.4,3550.446942624478,2.0329232,2.0389289,2.3911883,2.5698867,2.8297033,2.9798527,3,2,2,3,3,1,https://zibramax.github.io/FEMViewer/?mesh=https://raw.githubusercontent.com/ZibraMax/non-local-frequencies-nanostructures/refs/heads/main/Esferas_cubic_material\Sphere_5.0_1.0_0.9_20250612-133019.json&mode=6&magnif=6
3.515,1.0,1079000000.0,124000000.0,578000000.0,15655.303355,Sphere_5.0_1.0_20250612-133029,Carbon cubic,2.5,0.9,0.4,12823.342868880141,2.2906302,2.3478217,2.4063869,2.568933,2.8076423,3.0415937,3,2,2,3,3,1,https://zibramax.github.io/FEMViewer/?mesh=https://raw.githubusercontent.com/ZibraMax/non-local-frequencies-nanostructures/refs/heads/main/Esferas_cubic_material\Sphere_5.0_1.0_0.9_20250612-133029.json&mode=6&magnif=6
2.329,1.0,166000000.0,63900000.0,79600000.0,15617.359557,Sphere_5.0_1.0_20250612-133013,Silicon cubic,2.5,1.0,0.4,5846.174706140654,2.1847559,2.1873989,2.5076203,2.6796447,3.058297,3.2307505,3,2,2,3,3,1,https://zibramax.github.io/FEMViewer/?mesh=https://raw.githubusercontent.com/ZibraMax/non-local-frequencies-nanostructures/refs/heads/main/Esferas_cubic_material\Sphere_5.0_1.0_1.0_20250612-133013.json&mode=6&magnif=6
5.323,1.0,128900000.0,48300000.0,67099999.99999999,15614.965885,Sphere_5.0_1.0_20250612-133019,Germanium cubic,2.5,1.0,0.4,3550.446942624478,2.1183404,2.1288943,2.503781,2.6717733,2.9640562,3.1323392,2,3,2,3,3,1,https://zibramax.github.io/FEMViewer/?mesh=https://raw.githubusercontent.com/ZibraMax/non-local-frequencies-nanostructures/refs/heads/main/Esferas_cubic_material\Sphere_5.0_1.0_1.0_20250612-133019.json&mode=6&magnif=6
3.515,1.0,1079000000.0,124000000.0,578000000.0,15655.303355,Sphere_5.0_1.0_20250612-133029,Carbon cubic,2.5,1.0,0.4,12823.342868880141,2.3986898,2.4405927,2.5196249,2.6711669,2.9401984,3.1555582,3,2,2,3,3,1,https://zibramax.github.io/FEMViewer/?mesh=https://raw.githubusercontent.com/ZibraMax/non-local-frequencies-nanostructures/refs/heads/main/Esferas_cubic_material\Sphere_5.0_1.0_1.0_20250612-133029.json&mode=6&magnif=6
3.515,2.0,1079000000.0,124000000.0,578000000.0,4825.563642,Sphere_5.0_2.0_20250612-200938,Carbon cubic,2.5,0.0,0.8,12823.342868880141,0.0547612,0.0548522,0.0549994,0.0554837,0.0557963,0.0558923,3,2,3,3,2,1,https://zibramax.github.io/FEMViewer/?mesh=https://raw.githubusercontent.com/ZibraMax/non-local-frequencies-nanostructures/refs/heads/main/Esferas_cubic_material\Sphere_5.0_2.0_0.0_20250612-200938.json&mode=6&magnif=6
5.323,2.0,128900000.0,48300000.0,67099999.99999999,4959.151508,Sphere_5.0_2.0_20250612-201622,Germanium cubic,2.5,0.0,0.8,3550.446942624478,0.0548332,0.0549453,0.0551028,0.0551471,0.05528,0.0555042,3,2,3,3,2,1,https://zibramax.github.io/FEMViewer/?mesh=https://raw.githubusercontent.com/ZibraMax/non-local-frequencies-nanostructures/refs/heads/main/Esferas_cubic_material\Sphere_5.0_2.0_0.0_20250612-201622.json&mode=6&magnif=6
2.329,2.0,166000000.0,63900000.0,79600000.0,4918.548669,Sphere_5.0_2.0_20250612-201933,Silicon cubic,2.5,0.0,0.8,5846.174706140654,0.0556434,0.0557582,0.0559426,0.0562284,0.0563638,0.0566048,3,2,3,3,2,1,https://zibramax.github.io/FEMViewer/?mesh=https://raw.githubusercontent.com/ZibraMax/non-local-frequencies-nanostructures/refs/heads/main/Esferas_cubic_material\Sphere_5.0_2.0_0.0_20250612-201933.json&mode=6&magnif=6
3.515,2.0,1079000000.0,124000000.0,578000000.0,4825.563642,Sphere_5.0_2.0_20250612-200938,Carbon cubic,2.5,0.1,0.8,12823.342868880141,0.8259046,0.8684508,0.9424023,1.0106935,1.0225208,1.1762367,3,2,2,3,3,1,https://zibramax.github.io/FEMViewer/?mesh=https://raw.githubusercontent.com/ZibraMax/non-local-frequencies-nanostructures/refs/heads/main/Esferas_cubic_material\Sphere_5.0_2.0_0.1_20250612-200938.json&mode=6&magnif=6
5.323,2.0,128900000.0,48300000.0,67099999.99999999,4959.151508,Sphere_5.0_2.0_20250612-201622,Germanium cubic,2.5,0.1,0.8,3550.446942624478,0.732812,0.8344483,0.8623361,1.0129961,1.016278,1.0250007,3,2,2,3,1,1,https://zibramax.github.io/FEMViewer/?mesh=https://raw.githubusercontent.com/ZibraMax/non-local-frequencies-nanostructures/refs/heads/main/Esferas_cubic_material\Sphere_5.0_2.0_0.1_20250612-201622.json&mode=6&magnif=6
2.329,2.0,166000000.0,63900000.0,79600000.0,4918.548669,Sphere_5.0_2.0_20250612-201933,Silicon cubic,2.5,0.1,0.8,5846.174706140654,0.7520745,0.8615198,0.8638277,1.0330593,1.0453279,1.0482306,3,2,2,3,3,1,https://zibramax.github.io/FEMViewer/?mesh=https://raw.githubusercontent.com/ZibraMax/non-local-frequencies-nanostructures/refs/heads/main/Esferas_cubic_material\Sphere_5.0_2.0_0.1_20250612-201933.json&mode=6&magnif=6
3.515,2.0,1079000000.0,124000000.0,578000000.0,4825.563642,Sphere_5.0_2.0_20250612-200938,Carbon cubic,2.5,0.2,0.8,12823.342868880141,1.1162924,1.1732121,1.2236383,1.3342217,1.3673486,1.6375822,3,2,2,3,3,1,https://zibramax.github.io/FEMViewer/?mesh=https://raw.githubusercontent.com/ZibraMax/non-local-frequencies-nanostructures/refs/heads/main/Esferas_cubic_material\Sphere_5.0_2.0_0.2_20250612-200938.json&mode=6&magnif=6
5.323,2.0,128900000.0,48300000.0,67099999.99999999,4959.151508,Sphere_5.0_2.0_20250612-201622,Germanium cubic,2.5,0.2,0.8,3550.446942624478,0.9906014,1.0714592,1.1654492,1.3366261,1.3750147,1.4171471,3,2,2,3,3,1,https://zibramax.github.io/FEMViewer/?mesh=https://raw.githubusercontent.com/ZibraMax/non-local-frequencies-nanostructures/refs/heads/main/Esferas_cubic_material\Sphere_5.0_2.0_0.2_20250612-201622.json&mode=6&magnif=6
2.329,2.0,166000000.0,63900000.0,79600000.0,4918.548669,Sphere_5.0_2.0_20250612-201933,Silicon cubic,2.5,0.2,0.8,5846.174706140654,1.0166171,1.1062839,1.1673357,1.3431421,1.4188033,1.4616863,3,2,2,3,3,1,https://zibramax.github.io/FEMViewer/?mesh=https://raw.githubusercontent.com/ZibraMax/non-local-frequencies-nanostructures/refs/heads/main/Esferas_cubic_material\Sphere_5.0_2.0_0.2_20250612-201933.json&mode=6&magnif=6
3.515,2.0,1079000000.0,124000000.0,578000000.0,4825.563642,Sphere_5.0_2.0_20250612-200938,Carbon cubic,2.5,0.3,0.8,12823.342868880141,1.3452512,1.4135499,1.4388715,1.5714771,1.6482895,1.89765,3,2,2,3,3,1,https://zibramax.github.io/FEMViewer/?mesh=https://raw.githubusercontent.com/ZibraMax/non-local-frequencies-nanostructures/refs/heads/main/Esferas_cubic_material\Sphere_5.0_2.0_0.3_20250612-200938.json&mode=6&magnif=6
5.323,2.0,128900000.0,48300000.0,67099999.99999999,4959.151508,Sphere_5.0_2.0_20250612-201622,Germanium cubic,2.5,0.3,0.8,3550.446942624478,1.1938435,1.2551807,1.404392,1.5733321,1.6592802,1.7273483,3,2,2,3,3,1,https://zibramax.github.io/FEMViewer/?mesh=https://raw.githubusercontent.com/ZibraMax/non-local-frequencies-nanostructures/refs/heads/main/Esferas_cubic_material\Sphere_5.0_2.0_0.3_20250612-201622.json&mode=6&magnif=6
2.329,2.0,166000000.0,63900000.0,79600000.0,4918.548669,Sphere_5.0_2.0_20250612-201933,Silicon cubic,2.5,0.3,0.8,5846.174706140654,1.2251862,1.2960208,1.4066148,1.5796384,1.712085,1.7816291,3,2,2,3,3,1,https://zibramax.github.io/FEMViewer/?mesh=https://raw.githubusercontent.com/ZibraMax/non-local-frequencies-nanostructures/refs/heads/main/Esferas_cubic_material\Sphere_5.0_2.0_0.3_20250612-201933.json&mode=6&magnif=6
3.515,2.0,1079000000.0,124000000.0,578000000.0,4825.563642,Sphere_5.0_2.0_20250612-200938,Carbon cubic,2.5,0.4,0.8,12823.342868880141,1.5405168,1.6185448,1.6225169,1.7734414,1.8878141,2.1244959,3,2,2,3,3,1,https://zibramax.github.io/FEMViewer/?mesh=https://raw.githubusercontent.com/ZibraMax/non-local-frequencies-nanostructures/refs/heads/main/Esferas_cubic_material\Sphere_5.0_2.0_0.4_20250612-200938.json&mode=6&magnif=6
5.323,2.0,128900000.0,48300000.0,67099999.99999999,4959.151508,Sphere_5.0_2.0_20250612-201622,Germanium cubic,2.5,0.4,0.8,3550.446942624478,1.3671708,1.4127762,1.6081696,1.7749307,1.9013871,1.9897596,3,2,2,3,3,1,https://zibramax.github.io/FEMViewer/?mesh=https://raw.githubusercontent.com/ZibraMax/non-local-frequencies-nanostructures/refs/heads/main/Esferas_cubic_material\Sphere_5.0_2.0_0.4_20250612-201622.json&mode=6&magnif=6
2.329,2.0,166000000.0,63900000.0,79600000.0,4918.548669,Sphere_5.0_2.0_20250612-201933,Silicon cubic,2.5,0.4,0.8,5846.174706140654,1.4030574,1.4587732,1.6106864,1.7813336,1.9618764,2.052282,3,2,2,3,3,1,https://zibramax.github.io/FEMViewer/?mesh=https://raw.githubusercontent.com/ZibraMax/non-local-frequencies-nanostructures/refs/heads/main/Esferas_cubic_material\Sphere_5.0_2.0_0.4_20250612-201933.json&mode=6&magnif=6
3.515,2.0,1079000000.0,124000000.0,578000000.0,4825.563642,Sphere_5.0_2.0_20250612-200938,Carbon cubic,2.5,0.5,0.8,12823.342868880141,1.7136635,1.7861009,1.8003327,1.9531345,2.1001744,2.328738,3,2,2,3,3,1,https://zibramax.github.io/FEMViewer/?mesh=https://raw.githubusercontent.com/ZibraMax/non-local-frequencies-nanostructures/refs/heads/main/Esferas_cubic_material\Sphere_5.0_2.0_0.5_20250612-200938.json&mode=6&magnif=6
5.323,2.0,128900000.0,48300000.0,67099999.99999999,4959.151508,Sphere_5.0_2.0_20250612-201622,Germanium cubic,2.5,0.5,0.8,3550.446942624478,1.5208612,1.55353,1.7888657,1.9543711,2.115926,2.2213844,3,2,2,3,3,1,https://zibramax.github.io/FEMViewer/?mesh=https://raw.githubusercontent.com/ZibraMax/non-local-frequencies-nanostructures/refs/heads/main/Esferas_cubic_material\Sphere_5.0_2.0_0.5_20250612-201622.json&mode=6&magnif=6
2.329,2.0,166000000.0,63900000.0,79600000.0,4918.548669,Sphere_5.0_2.0_20250612-201933,Silicon cubic,2.5,0.5,0.8,5846.174706140654,1.5607774,1.6041305,1.7916464,1.9609732,2.183227,2.2911818,3,2,2,3,3,1,https://zibramax.github.io/FEMViewer/?mesh=https://raw.githubusercontent.com/ZibraMax/non-local-frequencies-nanostructures/refs/heads/main/Esferas_cubic_material\Sphere_5.0_2.0_0.5_20250612-201933.json&mode=6&magnif=6
3.515,2.0,1079000000.0,124000000.0,578000000.0,4825.563642,Sphere_5.0_2.0_20250612-200938,Carbon cubic,2.5,0.6,0.8,12823.342868880141,1.8708482,1.9352967,1.9653706,2.116913,2.2929406,2.5161686,3,2,2,3,3,1,https://zibramax.github.io/FEMViewer/?mesh=https://raw.githubusercontent.com/ZibraMax/non-local-frequencies-nanostructures/refs/heads/main/Esferas_cubic_material\Sphere_5.0_2.0_0.6_20250612-200938.json&mode=6&magnif=6
5.323,2.0,128900000.0,48300000.0,67099999.99999999,4959.151508,Sphere_5.0_2.0_20250612-201622,Germanium cubic,2.5,0.6,0.8,3550.446942624478,1.6603812,1.6821023,1.9529058,2.1179631,2.3106096,2.4310391,3,2,2,3,3,1,https://zibramax.github.io/FEMViewer/?mesh=https://raw.githubusercontent.com/ZibraMax/non-local-frequencies-nanostructures/refs/heads/main/Esferas_cubic_material\Sphere_5.0_2.0_0.6_20250612-201622.json&mode=6&magnif=6
2.329,2.0,166000000.0,63900000.0,79600000.0,4918.548669,Sphere_5.0_2.0_20250612-201933,Silicon cubic,2.5,0.6,0.8,5846.174706140654,1.7039559,1.7369063,1.9559277,2.1248044,2.3840933,2.5074217,3,2,2,3,3,1,https://zibramax.github.io/FEMViewer/?mesh=https://raw.githubusercontent.com/ZibraMax/non-local-frequencies-nanostructures/refs/heads/main/Esferas_cubic_material\Sphere_5.0_2.0_0.6_20250612-201933.json&mode=6&magnif=6
3.515,2.0,1079000000.0,124000000.0,578000000.0,4825.563642,Sphere_5.0_2.0_20250612-200938,Carbon cubic,2.5,0.7,0.8,12823.342868880141,2.0158104,2.073453,2.1175812,2.2685081,2.4707072,2.6904181,3,2,2,3,3,1,https://zibramax.github.io/FEMViewer/?mesh=https://raw.githubusercontent.com/ZibraMax/non-local-frequencies-nanostructures/refs/heads/main/Esferas_cubic_material\Sphere_5.0_2.0_0.7_20250612-200938.json&mode=6&magnif=6
5.323,2.0,128900000.0,48300000.0,67099999.99999999,4959.151508,Sphere_5.0_2.0_20250612-201622,Germanium cubic,2.5,0.7,0.8,3550.446942624478,1.789051,1.8012792,2.104192,2.2694133,2.4901076,2.6239954,3,2,2,3,3,1,https://zibramax.github.io/FEMViewer/?mesh=https://raw.githubusercontent.com/ZibraMax/non-local-frequencies-nanostructures/refs/heads/main/Esferas_cubic_material\Sphere_5.0_2.0_0.7_20250612-201622.json&mode=6&magnif=6
2.329,2.0,166000000.0,63900000.0,79600000.0,4918.548669,Sphere_5.0_2.0_20250612-201933,Silicon cubic,2.5,0.7,0.8,5846.174706140654,1.836,1.8599784,2.1074374,2.2765093,2.5692925,2.7064389,3,2,2,3,3,1,https://zibramax.github.io/FEMViewer/?mesh=https://raw.githubusercontent.com/ZibraMax/non-local-frequencies-nanostructures/refs/heads/main/Esferas_cubic_material\Sphere_5.0_2.0_0.7_20250612-201933.json&mode=6&magnif=6
3.515,2.0,1079000000.0,124000000.0,578000000.0,4825.563642,Sphere_5.0_2.0_20250612-200938,Carbon cubic,2.5,0.8,0.8,12823.342868880141,2.1510237,2.2027632,2.2595595,2.4103552,2.6365119,2.8539564,3,2,2,3,3,1,https://zibramax.github.io/FEMViewer/?mesh=https://raw.githubusercontent.com/ZibraMax/non-local-frequencies-nanostructures/refs/heads/main/Esferas_cubic_material\Sphere_5.0_2.0_0.8_20250612-200938.json&mode=6&magnif=6
5.323,2.0,128900000.0,48300000.0,67099999.99999999,4959.151508,Sphere_5.0_2.0_20250612-201622,Germanium cubic,2.5,0.8,0.8,3550.446942624478,1.9090668,1.9129019,2.2453052,2.4111431,2.6575027,2.8037032,3,2,2,3,3,1,https://zibramax.github.io/FEMViewer/?mesh=https://raw.githubusercontent.com/ZibraMax/non-local-frequencies-nanostructures/refs/heads/main/Esferas_cubic_material\Sphere_5.0_2.0_0.8_20250612-201622.json&mode=6&magnif=6
2.329,2.0,166000000.0,63900000.0,79600000.0,4918.548669,Sphere_5.0_2.0_20250612-201933,Silicon cubic,2.5,0.8,0.8,5846.174706140654,1.9591631,1.9752487,2.24876,2.4184988,2.7420049,2.8917915,3,2,2,3,3,1,https://zibramax.github.io/FEMViewer/?mesh=https://raw.githubusercontent.com/ZibraMax/non-local-frequencies-nanostructures/refs/heads/main/Esferas_cubic_material\Sphere_5.0_2.0_0.8_20250612-201933.json&mode=6&magnif=6
3.515,2.0,1079000000.0,124000000.0,578000000.0,4825.563642,Sphere_5.0_2.0_20250612-200938,Carbon cubic,2.5,0.9,0.8,12823.342868880141,2.2782251,2.3247659,2.393128,2.5441578,2.7924872,3.0085597,3,2,2,3,3,1,https://zibramax.github.io/FEMViewer/?mesh=https://raw.githubusercontent.com/ZibraMax/non-local-frequencies-nanostructures/refs/heads/main/Esferas_cubic_material\Sphere_5.0_2.0_0.9_20250612-200938.json&mode=6&magnif=6
5.323,2.0,128900000.0,48300000.0,67099999.99999999,4959.151508,Sphere_5.0_2.0_20250612-201622,Germanium cubic,2.5,0.9,0.8,3550.446942624478,2.0182691,2.0219705,2.378058,2.5448478,2.814957,2.9725663,2,3,2,3,3,1,https://zibramax.github.io/FEMViewer/?mesh=https://raw.githubusercontent.com/ZibraMax/non-local-frequencies-nanostructures/refs/heads/main/Esferas_cubic_material\Sphere_5.0_2.0_0.9_20250612-201622.json&mode=6&magnif=6
2.329,2.0,166000000.0,63900000.0,79600000.0,4918.548669,Sphere_5.0_2.0_20250612-201933,Silicon cubic,2.5,0.9,0.8,5846.174706140654,2.0750279,2.0840585,2.3817101,2.5524628,2.904461,3.0659589,3,2,2,3,3,1,https://zibramax.github.io/FEMViewer/?mesh=https://raw.githubusercontent.com/ZibraMax/non-local-frequencies-nanostructures/refs/heads/main/Esferas_cubic_material\Sphere_5.0_2.0_0.9_20250612-201933.json&mode=6&magnif=6
3.515,2.0,1079000000.0,124000000.0,578000000.0,4825.563642,Sphere_5.0_2.0_20250612-200938,Carbon cubic,2.5,1.0,0.8,12823.342868880141,2.3986898,2.4405927,2.5196249,2.6711669,2.9401984,3.1555582,3,2,2,3,3,1,https://zibramax.github.io/FEMViewer/?mesh=https://raw.githubusercontent.com/ZibraMax/non-local-frequencies-nanostructures/refs/heads/main/Esferas_cubic_material\Sphere_5.0_2.0_1.0_20250612-200938.json&mode=6&magnif=6
5.323,2.0,128900000.0,48300000.0,67099999.99999999,4959.151508,Sphere_5.0_2.0_20250612-201622,Germanium cubic,2.5,1.0,0.8,3550.446942624478,2.1183404,2.1288943,2.503781,2.6717733,2.9640562,3.1323392,2,3,2,3,3,1,https://zibramax.github.io/FEMViewer/?mesh=https://raw.githubusercontent.com/ZibraMax/non-local-frequencies-nanostructures/refs/heads/main/Esferas_cubic_material\Sphere_5.0_2.0_1.0_20250612-201622.json&mode=6&magnif=6
2.329,2.0,166000000.0,63900000.0,79600000.0,4918.548669,Sphere_5.0_2.0_20250612-201933,Silicon cubic,2.5,1.0,0.8,5846.174706140654,2.1847559,2.1873989,2.5076203,2.6796447,3.058297,3.2307505,3,2,2,3,3,1,https://zibramax.github.io/FEMViewer/?mesh=https://raw.githubusercontent.com/ZibraMax/non-local-frequencies-nanostructures/refs/heads/main/Esferas_cubic_material\Sphere_5.0_2.0_1.0_20250612-201933.json&mode=6&magnif=6
2.329,2.5,166000000.0,63900000.0,79600000.0,15725.63704,Sphere_5.0_2.5_20250612-133015,Silicon cubic,2.5,0.0,1.0,5846.174706140654,0.03564,0.0357138,0.0358324,0.036015,0.0361,0.036256,3,2,3,3,2,1,https://zibramax.github.io/FEMViewer/?mesh=https://raw.githubusercontent.com/ZibraMax/non-local-frequencies-nanostructures/refs/heads/main/Esferas_cubic_material\Sphere_5.0_2.5_0.0_20250612-133015.json&mode=6&magnif=6
5.323,2.5,128900000.0,48300000.0,67099999.99999999,15760.886021,Sphere_5.0_2.5_20250612-133022,Germanium cubic,2.5,0.0,1.0,3550.446942624478,0.0351211,0.0351935,0.0352946,0.0353218,0.0354054,0.0355506,3,2,3,3,2,1,https://zibramax.github.io/FEMViewer/?mesh=https://raw.githubusercontent.com/ZibraMax/non-local-frequencies-nanostructures/refs/heads/main/Esferas_cubic_material\Sphere_5.0_2.5_0.0_20250612-133022.json&mode=6&magnif=6
3.515,2.5,1079000000.0,124000000.0,578000000.0,15818.966619,Sphere_5.0_2.5_20250612-133033,Carbon cubic,2.5,0.0,1.0,12823.342868880141,0.0350752,0.0351333,0.0352287,0.0355398,0.035742,0.0358033,3,2,3,3,2,1,https://zibramax.github.io/FEMViewer/?mesh=https://raw.githubusercontent.com/ZibraMax/non-local-frequencies-nanostructures/refs/heads/main/Esferas_cubic_material\Sphere_5.0_2.5_0.0_20250612-133033.json&mode=6&magnif=6
2.329,2.5,166000000.0,63900000.0,79600000.0,15725.63704,Sphere_5.0_2.5_20250612-133015,Silicon cubic,2.5,0.1,1.0,5846.174706140654,0.7230135,0.808251,0.8301869,0.97683,1.0082054,1.0339241,3,2,2,3,3,1,https://zibramax.github.io/FEMViewer/?mesh=https://raw.githubusercontent.com/ZibraMax/non-local-frequencies-nanostructures/refs/heads/main/Esferas_cubic_material\Sphere_5.0_2.5_0.1_20250612-133015.json&mode=6&magnif=6
5.323,2.5,128900000.0,48300000.0,67099999.99999999,15760.886021,Sphere_5.0_2.5_20250612-133022,Germanium cubic,2.5,0.1,1.0,3550.446942624478,0.7045104,0.7828442,0.8288261,0.9711107,0.9770845,1.00242,3,2,2,3,3,1,https://zibramax.github.io/FEMViewer/?mesh=https://raw.githubusercontent.com/ZibraMax/non-local-frequencies-nanostructures/refs/heads/main/Esferas_cubic_material\Sphere_5.0_2.5_0.1_20250612-133022.json&mode=6&magnif=6
3.515,2.5,1079000000.0,124000000.0,578000000.0,15818.966619,Sphere_5.0_2.5_20250612-133033,Carbon cubic,2.5,0.1,1.0,12823.342868880141,0.7939049,0.834423,0.8901618,0.9689458,0.9722346,1.1600868,3,2,2,3,3,1,https://zibramax.github.io/FEMViewer/?mesh=https://raw.githubusercontent.com/ZibraMax/non-local-frequencies-nanostructures/refs/heads/main/Esferas_cubic_material\Sphere_5.0_2.5_0.1_20250612-133033.json&mode=6&magnif=6
2.329,2.5,166000000.0,63900000.0,79600000.0,15725.63704,Sphere_5.0_2.5_20250612-133015,Silicon cubic,2.5,0.2,1.0,5846.174706140654,0.9975629,1.0618142,1.1452175,1.29329,1.3940855,1.4525801,3,2,2,3,3,1,https://zibramax.github.io/FEMViewer/?mesh=https://raw.githubusercontent.com/ZibraMax/non-local-frequencies-nanostructures/refs/heads/main/Esferas_cubic_material\Sphere_5.0_2.5_0.2_20250612-133015.json&mode=6&magnif=6
5.323,2.5,128900000.0,48300000.0,67099999.99999999,15760.886021,Sphere_5.0_2.5_20250612-133022,Germanium cubic,2.5,0.2,1.0,3550.446942624478,0.9720457,1.0283696,1.1434098,1.2879572,1.3510956,1.4083269,3,2,2,3,3,1,https://zibramax.github.io/FEMViewer/?mesh=https://raw.githubusercontent.com/ZibraMax/non-local-frequencies-nanostructures/refs/heads/main/Esferas_cubic_material\Sphere_5.0_2.5_0.2_20250612-133022.json&mode=6&magnif=6
3.515,2.5,1079000000.0,124000000.0,578000000.0,15818.966619,Sphere_5.0_2.5_20250612-133033,Carbon cubic,2.5,0.2,1.0,12823.342868880141,1.0953069,1.1508591,1.1780593,1.2863563,1.3420389,1.5586001,3,2,2,3,3,1,https://zibramax.github.io/FEMViewer/?mesh=https://raw.githubusercontent.com/ZibraMax/non-local-frequencies-nanostructures/refs/heads/main/Esferas_cubic_material\Sphere_5.0_2.5_0.2_20250612-133033.json&mode=6&magnif=6
2.329,2.5,166000000.0,63900000.0,79600000.0,15725.63704,Sphere_5.0_2.5_20250612-133015,Silicon cubic,2.5,0.3,1.0,5846.174706140654,1.2113707,1.2607014,1.3905623,1.539325,1.6940748,1.7750955,3,2,2,3,3,1,https://zibramax.github.io/FEMViewer/?mesh=https://raw.githubusercontent.com/ZibraMax/non-local-frequencies-nanostructures/refs/heads/main/Esferas_cubic_material\Sphere_5.0_2.5_0.3_20250612-133015.json&mode=6&magnif=6
5.323,2.5,128900000.0,48300000.0,67099999.99999999,15760.886021,Sphere_5.0_2.5_20250612-133022,Germanium cubic,2.5,0.3,1.0,3550.446942624478,1.1803896,1.2209569,1.3883949,1.533777,1.6418503,1.72102,3,2,2,3,3,1,https://zibramax.github.io/FEMViewer/?mesh=https://raw.githubusercontent.com/ZibraMax/non-local-frequencies-nanostructures/refs/heads/main/Esferas_cubic_material\Sphere_5.0_2.5_0.3_20250612-133022.json&mode=6&magnif=6
3.515,2.5,1079000000.0,124000000.0,578000000.0,15818.966619,Sphere_5.0_2.5_20250612-133033,Carbon cubic,2.5,0.3,1.0,12823.342868880141,1.3300342,1.3973317,1.4020868,1.5325181,1.6299158,1.8370663,3,2,2,3,3,1,https://zibramax.github.io/FEMViewer/?mesh=https://raw.githubusercontent.com/ZibraMax/non-local-frequencies-nanostructures/refs/heads/main/Esferas_cubic_material\Sphere_5.0_2.5_0.3_20250612-133033.json&mode=6&magnif=6
2.329,2.5,166000000.0,63900000.0,79600000.0,15725.63704,Sphere_5.0_2.5_20250612-133015,Silicon cubic,2.5,0.4,1.0,5846.174706140654,1.3927247,1.4310622,1.5986746,1.7494344,1.9483737,2.0474217,3,2,2,3,3,1,https://zibramax.github.io/FEMViewer/?mesh=https://raw.githubusercontent.com/ZibraMax/non-local-frequencies-nanostructures/refs/heads/main/Esferas_cubic_material\Sphere_5.0_2.5_0.4_20250612-133015.json&mode=6&magnif=6
5.323,2.5,128900000.0,48300000.0,67099999.99999999,15760.886021,Sphere_5.0_2.5_20250612-133022,Germanium cubic,2.5,0.4,1.0,3550.446942624478,1.3571086,1.3859249,1.5961987,1.7435604,1.8883189,1.9850521,3,2,2,3,3,1,https://zibramax.github.io/FEMViewer/?mesh=https://raw.githubusercontent.com/ZibraMax/non-local-frequencies-nanostructures/refs/heads/main/Esferas_cubic_material\Sphere_5.0_2.5_0.4_20250612-133022.json&mode=6&magnif=6
3.515,2.5,1079000000.0,124000000.0,578000000.0,15818.966619,Sphere_5.0_2.5_20250612-133033,Carbon cubic,2.5,0.4,1.0,12823.342868880141,1.5291353,1.5934263,1.6064108,1.7425036,1.8740638,2.0777807,3,2,2,3,3,1,https://zibramax.github.io/FEMViewer/?mesh=https://raw.githubusercontent.com/ZibraMax/non-local-frequencies-nanostructures/refs/heads/main/Esferas_cubic_material\Sphere_5.0_2.5_0.4_20250612-133033.json&mode=6&magnif=6
2.329,2.5,166000000.0,63900000.0,79600000.0,15725.63704,Sphere_5.0_2.5_20250612-133015,Silicon cubic,2.5,0.5,1.0,5846.174706140654,1.5530407,1.5827597,1.7826498,1.936251,2.1731022,2.2875545,3,2,2,3,3,1,https://zibramax.github.io/FEMViewer/?mesh=https://raw.githubusercontent.com/ZibraMax/non-local-frequencies-nanostructures/refs/heads/main/Esferas_cubic_material\Sphere_5.0_2.5_0.5_20250612-133015.json&mode=6&magnif=6
5.323,2.5,128900000.0,48300000.0,67099999.99999999,15760.886021,Sphere_5.0_2.5_20250612-133022,Germanium cubic,2.5,0.5,1.0,3550.446942624478,1.5133269,1.5328224,1.7798994,1.9300276,2.1061266,2.2178711,3,2,2,3,3,1,https://zibramax.github.io/FEMViewer/?mesh=https://raw.githubusercontent.com/ZibraMax/non-local-frequencies-nanostructures/refs/heads/main/Esferas_cubic_material\Sphere_5.0_2.5_0.5_20250612-133022.json&mode=6&magnif=6
3.515,2.5,1079000000.0,124000000.0,578000000.0,15818.966619,Sphere_5.0_2.5_20250612-133033,Carbon cubic,2.5,0.5,1.0,12823.342868880141,1.7051413,1.7635605,1.7912453,1.9291048,2.089875,2.2930823,3,2,2,3,3,1,https://zibramax.github.io/FEMViewer/?mesh=https://raw.githubusercontent.com/ZibraMax/non-local-frequencies-nanostructures/refs/heads/main/Esferas_cubic_material\Sphere_5.0_2.5_0.5_20250612-133033.json&mode=6&magnif=6
2.329,2.5,166000000.0,63900000.0,79600000.0,15725.63704,Sphere_5.0_2.5_20250612-133015,Silicon cubic,2.5,0.6,1.0,5846.174706140654,1.6982885,1.7209344,1.9493361,2.1062685,2.3766694,2.5047704,3,2,2,3,3,1,https://zibramax.github.io/FEMViewer/?mesh=https://raw.githubusercontent.com/ZibraMax/non-local-frequencies-nanostructures/refs/heads/main/Esferas_cubic_material\Sphere_5.0_2.5_0.6_20250612-133015.json&mode=6&magnif=6
5.323,2.5,128900000.0,48300000.0,67099999.99999999,15760.886021,Sphere_5.0_2.5_20250612-133022,Germanium cubic,2.5,0.6,1.0,3550.446942624478,1.6548621,1.6666262,1.9463362,2.0996962,2.3034242,2.4284712,3,2,2,3,3,1,https://zibramax.github.io/FEMViewer/?mesh=https://raw.githubusercontent.com/ZibraMax/non-local-frequencies-nanostructures/refs/heads/main/Esferas_cubic_material\Sphere_5.0_2.5_0.6_20250612-133022.json&mode=6&magnif=6
3.515,2.5,1079000000.0,124000000.0,578000000.0,15818.966619,Sphere_5.0_2.5_20250612-133033,Carbon cubic,2.5,0.6,1.0,12823.342868880141,1.8646053,1.9183987,1.9587128,2.0988699,2.2853941,2.4897031,3,2,2,3,3,1,https://zibramax.github.io/FEMViewer/?mesh=https://raw.githubusercontent.com/ZibraMax/non-local-frequencies-nanostructures/refs/heads/main/Esferas_cubic_material\Sphere_5.0_2.5_0.6_20250612-133033.json&mode=6&magnif=6
2.329,2.5,166000000.0,63900000.0,79600000.0,15725.63704,Sphere_5.0_2.5_20250612-133015,Silicon cubic,2.5,0.7,1.0,5846.174706140654,1.8320561,1.8487014,2.1028497,2.2633924,2.5641228,2.7045968,3,2,2,3,3,1,https://zibramax.github.io/FEMViewer/?mesh=https://raw.githubusercontent.com/ZibraMax/non-local-frequencies-nanostructures/refs/heads/main/Esferas_cubic_material\Sphere_5.0_2.5_0.7_20250612-133015.json&mode=6&magnif=6
5.323,2.5,128900000.0,48300000.0,67099999.99999999,15760.886021,Sphere_5.0_2.5_20250612-133022,Germanium cubic,2.5,0.7,1.0,3550.446942624478,1.7852104,1.7903523,2.0996195,2.2564793,2.4851039,2.6222112,3,2,2,3,3,1,https://zibramax.github.io/FEMViewer/?mesh=https://raw.githubusercontent.com/ZibraMax/non-local-frequencies-nanostructures/refs/heads/main/Esferas_cubic_material\Sphere_5.0_2.5_0.7_20250612-133022.json&mode=6&magnif=6
3.515,2.5,1079000000.0,124000000.0,578000000.0,15818.966619,Sphere_5.0_2.5_20250612-133033,Carbon cubic,2.5,0.7,1.0,12823.342868880141,2.0114659,2.0614958,2.1129476,2.2557265,2.4654547,2.671823,3,2,2,3,3,1,https://zibramax.github.io/FEMViewer/?mesh=https://raw.githubusercontent.com/ZibraMax/non-local-frequencies-nanostructures/refs/heads/main/Esferas_cubic_material\Sphere_5.0_2.5_0.7_20250612-133033.json&mode=6&magnif=6
2.329,2.5,166000000.0,63900000.0,79600000.0,15725.63704,Sphere_5.0_2.5_20250612-133015,Silicon cubic,2.5,0.8,1.0,5846.174706140654,1.9566996,1.9681268,2.245894,2.4102011,2.738774,2.8906422,3,2,2,3,3,1,https://zibramax.github.io/FEMViewer/?mesh=https://raw.githubusercontent.com/ZibraMax/non-local-frequencies-nanostructures/refs/heads/main/Esferas_cubic_material\Sphere_5.0_2.5_0.8_20250612-133015.json&mode=6&magnif=6
5.323,2.5,128900000.0,48300000.0,67099999.99999999,15760.886021,Sphere_5.0_2.5_20250612-133022,Germanium cubic,2.5,0.8,1.0,3550.446942624478,1.9060012,1.9066678,2.2424488,2.4029577,2.6543756,2.80259,2,3,2,3,3,1,https://zibramax.github.io/FEMViewer/?mesh=https://raw.githubusercontent.com/ZibraMax/non-local-frequencies-nanostructures/refs/heads/main/Esferas_cubic_material\Sphere_5.0_2.5_0.8_20250612-133022.json&mode=6&magnif=6
3.515,2.5,1079000000.0,124000000.0,578000000.0,15818.966619,Sphere_5.0_2.5_20250612-133033,Carbon cubic,2.5,0.8,1.0,12823.342868880141,2.14831,2.1951996,2.2566649,2.4022634,2.6332305,2.8422557,3,2,2,3,3,1,https://zibramax.github.io/FEMViewer/?mesh=https://raw.githubusercontent.com/ZibraMax/non-local-frequencies-nanostructures/refs/heads/main/Esferas_cubic_material\Sphere_5.0_2.5_0.8_20250612-133033.json&mode=6&magnif=6
2.329,2.5,166000000.0,63900000.0,79600000.0,15725.63704,Sphere_5.0_2.5_20250612-133015,Silicon cubic,2.5,0.9,1.0,5846.174706140654,2.073865,2.0806678,2.3803572,2.5485073,2.9029354,3.0654169,3,2,2,3,3,1,https://zibramax.github.io/FEMViewer/?mesh=https://raw.githubusercontent.com/ZibraMax/non-local-frequencies-nanostructures/refs/heads/main/Esferas_cubic_material\Sphere_5.0_2.5_0.9_20250612-133015.json&mode=6&magnif=6
5.323,2.5,128900000.0,48300000.0,67099999.99999999,15760.886021,Sphere_5.0_2.5_20250612-133022,Germanium cubic,2.5,0.9,1.0,3550.446942624478,2.0149837,2.0208382,2.3767096,2.5409446,2.8134804,2.9720414,2,3,2,3,3,1,https://zibramax.github.io/FEMViewer/?mesh=https://raw.githubusercontent.com/ZibraMax/non-local-frequencies-nanostructures/refs/heads/main/Esferas_cubic_material\Sphere_5.0_2.5_0.9_20250612-133022.json&mode=6&magnif=6
3.515,2.5,1079000000.0,124000000.0,578000000.0,15818.966619,Sphere_5.0_2.5_20250612-133033,Carbon cubic,2.5,0.9,1.0,12823.342868880141,2.2769441,2.3211604,2.3917616,2.5402981,2.7909382,3.0030049,3,2,2,3,3,1,https://zibramax.github.io/FEMViewer/?mesh=https://raw.githubusercontent.com/ZibraMax/non-local-frequencies-nanostructures/refs/heads/main/Esferas_cubic_material\Sphere_5.0_2.5_0.9_20250612-133033.json&mode=6&magnif=6
2.329,2.5,166000000.0,63900000.0,79600000.0,15725.63704,Sphere_5.0_2.5_20250612-133015,Silicon cubic,2.5,1.0,1.0,5846.174706140654,2.1847559,2.1873989,2.5076203,2.6796447,3.058297,3.2307505,3,2,2,3,3,1,https://zibramax.github.io/FEMViewer/?mesh=https://raw.githubusercontent.com/ZibraMax/non-local-frequencies-nanostructures/refs/heads/main/Esferas_cubic_material\Sphere_5.0_2.5_1.0_20250612-133015.json&mode=6&magnif=6
5.323,2.5,128900000.0,48300000.0,67099999.99999999,15760.886021,Sphere_5.0_2.5_20250612-133022,Germanium cubic,2.5,1.0,1.0,3550.446942624478,2.1183404,2.1288943,2.503781,2.6717733,2.9640562,3.1323392,2,3,2,3,3,1,https://zibramax.github.io/FEMViewer/?mesh=https://raw.githubusercontent.com/ZibraMax/non-local-frequencies-nanostructures/refs/heads/main/Esferas_cubic_material\Sphere_5.0_2.5_1.0_20250612-133022.json&mode=6&magnif=6
3.515,2.5,1079000000.0,124000000.0,578000000.0,15818.966619,Sphere_5.0_2.5_20250612-133033,Carbon cubic,2.5,1.0,1.0,12823.342868880141,2.3986898,2.4405927,2.5196249,2.6711669,2.9401984,3.1555582,3,2,2,3,3,1,https://zibramax.github.io/FEMViewer/?mesh=https://raw.githubusercontent.com/ZibraMax/non-local-frequencies-nanostructures/refs/heads/main/Esferas_cubic_material\Sphere_5.0_2.5_1.0_20250612-133033.json&mode=6&magnif=6
2.329,4.0,166000000.0,63900000.0,79600000.0,15771.942869,Sphere_5.0_4.0_20250612-133017,Silicon cubic,2.5,0.0,1.6,5846.174706140654,0.0139339,0.0139628,0.0140094,0.0140806,0.0141131,0.0141747,3,2,3,3,2,1,https://zibramax.github.io/FEMViewer/?mesh=https://raw.githubusercontent.com/ZibraMax/non-local-frequencies-nanostructures/refs/heads/main/Esferas_cubic_material\Sphere_5.0_4.0_0.0_20250612-133017.json&mode=6&magnif=6
5.323,4.0,128900000.0,48300000.0,67099999.99999999,15730.128139,Sphere_5.0_4.0_20250612-133024,Germanium cubic,2.5,0.0,1.6,3550.446942624478,0.0137311,0.0137596,0.0137992,0.0138093,0.0138414,0.0138988,3,2,3,3,2,1,https://zibramax.github.io/FEMViewer/?mesh=https://raw.githubusercontent.com/ZibraMax/non-local-frequencies-nanostructures/refs/heads/main/Esferas_cubic_material\Sphere_5.0_4.0_0.0_20250612-133024.json&mode=6&magnif=6
3.515,4.0,1079000000.0,124000000.0,578000000.0,16116.984933,Sphere_5.0_4.0_20250612-133039,Carbon cubic,2.5,0.0,1.6,12823.342868880141,0.0137132,0.0137358,0.0137736,0.0138956,0.0139755,0.0139994,3,2,3,3,2,1,https://zibramax.github.io/FEMViewer/?mesh=https://raw.githubusercontent.com/ZibraMax/non-local-frequencies-nanostructures/refs/heads/main/Esferas_cubic_material\Sphere_5.0_4.0_0.0_20250612-133039.json&mode=6&magnif=6
2.329,4.0,166000000.0,63900000.0,79600000.0,15771.942869,Sphere_5.0_4.0_20250612-133017,Silicon cubic,2.5,0.1,1.6,5846.174706140654,0.6979817,0.7362045,0.8011965,0.8977104,0.9761558,1.0238321,3,2,2,3,3,1,https://zibramax.github.io/FEMViewer/?mesh=https://raw.githubusercontent.com/ZibraMax/non-local-frequencies-nanostructures/refs/heads/main/Esferas_cubic_material\Sphere_5.0_4.0_0.1_20250612-133017.json&mode=6&magnif=6
5.323,4.0,128900000.0,48300000.0,67099999.99999999,15730.128139,Sphere_5.0_4.0_20250612-133024,Germanium cubic,2.5,0.1,1.6,3550.446942624478,0.6801319,0.7130136,0.7999488,0.8942419,0.9460665,0.9926437,3,2,2,3,3,1,https://zibramax.github.io/FEMViewer/?mesh=https://raw.githubusercontent.com/ZibraMax/non-local-frequencies-nanostructures/refs/heads/main/Esferas_cubic_material\Sphere_5.0_4.0_0.1_20250612-133024.json&mode=6&magnif=6
3.515,4.0,1079000000.0,124000000.0,578000000.0,16116.984933,Sphere_5.0_4.0_20250612-133039,Carbon cubic,2.5,0.1,1.6,12823.342868880141,0.7663474,0.8050942,0.8176981,0.8933591,0.9391348,1.0777783,3,2,2,3,3,1,https://zibramax.github.io/FEMViewer/?mesh=https://raw.githubusercontent.com/ZibraMax/non-local-frequencies-nanostructures/refs/heads/main/Esferas_cubic_material\Sphere_5.0_4.0_0.1_20250612-133039.json&mode=6&magnif=6
2.329,4.0,166000000.0,63900000.0,79600000.0,15771.942869,Sphere_5.0_4.0_20250612-133017,Silicon cubic,2.5,0.2,1.6,5846.174706140654,0.9815319,1.0077379,1.1266267,1.23202,1.3734203,1.4462062,3,2,2,3,3,1,https://zibramax.github.io/FEMViewer/?mesh=https://raw.githubusercontent.com/ZibraMax/non-local-frequencies-nanostructures/refs/heads/main/Esferas_cubic_material\Sphere_5.0_4.0_0.2_20250612-133017.json&mode=6&magnif=6
5.323,4.0,128900000.0,48300000.0,67099999.99999999,15730.128139,Sphere_5.0_4.0_20250612-133024,Germanium cubic,2.5,0.2,1.6,3550.446942624478,0.9564332,0.975956,1.1248887,1.2279111,1.3310929,1.4021526,3,2,2,3,3,1,https://zibramax.github.io/FEMViewer/?mesh=https://raw.githubusercontent.com/ZibraMax/non-local-frequencies-nanostructures/refs/heads/main/Esferas_cubic_material\Sphere_5.0_4.0_0.2_20250612-133024.json&mode=6&magnif=6
3.515,4.0,1079000000.0,124000000.0,578000000.0,16116.984933,Sphere_5.0_4.0_20250612-133039,Carbon cubic,2.5,0.2,1.6,12823.342868880141,1.0776564,1.1221526,1.1320589,1.2272218,1.3208044,1.4632403,3,2,2,3,3,1,https://zibramax.github.io/FEMViewer/?mesh=https://raw.githubusercontent.com/ZibraMax/non-local-frequencies-nanostructures/refs/heads/main/Esferas_cubic_material\Sphere_5.0_4.0_0.2_20250612-133039.json&mode=6&magnif=6
2.329,4.0,166000000.0,63900000.0,79600000.0,15771.942869,Sphere_5.0_4.0_20250612-133017,Silicon cubic,2.5,0.3,1.6,5846.174706140654,1.1998441,1.219557,1.3771892,1.4922507,1.6791831,1.7705344,3,2,2,3,3,1,https://zibramax.github.io/FEMViewer/?mesh=https://raw.githubusercontent.com/ZibraMax/non-local-frequencies-nanostructures/refs/heads/main/Esferas_cubic_material\Sphere_5.0_4.0_0.3_20250612-133017.json&mode=6&magnif=6
5.323,4.0,128900000.0,48300000.0,67099999.99999999,15730.128139,Sphere_5.0_4.0_20250612-133024,Germanium cubic,2.5,0.3,1.6,3550.446942624478,1.169164,1.1810783,1.3750713,1.4875255,1.6274354,1.7166018,3,2,2,3,3,1,https://zibramax.github.io/FEMViewer/?mesh=https://raw.githubusercontent.com/ZibraMax/non-local-frequencies-nanostructures/refs/heads/main/Esferas_cubic_material\Sphere_5.0_4.0_0.3_20250612-133024.json&mode=6&magnif=6
3.515,4.0,1079000000.0,124000000.0,578000000.0,16116.984933,Sphere_5.0_4.0_20250612-133039,Carbon cubic,2.5,0.3,1.6,12823.342868880141,1.3173427,1.3591558,1.3838097,1.4869001,1.6146392,1.7660019,3,2,2,3,3,1,https://zibramax.github.io/FEMViewer/?mesh=https://raw.githubusercontent.com/ZibraMax/non-local-frequencies-nanostructures/refs/heads/main/Esferas_cubic_material\Sphere_5.0_4.0_0.3_20250612-133039.json&mode=6&magnif=6
2.329,4.0,166000000.0,63900000.0,79600000.0,15771.942869,Sphere_5.0_4.0_20250612-133017,Silicon cubic,2.5,0.4,1.6,5846.174706140654,1.3841407,1.3995181,1.5887133,1.7131732,1.9372716,2.0440332,3,2,2,3,3,1,https://zibramax.github.io/FEMViewer/?mesh=https://raw.githubusercontent.com/ZibraMax/non-local-frequencies-nanostructures/refs/heads/main/Esferas_cubic_material\Sphere_5.0_4.0_0.4_20250612-133017.json&mode=6&magnif=6
5.323,4.0,128900000.0,48300000.0,67099999.99999999,15730.128139,Sphere_5.0_4.0_20250612-133024,Germanium cubic,2.5,0.4,1.6,3550.446942624478,1.3487488,1.3553517,1.586274,1.7078902,1.877572,1.9817697,3,2,2,3,3,1,https://zibramax.github.io/FEMViewer/?mesh=https://raw.githubusercontent.com/ZibraMax/non-local-frequencies-nanostructures/refs/heads/main/Esferas_cubic_material\Sphere_5.0_4.0_0.4_20250612-133024.json&mode=6&magnif=6
3.515,4.0,1079000000.0,124000000.0,578000000.0,16116.984933,Sphere_5.0_4.0_20250612-133039,Carbon cubic,2.5,0.4,1.6,12823.342868880141,1.5196837,1.5603622,1.5963393,1.7072913,1.8626839,2.0238585,3,2,2,3,3,1,https://zibramax.github.io/FEMViewer/?mesh=https://raw.githubusercontent.com/ZibraMax/non-local-frequencies-nanostructures/refs/heads/main/Esferas_cubic_material\Sphere_5.0_4.0_0.4_20250612-133039.json&mode=6&magnif=6
2.329,4.0,166000000.0,63900000.0,79600000.0,15771.942869,Sphere_5.0_4.0_20250612-133017,Silicon cubic,2.5,0.5,1.6,5846.174706140654,1.5466301,1.5587815,1.7752096,1.9086103,2.1648056,2.2850276,3,2,2,3,3,1,https://zibramax.github.io/FEMViewer/?mesh=https://raw.githubusercontent.com/ZibraMax/non-local-frequencies-nanostructures/refs/heads/main/Esferas_cubic_material\Sphere_5.0_4.0_0.5_20250612-133017.json&mode=6&magnif=6
5.323,4.0,128900000.0,48300000.0,67099999.99999999,15730.128139,Sphere_5.0_4.0_20250612-133024,Germanium cubic,2.5,0.5,1.6,3550.446942624478,1.5070838,1.5095825,1.7724865,1.9028184,2.0980954,2.2154234,3,2,2,3,3,1,https://zibramax.github.io/FEMViewer/?mesh=https://raw.githubusercontent.com/ZibraMax/non-local-frequencies-nanostructures/refs/heads/main/Esferas_cubic_material\Sphere_5.0_4.0_0.5_20250612-133024.json&mode=6&magnif=6
3.515,4.0,1079000000.0,124000000.0,578000000.0,16116.984933,Sphere_5.0_4.0_20250612-133039,Carbon cubic,2.5,0.5,1.6,12823.342868880141,1.6980827,1.7383587,1.7837231,1.9022301,2.0813749,2.2523462,3,2,2,3,3,1,https://zibramax.github.io/FEMViewer/?mesh=https://raw.githubusercontent.com/ZibraMax/non-local-frequencies-nanostructures/refs/heads/main/Esferas_cubic_material\Sphere_5.0_4.0_0.5_20250612-133039.json&mode=6&magnif=6
2.329,4.0,166000000.0,63900000.0,79600000.0,15771.942869,Sphere_5.0_4.0_20250612-133017,Silicon cubic,2.5,0.6,1.6,5846.174706140654,1.6936008,1.7031901,1.9438949,2.0857764,2.3705999,2.5029245,3,2,2,3,3,1,https://zibramax.github.io/FEMViewer/?mesh=https://raw.githubusercontent.com/ZibraMax/non-local-frequencies-nanostructures/refs/heads/main/Esferas_cubic_material\Sphere_5.0_4.0_0.6_20250612-133017.json&mode=6&magnif=6
5.323,4.0,128900000.0,48300000.0,67099999.99999999,15730.128139,Sphere_5.0_4.0_20250612-133024,Germanium cubic,2.5,0.6,1.6,3550.446942624478,1.6494284,1.6502969,1.9409149,2.0795148,2.2975488,2.426683,2,3,2,3,3,1,https://zibramax.github.io/FEMViewer/?mesh=https://raw.githubusercontent.com/ZibraMax/non-local-frequencies-nanostructures/refs/heads/main/Esferas_cubic_material\Sphere_5.0_4.0_0.6_20250612-133024.json&mode=6&magnif=6
3.515,4.0,1079000000.0,124000000.0,578000000.0,16116.984933,Sphere_5.0_4.0_20250612-133039,Carbon cubic,2.5,0.6,1.6,12823.342868880141,1.8594436,1.8997154,1.9532119,2.0789291,2.2791777,2.4596815,3,2,2,3,3,1,https://zibramax.github.io/FEMViewer/?mesh=https://raw.githubusercontent.com/ZibraMax/non-local-frequencies-nanostructures/refs/heads/main/Esferas_cubic_material\Sphere_5.0_4.0_0.6_20250612-133039.json&mode=6&magnif=6
2.329,4.0,166000000.0,63900000.0,79600000.0,15771.942869,Sphere_5.0_4.0_20250612-133017,Silicon cubic,2.5,0.7,1.6,5846.174706140654,1.8287981,1.8362627,2.0990678,2.2490088,2.559903,2.7033147,3,2,2,3,3,1,https://zibramax.github.io/FEMViewer/?mesh=https://raw.githubusercontent.com/ZibraMax/non-local-frequencies-nanostructures/refs/heads/main/Esferas_cubic_material\Sphere_5.0_4.0_0.7_20250612-133017.json&mode=6&magnif=6
5.323,4.0,128900000.0,48300000.0,67099999.99999999,15730.128139,Sphere_5.0_4.0_20250612-133024,Germanium cubic,2.5,0.7,1.6,3550.446942624478,1.7782967,1.7820375,2.0958514,2.2423093,2.4810191,2.6209693,2,3,2,3,3,1,https://zibramax.github.io/FEMViewer/?mesh=https://raw.githubusercontent.com/ZibraMax/non-local-frequencies-nanostructures/refs/heads/main/Esferas_cubic_material\Sphere_5.0_4.0_0.7_20250612-133024.json&mode=6&magnif=6
3.515,4.0,1079000000.0,124000000.0,578000000.0,16116.984933,Sphere_5.0_4.0_20250612-133039,Carbon cubic,2.5,0.7,1.6,12823.342868880141,2.0078785,2.0483822,2.1091243,2.2417217,2.4611339,2.6508396,3,2,2,3,3,1,https://zibramax.github.io/FEMViewer/?mesh=https://raw.githubusercontent.com/ZibraMax/non-local-frequencies-nanostructures/refs/heads/main/Esferas_cubic_material\Sphere_5.0_4.0_0.7_20250612-133039.json&mode=6&magnif=6
2.329,4.0,166000000.0,63900000.0,79600000.0,15771.942869,Sphere_5.0_4.0_20250612-133017,Silicon cubic,2.5,0.8,1.6,5846.174706140654,1.9546665,1.9603141,2.2435338,2.4011582,2.7361401,2.8898426,3,2,2,3,3,1,https://zibramax.github.io/FEMViewer/?mesh=https://raw.githubusercontent.com/ZibraMax/non-local-frequencies-nanostructures/refs/heads/main/Esferas_cubic_material\Sphere_5.0_4.0_0.8_20250612-133017.json&mode=6&magnif=6
5.323,4.0,128900000.0,48300000.0,67099999.99999999,15730.128139,Sphere_5.0_4.0_20250612-133024,Germanium cubic,2.5,0.8,1.6,3550.446942624478,1.8984292,1.9046878,2.2400972,2.3940469,2.6518259,2.8018154,2,3,2,3,3,1,https://zibramax.github.io/FEMViewer/?mesh=https://raw.githubusercontent.com/ZibraMax/non-local-frequencies-nanostructures/refs/heads/main/Esferas_cubic_material\Sphere_5.0_4.0_0.8_20250612-133024.json&mode=6&magnif=6
3.515,4.0,1079000000.0,124000000.0,578000000.0,16116.984933,Sphere_5.0_4.0_20250612-133039,Carbon cubic,2.5,0.8,1.6,12823.342868880141,2.1460712,2.1869552,2.2542789,2.3934546,2.630534,2.8291051,3,2,2,3,3,1,https://zibramax.github.io/FEMViewer/?mesh=https://raw.githubusercontent.com/ZibraMax/non-local-frequencies-nanostructures/refs/heads/main/Esferas_cubic_material\Sphere_5.0_4.0_0.8_20250612-133039.json&mode=6&magnif=6
2.329,4.0,166000000.0,63900000.0,79600000.0,15771.942869,Sphere_5.0_4.0_20250612-133017,Silicon cubic,2.5,0.9,1.6,5846.174706140654,2.0729061,2.0769642,2.379244,2.5442173,2.9016929,3.0650399,3,2,2,3,3,1,https://zibramax.github.io/FEMViewer/?mesh=https://raw.githubusercontent.com/ZibraMax/non-local-frequencies-nanostructures/refs/heads/main/Esferas_cubic_material\Sphere_5.0_4.0_0.9_20250612-133017.json&mode=6&magnif=6
5.323,4.0,128900000.0,48300000.0,67099999.99999999,15730.128139,Sphere_5.0_4.0_20250612-133024,Germanium cubic,2.5,0.9,1.6,3550.446942624478,2.0113943,2.0199043,2.3756004,2.5367165,2.8122776,2.9716762,2,3,2,3,3,1,https://zibramax.github.io/FEMViewer/?mesh=https://raw.githubusercontent.com/ZibraMax/non-local-frequencies-nanostructures/refs/heads/main/Esferas_cubic_material\Sphere_5.0_4.0_0.9_20250612-133024.json&mode=6&magnif=6
3.515,4.0,1079000000.0,124000000.0,578000000.0,16116.984933,Sphere_5.0_4.0_20250612-133039,Carbon cubic,2.5,0.9,1.6,12823.342868880141,2.2758882,2.3172492,2.3906362,2.5361177,2.7896663,2.9967815,3,2,2,3,3,1,https://zibramax.github.io/FEMViewer/?mesh=https://raw.githubusercontent.com/ZibraMax/non-local-frequencies-nanostructures/refs/heads/main/Esferas_cubic_material\Sphere_5.0_4.0_0.9_20250612-133039.json&mode=6&magnif=6
2.329,4.0,166000000.0,63900000.0,79600000.0,15771.942869,Sphere_5.0_4.0_20250612-133017,Silicon cubic,2.5,1.0,1.6,5846.174706140654,2.1847559,2.1873989,2.5076203,2.6796447,3.058297,3.2307505,3,2,2,3,3,1,https://zibramax.github.io/FEMViewer/?mesh=https://raw.githubusercontent.com/ZibraMax/non-local-frequencies-nanostructures/refs/heads/main/Esferas_cubic_material\Sphere_5.0_4.0_1.0_20250612-133017.json&mode=6&magnif=6
5.323,4.0,128900000.0,48300000.0,67099999.99999999,15730.128139,Sphere_5.0_4.0_20250612-133024,Germanium cubic,2.5,1.0,1.6,3550.446942624478,2.1183404,2.1288943,2.503781,2.6717733,2.9640562,3.1323392,2,3,2,3,3,1,https://zibramax.github.io/FEMViewer/?mesh=https://raw.githubusercontent.com/ZibraMax/non-local-frequencies-nanostructures/refs/heads/main/Esferas_cubic_material\Sphere_5.0_4.0_1.0_20250612-133024.json&mode=6&magnif=6
3.515,4.0,1079000000.0,124000000.0,578000000.0,16116.984933,Sphere_5.0_4.0_20250612-133039,Carbon cubic,2.5,1.0,1.6,12823.342868880141,2.3986898,2.4405927,2.5196249,2.6711669,2.9401984,3.1555582,3,2,2,3,3,1,https://zibramax.github.io/FEMViewer/?mesh=https://raw.githubusercontent.com/ZibraMax/non-local-frequencies-nanostructures/refs/heads/main/Esferas_cubic_material\Sphere_5.0_4.0_1.0_20250612-133039.json&mode=6&magnif=6
3.515,1.0,1079000000.0,124000000.0,578000000.0,4733.852455,Sphere_7.0_1.0_20250612-200730,Carbon cubic,3.5,0.0,0.2857142857142857,12823.342868880141,0.4214753,0.4245561,0.4259913,0.4271218,0.4287472,0.4315748,3,2,3,3,2,1,https://zibramax.github.io/FEMViewer/?mesh=https://raw.githubusercontent.com/ZibraMax/non-local-frequencies-nanostructures/refs/heads/main/Esferas_cubic_material\Sphere_7.0_1.0_0.0_20250612-200730.json&mode=6&magnif=6
5.323,1.0,128900000.0,48300000.0,67099999.99999999,4750.479783,Sphere_7.0_1.0_20250612-201116,Germanium cubic,3.5,0.0,0.2857142857142857,3550.446942624478,0.422052,0.4248439,0.4257703,0.4266274,0.4279815,0.4285396,3,2,3,3,2,1,https://zibramax.github.io/FEMViewer/?mesh=https://raw.githubusercontent.com/ZibraMax/non-local-frequencies-nanostructures/refs/heads/main/Esferas_cubic_material\Sphere_7.0_1.0_0.0_20250612-201116.json&mode=6&magnif=6
2.329,1.0,166000000.0,63900000.0,79600000.0,4792.121251,Sphere_7.0_1.0_20250612-201418,Silicon cubic,3.5,0.0,0.2857142857142857,5846.174706140654,0.4282845,0.4314178,0.4332628,0.4338437,0.436009,0.4369282,3,2,3,3,2,1,https://zibramax.github.io/FEMViewer/?mesh=https://raw.githubusercontent.com/ZibraMax/non-local-frequencies-nanostructures/refs/heads/main/Esferas_cubic_material\Sphere_7.0_1.0_0.0_20250612-201418.json&mode=6&magnif=6
3.515,1.0,1079000000.0,124000000.0,578000000.0,4733.852455,Sphere_7.0_1.0_20250612-200730,Carbon cubic,3.5,0.1,0.2857142857142857,12823.342868880141,1.3082029,1.3806676,1.4431227,1.5442531,1.5924282,1.6307211,3,2,2,3,3,1,https://zibramax.github.io/FEMViewer/?mesh=https://raw.githubusercontent.com/ZibraMax/non-local-frequencies-nanostructures/refs/heads/main/Esferas_cubic_material\Sphere_7.0_1.0_0.1_20250612-200730.json&mode=6&magnif=6
5.323,1.0,128900000.0,48300000.0,67099999.99999999,4750.479783,Sphere_7.0_1.0_20250612-201116,Germanium cubic,3.5,0.1,0.2857142857142857,3550.446942624478,1.1587163,1.304393,1.3681703,1.4056514,1.5261555,1.5385093,3,2,2,1,3,1,https://zibramax.github.io/FEMViewer/?mesh=https://raw.githubusercontent.com/ZibraMax/non-local-frequencies-nanostructures/refs/heads/main/Esferas_cubic_material\Sphere_7.0_1.0_0.1_20250612-201116.json&mode=6&magnif=6
2.329,1.0,166000000.0,63900000.0,79600000.0,4792.121251,Sphere_7.0_1.0_20250612-201418,Silicon cubic,3.5,0.1,0.2857142857142857,5846.174706140654,1.1895112,1.3473183,1.3713624,1.4502506,1.5526927,1.5889059,3,2,2,1,3,1,https://zibramax.github.io/FEMViewer/?mesh=https://raw.githubusercontent.com/ZibraMax/non-local-frequencies-nanostructures/refs/heads/main/Esferas_cubic_material\Sphere_7.0_1.0_0.1_20250612-201418.json&mode=6&magnif=6
3.515,1.0,1079000000.0,124000000.0,578000000.0,4733.852455,Sphere_7.0_1.0_20250612-200730,Carbon cubic,3.5,0.2,0.2857142857142857,12823.342868880141,1.47349,1.5536209,1.6482026,1.7794063,1.8026393,1.9585835,3,2,2,3,3,1,https://zibramax.github.io/FEMViewer/?mesh=https://raw.githubusercontent.com/ZibraMax/non-local-frequencies-nanostructures/refs/heads/main/Esferas_cubic_material\Sphere_7.0_1.0_0.2_20250612-200730.json&mode=6&magnif=6
5.323,1.0,128900000.0,48300000.0,67099999.99999999,4750.479783,Sphere_7.0_1.0_20250612-201116,Germanium cubic,3.5,0.2,0.2857142857142857,3550.446942624478,1.305952,1.4648782,1.5419931,1.6895515,1.7819172,1.788907,3,2,2,1,3,1,https://zibramax.github.io/FEMViewer/?mesh=https://raw.githubusercontent.com/ZibraMax/non-local-frequencies-nanostructures/refs/heads/main/Esferas_cubic_material\Sphere_7.0_1.0_0.2_20250612-201116.json&mode=6&magnif=6
2.329,1.0,166000000.0,63900000.0,79600000.0,4792.121251,Sphere_7.0_1.0_20250612-201418,Silicon cubic,3.5,0.2,0.2857142857142857,5846.174706140654,1.34051,1.5127928,1.5448785,1.7430196,1.8012774,1.8470563,3,2,2,1,3,1,https://zibramax.github.io/FEMViewer/?mesh=https://raw.githubusercontent.com/ZibraMax/non-local-frequencies-nanostructures/refs/heads/main/Esferas_cubic_material\Sphere_7.0_1.0_0.2_20250612-201418.json&mode=6&magnif=6
3.515,1.0,1079000000.0,124000000.0,578000000.0,4733.852455,Sphere_7.0_1.0_20250612-200730,Carbon cubic,3.5,0.3,0.2857142857142857,12823.342868880141,1.6195428,1.7061112,1.7966409,1.94981,1.9836585,2.2367443,3,2,2,3,3,1,https://zibramax.github.io/FEMViewer/?mesh=https://raw.githubusercontent.com/ZibraMax/non-local-frequencies-nanostructures/refs/heads/main/Esferas_cubic_material\Sphere_7.0_1.0_0.3_20250612-200730.json&mode=6&magnif=6
5.323,1.0,128900000.0,48300000.0,67099999.99999999,4750.479783,Sphere_7.0_1.0_20250612-201116,Germanium cubic,3.5,0.3,0.2857142857142857,3550.446942624478,1.4359521,1.5821235,1.6942595,1.9305184,1.9562054,1.9831998,3,2,2,1,3,1,https://zibramax.github.io/FEMViewer/?mesh=https://raw.githubusercontent.com/ZibraMax/non-local-frequencies-nanostructures/refs/heads/main/Esferas_cubic_material\Sphere_7.0_1.0_0.3_20250612-201116.json&mode=6&magnif=6
2.329,1.0,166000000.0,63900000.0,79600000.0,4792.121251,Sphere_7.0_1.0_20250612-201418,Silicon cubic,3.5,0.3,0.2857142857142857,5846.174706140654,1.4738584,1.6337736,1.697171,1.9700775,1.9914854,2.0471129,3,2,2,3,1,1,https://zibramax.github.io/FEMViewer/?mesh=https://raw.githubusercontent.com/ZibraMax/non-local-frequencies-nanostructures/refs/heads/main/Esferas_cubic_material\Sphere_7.0_1.0_0.3_20250612-201418.json&mode=6&magnif=6
3.515,1.0,1079000000.0,124000000.0,578000000.0,4733.852455,Sphere_7.0_1.0_20250612-200730,Carbon cubic,3.5,0.4,0.2857142857142857,12823.342868880141,1.7527234,1.8451059,1.9171044,2.0868792,2.1477318,2.4833729,3,2,2,3,3,1,https://zibramax.github.io/FEMViewer/?mesh=https://raw.githubusercontent.com/ZibraMax/non-local-frequencies-nanostructures/refs/heads/main/Esferas_cubic_material\Sphere_7.0_1.0_0.4_20250612-200730.json&mode=6&magnif=6
5.323,1.0,128900000.0,48300000.0,67099999.99999999,4750.479783,Sphere_7.0_1.0_20250612-201116,Germanium cubic,3.5,0.4,0.2857142857142857,3550.446942624478,1.5544519,1.6794002,1.8327639,2.0926353,2.1441444,2.1542918,3,2,2,3,1,1,https://zibramax.github.io/FEMViewer/?mesh=https://raw.githubusercontent.com/ZibraMax/non-local-frequencies-nanostructures/refs/heads/main/Esferas_cubic_material\Sphere_7.0_1.0_0.4_20250612-201116.json&mode=6&magnif=6
2.329,1.0,166000000.0,63900000.0,79600000.0,4792.121251,Sphere_7.0_1.0_20250612-201418,Silicon cubic,3.5,0.4,0.2857142857142857,5846.174706140654,1.595419,1.7341878,1.8357807,2.1038837,2.211759,2.2233937,3,2,2,3,1,1,https://zibramax.github.io/FEMViewer/?mesh=https://raw.githubusercontent.com/ZibraMax/non-local-frequencies-nanostructures/refs/heads/main/Esferas_cubic_material\Sphere_7.0_1.0_0.4_20250612-201418.json&mode=6&magnif=6
3.515,1.0,1079000000.0,124000000.0,578000000.0,4733.852455,Sphere_7.0_1.0_20250612-200730,Carbon cubic,3.5,0.5,0.2857142857142857,12823.342868880141,1.8761589,1.9739372,2.0218402,2.2050165,2.2994261,2.6667763,3,2,2,3,3,1,https://zibramax.github.io/FEMViewer/?mesh=https://raw.githubusercontent.com/ZibraMax/non-local-frequencies-nanostructures/refs/heads/main/Esferas_cubic_material\Sphere_7.0_1.0_0.5_20250612-200730.json&mode=6&magnif=6
5.323,1.0,128900000.0,48300000.0,67099999.99999999,4750.479783,Sphere_7.0_1.0_20250612-201116,Germanium cubic,3.5,0.5,0.2857142857142857,3550.446942624478,1.6642547,1.7654983,1.9610215,2.2095485,2.3106364,2.3381647,3,2,2,3,3,1,https://zibramax.github.io/FEMViewer/?mesh=https://raw.githubusercontent.com/ZibraMax/non-local-frequencies-nanostructures/refs/heads/main/Esferas_cubic_material\Sphere_7.0_1.0_0.5_20250612-201116.json&mode=6&magnif=6
2.329,1.0,166000000.0,63900000.0,79600000.0,4792.121251,Sphere_7.0_1.0_20250612-201418,Silicon cubic,3.5,0.5,0.2857142857142857,5846.174706140654,1.7080629,1.8230775,1.9641692,2.2194033,2.3845402,2.4118197,3,2,2,3,3,1,https://zibramax.github.io/FEMViewer/?mesh=https://raw.githubusercontent.com/ZibraMax/non-local-frequencies-nanostructures/refs/heads/main/Esferas_cubic_material\Sphere_7.0_1.0_0.5_20250612-201418.json&mode=6&magnif=6
3.515,1.0,1079000000.0,124000000.0,578000000.0,4733.852455,Sphere_7.0_1.0_20250612-200730,Carbon cubic,3.5,0.6,0.2857142857142857,12823.342868880141,1.9917999,2.0946557,2.1166051,2.3112097,2.4413661,2.7726298,3,2,2,3,3,1,https://zibramax.github.io/FEMViewer/?mesh=https://raw.githubusercontent.com/ZibraMax/non-local-frequencies-nanostructures/refs/heads/main/Esferas_cubic_material\Sphere_7.0_1.0_0.6_20250612-200730.json&mode=6&magnif=6
5.323,1.0,128900000.0,48300000.0,67099999.99999999,4750.479783,Sphere_7.0_1.0_20250612-201116,Germanium cubic,3.5,0.6,0.2857142857142857,3550.446942624478,1.7671059,1.8443766,2.0811422,2.3146311,2.4560612,2.5171932,3,2,2,3,3,1,https://zibramax.github.io/FEMViewer/?mesh=https://raw.githubusercontent.com/ZibraMax/non-local-frequencies-nanostructures/refs/heads/main/Esferas_cubic_material\Sphere_7.0_1.0_0.6_20250612-201116.json&mode=6&magnif=6
2.329,1.0,166000000.0,63900000.0,79600000.0,4792.121251,Sphere_7.0_1.0_20250612-201418,Silicon cubic,3.5,0.6,0.2857142857142857,5846.174706140654,1.8135785,1.9045192,2.0844292,2.3236713,2.5344635,2.5964246,3,2,2,3,3,1,https://zibramax.github.io/FEMViewer/?mesh=https://raw.githubusercontent.com/ZibraMax/non-local-frequencies-nanostructures/refs/heads/main/Esferas_cubic_material\Sphere_7.0_1.0_0.6_20250612-201418.json&mode=6&magnif=6
3.515,1.0,1079000000.0,124000000.0,578000000.0,4733.852455,Sphere_7.0_1.0_20250612-200730,Carbon cubic,3.5,0.7,0.2857142857142857,12823.342868880141,2.1009947,2.2044158,2.2086695,2.4091543,2.5753003,2.8737988,3,2,2,3,3,1,https://zibramax.github.io/FEMViewer/?mesh=https://raw.githubusercontent.com/ZibraMax/non-local-frequencies-nanostructures/refs/heads/main/Esferas_cubic_material\Sphere_7.0_1.0_0.7_20250612-200730.json&mode=6&magnif=6
5.323,1.0,128900000.0,48300000.0,67099999.99999999,4750.479783,Sphere_7.0_1.0_20250612-201116,Germanium cubic,3.5,0.7,0.2857142857142857,3550.446942624478,1.8642107,1.9180963,2.1945571,2.4116589,2.5928092,2.6842631,3,2,2,3,3,1,https://zibramax.github.io/FEMViewer/?mesh=https://raw.githubusercontent.com/ZibraMax/non-local-frequencies-nanostructures/refs/heads/main/Esferas_cubic_material\Sphere_7.0_1.0_0.7_20250612-201116.json&mode=6&magnif=6
2.329,1.0,166000000.0,63900000.0,79600000.0,4792.121251,Sphere_7.0_1.0_20250612-201418,Silicon cubic,3.5,0.7,0.2857142857142857,5846.174706140654,1.913201,1.9806372,2.1979851,2.4201939,2.6754603,2.7687009,3,2,2,3,3,1,https://zibramax.github.io/FEMViewer/?mesh=https://raw.githubusercontent.com/ZibraMax/non-local-frequencies-nanostructures/refs/heads/main/Esferas_cubic_material\Sphere_7.0_1.0_0.7_20250612-201418.json&mode=6&magnif=6
3.515,1.0,1079000000.0,124000000.0,578000000.0,4733.852455,Sphere_7.0_1.0_20250612-200730,Carbon cubic,3.5,0.8,0.2857142857142857,12823.342868880141,2.204732,2.2870152,2.3170077,2.5009831,2.7024862,2.971015,3,2,2,3,3,1,https://zibramax.github.io/FEMViewer/?mesh=https://raw.githubusercontent.com/ZibraMax/non-local-frequencies-nanostructures/refs/heads/main/Esferas_cubic_material\Sphere_7.0_1.0_0.8_20250612-200730.json&mode=6&magnif=6
5.323,1.0,128900000.0,48300000.0,67099999.99999999,4750.479783,Sphere_7.0_1.0_20250612-201116,Germanium cubic,3.5,0.8,0.2857142857142857,3550.446942624478,1.9564521,1.9878599,2.302305,2.502737,2.7223801,2.8414999,3,2,2,3,3,1,https://zibramax.github.io/FEMViewer/?mesh=https://raw.githubusercontent.com/ZibraMax/non-local-frequencies-nanostructures/refs/heads/main/Esferas_cubic_material\Sphere_7.0_1.0_0.8_20250612-201116.json&mode=6&magnif=6
2.329,1.0,166000000.0,63900000.0,79600000.0,4792.121251,Sphere_7.0_1.0_20250612-201418,Silicon cubic,3.5,0.8,0.2857142857142857,5846.174706140654,2.0078359,2.0526712,2.3058727,2.510949,2.8090687,2.9308397,3,2,2,3,3,1,https://zibramax.github.io/FEMViewer/?mesh=https://raw.githubusercontent.com/ZibraMax/non-local-frequencies-nanostructures/refs/heads/main/Esferas_cubic_material\Sphere_7.0_1.0_0.8_20250612-201418.json&mode=6&magnif=6
3.515,1.0,1079000000.0,124000000.0,578000000.0,4733.852455,Sphere_7.0_1.0_20250612-200730,Carbon cubic,3.5,0.9,0.2857142857142857,12823.342868880141,2.3037661,2.3654964,2.4204543,2.5880256,2.8238722,3.0648024,3,2,2,3,3,1,https://zibramax.github.io/FEMViewer/?mesh=https://raw.githubusercontent.com/ZibraMax/non-local-frequencies-nanostructures/refs/heads/main/Esferas_cubic_material\Sphere_7.0_1.0_0.9_20250612-200730.json&mode=6&magnif=6
5.323,1.0,128900000.0,48300000.0,67099999.99999999,4750.479783,Sphere_7.0_1.0_20250612-201116,Germanium cubic,3.5,0.9,0.2857142857142857,3550.446942624478,2.0445037,2.0544335,2.4051739,2.5891572,2.8458557,2.9904635,3,2,2,3,3,1,https://zibramax.github.io/FEMViewer/?mesh=https://raw.githubusercontent.com/ZibraMax/non-local-frequencies-nanostructures/refs/heads/main/Esferas_cubic_material\Sphere_7.0_1.0_0.9_20250612-201116.json&mode=6&magnif=6
2.329,1.0,166000000.0,63900000.0,79600000.0,4792.121251,Sphere_7.0_1.0_20250612-201418,Silicon cubic,3.5,0.9,0.2857142857142857,5846.174706140654,2.0981734,2.1214118,2.408879,2.5971608,2.9363999,3.0844489,3,2,2,3,3,1,https://zibramax.github.io/FEMViewer/?mesh=https://raw.githubusercontent.com/ZibraMax/non-local-frequencies-nanostructures/refs/heads/main/Esferas_cubic_material\Sphere_7.0_1.0_0.9_20250612-201418.json&mode=6&magnif=6
3.515,1.0,1079000000.0,124000000.0,578000000.0,4733.852455,Sphere_7.0_1.0_20250612-200730,Carbon cubic,3.5,1.0,0.2857142857142857,12823.342868880141,2.3986898,2.4405927,2.5196249,2.6711669,2.9401984,3.1555582,3,2,2,3,3,1,https://zibramax.github.io/FEMViewer/?mesh=https://raw.githubusercontent.com/ZibraMax/non-local-frequencies-nanostructures/refs/heads/main/Esferas_cubic_material\Sphere_7.0_1.0_1.0_20250612-200730.json&mode=6&magnif=6
5.323,1.0,128900000.0,48300000.0,67099999.99999999,4750.479783,Sphere_7.0_1.0_20250612-201116,Germanium cubic,3.5,1.0,0.2857142857142857,3550.446942624478,2.1183404,2.1288943,2.503781,2.6717733,2.9640562,3.1323392,2,3,2,3,3,1,https://zibramax.github.io/FEMViewer/?mesh=https://raw.githubusercontent.com/ZibraMax/non-local-frequencies-nanostructures/refs/heads/main/Esferas_cubic_material\Sphere_7.0_1.0_1.0_20250612-201116.json&mode=6&magnif=6
2.329,1.0,166000000.0,63900000.0,79600000.0,4792.121251,Sphere_7.0_1.0_20250612-201418,Silicon cubic,3.5,1.0,0.2857142857142857,5846.174706140654,2.1847559,2.1873989,2.5076203,2.6796447,3.058297,3.2307505,3,2,2,3,3,1,https://zibramax.github.io/FEMViewer/?mesh=https://raw.githubusercontent.com/ZibraMax/non-local-frequencies-nanostructures/refs/heads/main/Esferas_cubic_material\Sphere_7.0_1.0_1.0_20250612-201418.json&mode=6&magnif=6
2.329,1.4,166000000.0,63900000.0,79600000.0,15737.363313,Sphere_7.0_1.4_20250612-133014,Silicon cubic,3.5,0.0,0.39999999999999997,5846.174706140654,0.2211175,0.2215593,0.2222667,0.2234237,0.22406,0.2249235,3,2,3,3,2,1,https://zibramax.github.io/FEMViewer/?mesh=https://raw.githubusercontent.com/ZibraMax/non-local-frequencies-nanostructures/refs/heads/main/Esferas_cubic_material\Sphere_7.0_1.4_0.0_20250612-133014.json&mode=6&magnif=6
5.323,1.4,128900000.0,48300000.0,67099999.99999999,15736.576845,Sphere_7.0_1.4_20250612-133020,Germanium cubic,3.5,0.0,0.39999999999999997,3550.446942624478,0.2178918,0.2183107,0.2189248,0.2191625,0.2197704,0.2205732,3,2,3,3,2,1,https://zibramax.github.io/FEMViewer/?mesh=https://raw.githubusercontent.com/ZibraMax/non-local-frequencies-nanostructures/refs/heads/main/Esferas_cubic_material\Sphere_7.0_1.4_0.0_20250612-133020.json&mode=6&magnif=6
3.515,1.4,1079000000.0,124000000.0,578000000.0,15774.36658,Sphere_7.0_1.4_20250612-133030,Carbon cubic,3.5,0.0,0.39999999999999997,12823.342868880141,0.2176036,0.2179724,0.2185032,0.2203791,0.2215234,0.2219129,3,2,3,3,2,1,https://zibramax.github.io/FEMViewer/?mesh=https://raw.githubusercontent.com/ZibraMax/non-local-frequencies-nanostructures/refs/heads/main/Esferas_cubic_material\Sphere_7.0_1.4_0.0_20250612-133030.json&mode=6&magnif=6
2.329,1.4,166000000.0,63900000.0,79600000.0,15737.363313,Sphere_7.0_1.4_20250612-133014,Silicon cubic,3.5,0.1,0.39999999999999997,5846.174706140654,0.9876318,1.1303719,1.1362409,1.228115,1.3069879,1.3373606,3,2,2,1,3,1,https://zibramax.github.io/FEMViewer/?mesh=https://raw.githubusercontent.com/ZibraMax/non-local-frequencies-nanostructures/refs/heads/main/Esferas_cubic_material\Sphere_7.0_1.4_0.1_20250612-133014.json&mode=6&magnif=6
5.323,1.4,128900000.0,48300000.0,67099999.99999999,15736.576845,Sphere_7.0_1.4_20250612-133020,Germanium cubic,3.5,0.1,0.39999999999999997,3550.446942624478,0.9621806,1.0945833,1.133667,1.1905157,1.2859548,1.2951746,3,2,2,1,3,1,https://zibramax.github.io/FEMViewer/?mesh=https://raw.githubusercontent.com/ZibraMax/non-local-frequencies-nanostructures/refs/heads/main/Esferas_cubic_material\Sphere_7.0_1.4_0.1_20250612-133020.json&mode=6&magnif=6
3.515,1.4,1079000000.0,124000000.0,578000000.0,15774.36658,Sphere_7.0_1.4_20250612-133030,Carbon cubic,3.5,0.1,0.39999999999999997,12823.342868880141,1.0854605,1.1439089,1.2105519,1.2979213,1.3223819,1.3794458,3,2,2,3,3,1,https://zibramax.github.io/FEMViewer/?mesh=https://raw.githubusercontent.com/ZibraMax/non-local-frequencies-nanostructures/refs/heads/main/Esferas_cubic_material\Sphere_7.0_1.4_0.1_20250612-133030.json&mode=6&magnif=6
2.329,1.4,166000000.0,63900000.0,79600000.0,15737.363313,Sphere_7.0_1.4_20250612-133014,Silicon cubic,3.5,0.2,0.39999999999999997,5846.174706140654,1.1845473,1.3417795,1.3626264,1.5822761,1.6035515,1.6385073,3,2,2,1,3,1,https://zibramax.github.io/FEMViewer/?mesh=https://raw.githubusercontent.com/ZibraMax/non-local-frequencies-nanostructures/refs/heads/main/Esferas_cubic_material\Sphere_7.0_1.4_0.2_20250612-133014.json&mode=6&magnif=6
5.323,1.4,128900000.0,48300000.0,67099999.99999999,15736.576845,Sphere_7.0_1.4_20250612-133020,Germanium cubic,3.5,0.2,0.39999999999999997,3550.446942624478,1.1541167,1.2994499,1.3601297,1.5339247,1.5874276,1.5888121,3,2,2,1,3,1,https://zibramax.github.io/FEMViewer/?mesh=https://raw.githubusercontent.com/ZibraMax/non-local-frequencies-nanostructures/refs/heads/main/Esferas_cubic_material\Sphere_7.0_1.4_0.2_20250612-133020.json&mode=6&magnif=6
3.515,1.4,1079000000.0,124000000.0,578000000.0,15774.36658,Sphere_7.0_1.4_20250612-133030,Carbon cubic,3.5,0.2,0.39999999999999997,12823.342868880141,1.3013887,1.3702772,1.4648603,1.5854111,1.5918074,1.7764438,3,2,2,3,3,1,https://zibramax.github.io/FEMViewer/?mesh=https://raw.githubusercontent.com/ZibraMax/non-local-frequencies-nanostructures/refs/heads/main/Esferas_cubic_material\Sphere_7.0_1.4_0.2_20250612-133030.json&mode=6&magnif=6
2.329,1.4,166000000.0,63900000.0,79600000.0,15737.363313,Sphere_7.0_1.4_20250612-133014,Silicon cubic,3.5,0.3,0.39999999999999997,5846.174706140654,1.3513939,1.4931547,1.5537324,1.8046319,1.8698492,1.8797918,3,2,2,3,1,1,https://zibramax.github.io/FEMViewer/?mesh=https://raw.githubusercontent.com/ZibraMax/non-local-frequencies-nanostructures/refs/heads/main/Esferas_cubic_material\Sphere_7.0_1.4_0.3_20250612-133014.json&mode=6&magnif=6
5.323,1.4,128900000.0,48300000.0,67099999.99999999,15736.576845,Sphere_7.0_1.4_20250612-133020,Germanium cubic,3.5,0.3,0.39999999999999997,3550.446942624478,1.3167307,1.4460678,1.5510917,1.7935129,1.8127721,1.8214785,3,2,2,3,1,1,https://zibramax.github.io/FEMViewer/?mesh=https://raw.githubusercontent.com/ZibraMax/non-local-frequencies-nanostructures/refs/heads/main/Esferas_cubic_material\Sphere_7.0_1.4_0.3_20250612-133020.json&mode=6&magnif=6
3.515,1.4,1079000000.0,124000000.0,578000000.0,15774.36658,Sphere_7.0_1.4_20250612-133030,Carbon cubic,3.5,0.3,0.39999999999999997,12823.342868880141,1.4843843,1.5618957,1.6449396,1.7886146,1.8175397,2.0988067,3,2,2,3,3,1,https://zibramax.github.io/FEMViewer/?mesh=https://raw.githubusercontent.com/ZibraMax/non-local-frequencies-nanostructures/refs/heads/main/Esferas_cubic_material\Sphere_7.0_1.4_0.3_20250612-133030.json&mode=6&magnif=6
2.329,1.4,166000000.0,63900000.0,79600000.0,15737.363313,Sphere_7.0_1.4_20250612-133014,Silicon cubic,3.5,0.4,0.39999999999999997,5846.174706140654,1.4993602,1.6192382,1.7230927,1.9672585,2.0907977,2.118582,3,2,2,3,3,1,https://zibramax.github.io/FEMViewer/?mesh=https://raw.githubusercontent.com/ZibraMax/non-local-frequencies-nanostructures/refs/heads/main/Esferas_cubic_material\Sphere_7.0_1.4_0.4_20250612-133014.json&mode=6&magnif=6
5.323,1.4,128900000.0,48300000.0,67099999.99999999,15736.576845,Sphere_7.0_1.4_20250612-133020,Germanium cubic,3.5,0.4,0.39999999999999997,3550.446942624478,1.4609386,1.5681667,1.7202727,1.9577351,2.0260958,2.0539551,3,2,2,3,3,1,https://zibramax.github.io/FEMViewer/?mesh=https://raw.githubusercontent.com/ZibraMax/non-local-frequencies-nanostructures/refs/heads/main/Esferas_cubic_material\Sphere_7.0_1.4_0.4_20250612-133020.json&mode=6&magnif=6
3.515,1.4,1079000000.0,124000000.0,578000000.0,15774.36658,Sphere_7.0_1.4_20250612-133030,Carbon cubic,3.5,0.4,0.39999999999999997,12823.342868880141,1.6466937,1.731847,1.7922929,1.9536264,2.0171789,2.377659,3,2,2,3,3,1,https://zibramax.github.io/FEMViewer/?mesh=https://raw.githubusercontent.com/ZibraMax/non-local-frequencies-nanostructures/refs/heads/main/Esferas_cubic_material\Sphere_7.0_1.4_0.4_20250612-133030.json&mode=6&magnif=6
2.329,1.4,166000000.0,63900000.0,79600000.0,15737.363313,Sphere_7.0_1.4_20250612-133014,Silicon cubic,3.5,0.5,0.39999999999999997,5846.174706140654,1.6338152,1.7311814,1.8769694,2.109467,2.2814298,2.3409749,3,2,2,3,3,1,https://zibramax.github.io/FEMViewer/?mesh=https://raw.githubusercontent.com/ZibraMax/non-local-frequencies-nanostructures/refs/heads/main/Esferas_cubic_material\Sphere_7.0_1.4_0.5_20250612-133014.json&mode=6&magnif=6
5.323,1.4,128900000.0,48300000.0,67099999.99999999,15736.576845,Sphere_7.0_1.4_20250612-133020,Germanium cubic,3.5,0.5,0.39999999999999997,3550.446942624478,1.5919756,1.6765664,1.873966,2.1007449,2.2109296,2.2695955,3,2,2,3,3,1,https://zibramax.github.io/FEMViewer/?mesh=https://raw.githubusercontent.com/ZibraMax/non-local-frequencies-nanostructures/refs/heads/main/Esferas_cubic_material\Sphere_7.0_1.4_0.5_20250612-133020.json&mode=6&magnif=6
3.515,1.4,1079000000.0,124000000.0,578000000.0,15774.36658,Sphere_7.0_1.4_20250612-133030,Carbon cubic,3.5,0.5,0.39999999999999997,12823.342868880141,1.7941957,1.8863161,1.92155,2.0975368,2.1983883,2.5311067,3,2,2,3,3,1,https://zibramax.github.io/FEMViewer/?mesh=https://raw.githubusercontent.com/ZibraMax/non-local-frequencies-nanostructures/refs/heads/main/Esferas_cubic_material\Sphere_7.0_1.4_0.5_20250612-133030.json&mode=6&magnif=6
2.329,1.4,166000000.0,63900000.0,79600000.0,15737.363313,Sphere_7.0_1.4_20250612-133014,Silicon cubic,3.5,0.6,0.39999999999999997,5846.174706140654,1.7579372,1.8337415,2.0190259,2.2386199,2.456882,2.5439723,3,2,2,3,3,1,https://zibramax.github.io/FEMViewer/?mesh=https://raw.githubusercontent.com/ZibraMax/non-local-frequencies-nanostructures/refs/heads/main/Esferas_cubic_material\Sphere_7.0_1.4_0.6_20250612-133014.json&mode=6&magnif=6
5.323,1.4,128900000.0,48300000.0,67099999.99999999,15736.576845,Sphere_7.0_1.4_20250612-133020,Germanium cubic,3.5,0.6,0.39999999999999997,3550.446942624478,1.7129405,1.7758788,2.0158429,2.2303307,2.3810317,2.4664278,3,2,2,3,3,1,https://zibramax.github.io/FEMViewer/?mesh=https://raw.githubusercontent.com/ZibraMax/non-local-frequencies-nanostructures/refs/heads/main/Esferas_cubic_material\Sphere_7.0_1.4_0.6_20250612-133020.json&mode=6&magnif=6
3.515,1.4,1079000000.0,124000000.0,578000000.0,15774.36658,Sphere_7.0_1.4_20250612-133030,Carbon cubic,3.5,0.6,0.39999999999999997,12823.342868880141,1.9303715,2.0289474,2.0390637,2.2278724,2.3655798,2.6688009,3,2,2,3,3,1,https://zibramax.github.io/FEMViewer/?mesh=https://raw.githubusercontent.com/ZibraMax/non-local-frequencies-nanostructures/refs/heads/main/Esferas_cubic_material\Sphere_7.0_1.4_0.6_20250612-133030.json&mode=6&magnif=6
2.329,1.4,166000000.0,63900000.0,79600000.0,15737.363313,Sphere_7.0_1.4_20250612-133014,Silicon cubic,3.5,0.7,0.39999999999999997,5846.174706140654,1.8738119,1.9293946,2.1516547,2.3584173,2.620382,2.7319124,3,2,2,3,3,1,https://zibramax.github.io/FEMViewer/?mesh=https://raw.githubusercontent.com/ZibraMax/non-local-frequencies-nanostructures/refs/heads/main/Esferas_cubic_material\Sphere_7.0_1.4_0.7_20250612-133014.json&mode=6&magnif=6
5.323,1.4,128900000.0,48300000.0,67099999.99999999,15736.576845,Sphere_7.0_1.4_20250612-133020,Germanium cubic,3.5,0.7,0.39999999999999997,3550.446942624478,1.8258668,1.868503,2.1482982,2.3503654,2.5395384,2.6486588,3,2,2,3,3,1,https://zibramax.github.io/FEMViewer/?mesh=https://raw.githubusercontent.com/ZibraMax/non-local-frequencies-nanostructures/refs/heads/main/Esferas_cubic_material\Sphere_7.0_1.4_0.7_20250612-133020.json&mode=6&magnif=6
3.515,1.4,1079000000.0,124000000.0,578000000.0,15774.36658,Sphere_7.0_1.4_20250612-133030,Carbon cubic,3.5,0.7,0.39999999999999997,12823.342868880141,2.057506,2.1481109,2.1621288,2.3485108,2.521614,2.7990068,3,2,2,3,3,1,https://zibramax.github.io/FEMViewer/?mesh=https://raw.githubusercontent.com/ZibraMax/non-local-frequencies-nanostructures/refs/heads/main/Esferas_cubic_material\Sphere_7.0_1.4_0.7_20250612-133030.json&mode=6&magnif=6
2.329,1.4,166000000.0,63900000.0,79600000.0,15737.363313,Sphere_7.0_1.4_20250612-133014,Silicon cubic,3.5,0.8,0.39999999999999997,5846.174706140654,1.9829009,2.01962,2.2765281,2.4710056,2.7741268,2.9077215,3,2,2,3,3,1,https://zibramax.github.io/FEMViewer/?mesh=https://raw.githubusercontent.com/ZibraMax/non-local-frequencies-nanostructures/refs/heads/main/Esferas_cubic_material\Sphere_7.0_1.4_0.8_20250612-133014.json&mode=6&magnif=6
5.323,1.4,128900000.0,48300000.0,67099999.99999999,15736.576845,Sphere_7.0_1.4_20250612-133020,Germanium cubic,3.5,0.8,0.39999999999999997,3550.446942624478,1.9321791,1.9558719,2.2730045,2.4630769,2.6885828,2.8191264,3,2,2,3,3,1,https://zibramax.github.io/FEMViewer/?mesh=https://raw.githubusercontent.com/ZibraMax/non-local-frequencies-nanostructures/refs/heads/main/Esferas_cubic_material\Sphere_7.0_1.4_0.8_20250612-133020.json&mode=6&magnif=6
3.515,1.4,1079000000.0,124000000.0,578000000.0,15774.36658,Sphere_7.0_1.4_20250612-133030,Carbon cubic,3.5,0.8,0.39999999999999997,12823.342868880141,2.1772004,2.2506156,2.2875328,2.4617141,2.6684826,2.9229712,3,2,2,3,3,1,https://zibramax.github.io/FEMViewer/?mesh=https://raw.githubusercontent.com/ZibraMax/non-local-frequencies-nanostructures/refs/heads/main/Esferas_cubic_material\Sphere_7.0_1.4_0.8_20250612-133030.json&mode=6&magnif=6
2.329,1.4,166000000.0,63900000.0,79600000.0,15737.363313,Sphere_7.0_1.4_20250612-133014,Silicon cubic,3.5,0.9,0.39999999999999997,5846.174706140654,2.086277,2.105392,2.3948727,2.5777634,2.9197012,3.0734848,3,2,2,3,3,1,https://zibramax.github.io/FEMViewer/?mesh=https://raw.githubusercontent.com/ZibraMax/non-local-frequencies-nanostructures/refs/heads/main/Esferas_cubic_material\Sphere_7.0_1.4_0.9_20250612-133014.json&mode=6&magnif=6
5.323,1.4,128900000.0,48300000.0,67099999.99999999,15736.576845,Sphere_7.0_1.4_20250612-133020,Germanium cubic,3.5,0.9,0.39999999999999997,3550.446942624478,2.0329232,2.0389289,2.3911883,2.5698867,2.8297033,2.9798527,3,2,2,3,3,1,https://zibramax.github.io/FEMViewer/?mesh=https://raw.githubusercontent.com/ZibraMax/non-local-frequencies-nanostructures/refs/heads/main/Esferas_cubic_material\Sphere_7.0_1.4_0.9_20250612-133020.json&mode=6&magnif=6
3.515,1.4,1079000000.0,124000000.0,578000000.0,15774.36658,Sphere_7.0_1.4_20250612-133030,Carbon cubic,3.5,0.9,0.39999999999999997,12823.342868880141,2.2906302,2.3478217,2.4063869,2.568933,2.8076423,3.0415937,3,2,2,3,3,1,https://zibramax.github.io/FEMViewer/?mesh=https://raw.githubusercontent.com/ZibraMax/non-local-frequencies-nanostructures/refs/heads/main/Esferas_cubic_material\Sphere_7.0_1.4_0.9_20250612-133030.json&mode=6&magnif=6
2.329,1.4,166000000.0,63900000.0,79600000.0,15737.363313,Sphere_7.0_1.4_20250612-133014,Silicon cubic,3.5,1.0,0.39999999999999997,5846.174706140654,2.1847559,2.1873989,2.5076203,2.6796447,3.058297,3.2307505,3,2,2,3,3,1,https://zibramax.github.io/FEMViewer/?mesh=https://raw.githubusercontent.com/ZibraMax/non-local-frequencies-nanostructures/refs/heads/main/Esferas_cubic_material\Sphere_7.0_1.4_1.0_20250612-133014.json&mode=6&magnif=6
5.323,1.4,128900000.0,48300000.0,67099999.99999999,15736.576845,Sphere_7.0_1.4_20250612-133020,Germanium cubic,3.5,1.0,0.39999999999999997,3550.446942624478,2.1183404,2.1288943,2.503781,2.6717733,2.9640562,3.1323392,2,3,2,3,3,1,https://zibramax.github.io/FEMViewer/?mesh=https://raw.githubusercontent.com/ZibraMax/non-local-frequencies-nanostructures/refs/heads/main/Esferas_cubic_material\Sphere_7.0_1.4_1.0_20250612-133020.json&mode=6&magnif=6
3.515,1.4,1079000000.0,124000000.0,578000000.0,15774.36658,Sphere_7.0_1.4_20250612-133030,Carbon cubic,3.5,1.0,0.39999999999999997,12823.342868880141,2.3986898,2.4405927,2.5196249,2.6711669,2.9401984,3.1555582,3,2,2,3,3,1,https://zibramax.github.io/FEMViewer/?mesh=https://raw.githubusercontent.com/ZibraMax/non-local-frequencies-nanostructures/refs/heads/main/Esferas_cubic_material\Sphere_7.0_1.4_1.0_20250612-133030.json&mode=6&magnif=6
3.515,2.0,1079000000.0,124000000.0,578000000.0,61342.945394,Sphere_7.0_2.0_20250612-213452,Carbon cubic,3.5,0.0,0.5714285714285714,12823.342868880141,0.1071045,0.1072836,0.1075629,0.1085022,0.1090981,0.1092871,3,2,3,3,2,1,https://zibramax.github.io/FEMViewer/?mesh=https://raw.githubusercontent.com/ZibraMax/non-local-frequencies-nanostructures/refs/heads/main/Esferas_cubic_material\Sphere_7.0_2.0_0.0_20250612-213452.json&mode=6&magnif=6
5.323,2.0,128900000.0,48300000.0,67099999.99999999,61355.7058,Sphere_7.0_2.0_20250612-214657,Germanium cubic,3.5,0.0,0.5714285714285714,3550.446942624478,0.1072459,0.1074609,0.1077671,0.1078637,0.1081359,0.108561,3,2,3,3,2,1,https://zibramax.github.io/FEMViewer/?mesh=https://raw.githubusercontent.com/ZibraMax/non-local-frequencies-nanostructures/refs/heads/main/Esferas_cubic_material\Sphere_7.0_2.0_0.0_20250612-214657.json&mode=6&magnif=6
2.329,2.0,166000000.0,63900000.0,79600000.0,61373.696985,Sphere_7.0_2.0_20250612-215104,Silicon cubic,3.5,0.0,0.5714285714285714,5846.174706140654,0.1088315,0.1090538,0.1094103,0.1099732,0.1102529,0.1107102,3,2,3,3,2,1,https://zibramax.github.io/FEMViewer/?mesh=https://raw.githubusercontent.com/ZibraMax/non-local-frequencies-nanostructures/refs/heads/main/Esferas_cubic_material\Sphere_7.0_2.0_0.0_20250612-215104.json&mode=6&magnif=6
3.515,2.0,1079000000.0,124000000.0,578000000.0,61342.945394,Sphere_7.0_2.0_20250612-213452,Carbon cubic,3.5,0.1,0.5714285714285714,12823.342868880141,0.9166404,0.9647987,1.0461986,1.1196701,1.1281302,1.2341487,3,2,2,3,3,1,https://zibramax.github.io/FEMViewer/?mesh=https://raw.githubusercontent.com/ZibraMax/non-local-frequencies-nanostructures/refs/heads/main/Esferas_cubic_material\Sphere_7.0_2.0_0.1_20250612-213452.json&mode=6&magnif=6
5.323,2.0,128900000.0,48300000.0,67099999.99999999,61355.7058,Sphere_7.0_2.0_20250612-214657,Germanium cubic,3.5,0.1,0.5714285714285714,3550.446942624478,0.8130368,0.9375269,0.9572023,1.0659493,1.113435,1.1267823,3,2,2,1,3,1,https://zibramax.github.io/FEMViewer/?mesh=https://raw.githubusercontent.com/ZibraMax/non-local-frequencies-nanostructures/refs/heads/main/Esferas_cubic_material\Sphere_7.0_2.0_0.1_20250612-214657.json&mode=6&magnif=6
2.329,2.0,166000000.0,63900000.0,79600000.0,61373.696985,Sphere_7.0_2.0_20250612-215104,Silicon cubic,3.5,0.1,0.5714285714285714,5846.174706140654,0.8344567,0.9590743,0.9680039,1.0995113,1.1407607,1.149233,3,2,2,1,3,1,https://zibramax.github.io/FEMViewer/?mesh=https://raw.githubusercontent.com/ZibraMax/non-local-frequencies-nanostructures/refs/heads/main/Esferas_cubic_material\Sphere_7.0_2.0_0.1_20250612-215104.json&mode=6&magnif=6
3.515,2.0,1079000000.0,124000000.0,578000000.0,61342.945394,Sphere_7.0_2.0_20250612-213452,Carbon cubic,3.5,0.2,0.5714285714285714,12823.342868880141,1.1783181,1.23926,1.3203413,1.4349829,1.4423486,1.6776629,3,2,2,3,3,1,https://zibramax.github.io/FEMViewer/?mesh=https://raw.githubusercontent.com/ZibraMax/non-local-frequencies-nanostructures/refs/heads/main/Esferas_cubic_material\Sphere_7.0_2.0_0.2_20250612-213452.json&mode=6&magnif=6
5.323,2.0,128900000.0,48300000.0,67099999.99999999,61355.7058,Sphere_7.0_2.0_20250612-214657,Germanium cubic,3.5,0.2,0.5714285714285714,3550.446942624478,1.0454219,1.1634577,1.2306281,1.4387007,1.4459816,1.4493782,3,2,2,3,3,1,https://zibramax.github.io/FEMViewer/?mesh=https://raw.githubusercontent.com/ZibraMax/non-local-frequencies-nanostructures/refs/heads/main/Esferas_cubic_material\Sphere_7.0_2.0_0.2_20250612-214657.json&mode=6&magnif=6
2.329,2.0,166000000.0,63900000.0,79600000.0,61373.696985,Sphere_7.0_2.0_20250612-215104,Silicon cubic,3.5,0.2,0.5714285714285714,5846.174706140654,1.0729138,1.2012712,1.2327346,1.4482777,1.4921713,1.4949661,3,2,2,3,3,1,https://zibramax.github.io/FEMViewer/?mesh=https://raw.githubusercontent.com/ZibraMax/non-local-frequencies-nanostructures/refs/heads/main/Esferas_cubic_material\Sphere_7.0_2.0_0.2_20250612-215104.json&mode=6&magnif=6
3.515,2.0,1079000000.0,124000000.0,578000000.0,61342.945394,Sphere_7.0_2.0_20250612-213452,Carbon cubic,3.5,0.3,0.5714285714285714,12823.342868880141,1.3909624,1.4622788,1.5206118,1.6576985,1.7036838,2.0261573,3,2,2,3,3,1,https://zibramax.github.io/FEMViewer/?mesh=https://raw.githubusercontent.com/ZibraMax/non-local-frequencies-nanostructures/refs/heads/main/Esferas_cubic_material\Sphere_7.0_2.0_0.3_20250612-213452.json&mode=6&magnif=6
5.323,2.0,128900000.0,48300000.0,67099999.99999999,61355.7058,Sphere_7.0_2.0_20250612-214657,Germanium cubic,3.5,0.3,0.5714285714285714,3550.446942624478,1.2342383,1.3312857,1.4525156,1.6609139,1.7121067,1.7506311,3,2,2,3,3,1,https://zibramax.github.io/FEMViewer/?mesh=https://raw.githubusercontent.com/ZibraMax/non-local-frequencies-nanostructures/refs/heads/main/Esferas_cubic_material\Sphere_7.0_2.0_0.3_20250612-214657.json&mode=6&magnif=6
2.329,2.0,166000000.0,63900000.0,79600000.0,61373.696985,Sphere_7.0_2.0_20250612-215104,Silicon cubic,3.5,0.3,0.5714285714285714,5846.174706140654,1.2666695,1.3745897,1.4548909,1.6690712,1.7666868,1.8056706,3,2,2,3,3,1,https://zibramax.github.io/FEMViewer/?mesh=https://raw.githubusercontent.com/ZibraMax/non-local-frequencies-nanostructures/refs/heads/main/Esferas_cubic_material\Sphere_7.0_2.0_0.3_20250612-215104.json&mode=6&magnif=6
3.515,2.0,1079000000.0,124000000.0,578000000.0,61342.945394,Sphere_7.0_2.0_20250612-213452,Carbon cubic,3.5,0.4,0.5714285714285714,12823.342868880141,1.5750033,1.6553295,1.6890076,1.8440273,1.9296515,2.2290979,3,2,2,3,3,1,https://zibramax.github.io/FEMViewer/?mesh=https://raw.githubusercontent.com/ZibraMax/non-local-frequencies-nanostructures/refs/heads/main/Esferas_cubic_material\Sphere_7.0_2.0_0.4_20250612-213452.json&mode=6&magnif=6
5.323,2.0,128900000.0,48300000.0,67099999.99999999,61355.7058,Sphere_7.0_2.0_20250612-214657,Germanium cubic,3.5,0.4,0.5714285714285714,3550.446942624478,1.3976438,1.4739827,1.6445108,1.8465589,1.9414346,2.0071399,3,2,2,3,3,1,https://zibramax.github.io/FEMViewer/?mesh=https://raw.githubusercontent.com/ZibraMax/non-local-frequencies-nanostructures/refs/heads/main/Esferas_cubic_material\Sphere_7.0_2.0_0.4_20250612-214657.json&mode=6&magnif=6
2.329,2.0,166000000.0,63900000.0,79600000.0,61373.696985,Sphere_7.0_2.0_20250612-215104,Silicon cubic,3.5,0.4,0.5714285714285714,5846.174706140654,1.4343518,1.5219595,1.647139,1.8542018,2.0032654,2.0702291,3,2,2,3,3,1,https://zibramax.github.io/FEMViewer/?mesh=https://raw.githubusercontent.com/ZibraMax/non-local-frequencies-nanostructures/refs/heads/main/Esferas_cubic_material\Sphere_7.0_2.0_0.4_20250612-215104.json&mode=6&magnif=6
3.515,2.0,1079000000.0,124000000.0,578000000.0,61342.945394,Sphere_7.0_2.0_20250612-213452,Carbon cubic,3.5,0.5,0.5714285714285714,12823.342868880141,1.7396257,1.8280351,1.8385887,2.0090667,2.1316912,2.4095703,3,2,2,3,3,1,https://zibramax.github.io/FEMViewer/?mesh=https://raw.githubusercontent.com/ZibraMax/non-local-frequencies-nanostructures/refs/heads/main/Esferas_cubic_material\Sphere_7.0_2.0_0.5_20250612-213452.json&mode=6&magnif=6
5.323,2.0,128900000.0,48300000.0,67099999.99999999,61355.7058,Sphere_7.0_2.0_20250612-214657,Germanium cubic,3.5,0.5,0.5714285714285714,3550.446942624478,1.5438006,1.601517,1.8162402,2.0110657,2.1461605,2.234383,3,2,2,3,3,1,https://zibramax.github.io/FEMViewer/?mesh=https://raw.githubusercontent.com/ZibraMax/non-local-frequencies-nanostructures/refs/heads/main/Esferas_cubic_material\Sphere_7.0_2.0_0.5_20250612-214657.json&mode=6&magnif=6
2.329,2.0,166000000.0,63900000.0,79600000.0,61373.696985,Sphere_7.0_2.0_20250612-215104,Silicon cubic,3.5,0.5,0.5714285714285714,5846.174706140654,1.5843354,1.6536694,1.8191032,2.0185311,2.2144725,2.3046045,3,2,2,3,3,1,https://zibramax.github.io/FEMViewer/?mesh=https://raw.githubusercontent.com/ZibraMax/non-local-frequencies-nanostructures/refs/heads/main/Esferas_cubic_material\Sphere_7.0_2.0_0.5_20250612-215104.json&mode=6&magnif=6
3.515,2.0,1079000000.0,124000000.0,578000000.0,61342.945394,Sphere_7.0_2.0_20250612-213452,Carbon cubic,3.5,0.6,0.5714285714285714,12823.342868880141,1.8899366,1.9751679,1.9857436,2.159506,2.3161231,2.5767078,3,2,2,3,3,1,https://zibramax.github.io/FEMViewer/?mesh=https://raw.githubusercontent.com/ZibraMax/non-local-frequencies-nanostructures/refs/heads/main/Esferas_cubic_material\Sphere_7.0_2.0_0.6_20250612-213452.json&mode=6&magnif=6
5.323,2.0,128900000.0,48300000.0,67099999.99999999,61355.7058,Sphere_7.0_2.0_20250612-214657,Germanium cubic,3.5,0.6,0.5714285714285714,3550.446942624478,1.6772466,1.7183901,1.9730406,2.1610979,2.332881,2.4405535,3,2,2,3,3,1,https://zibramax.github.io/FEMViewer/?mesh=https://raw.githubusercontent.com/ZibraMax/non-local-frequencies-nanostructures/refs/heads/main/Esferas_cubic_material\Sphere_7.0_2.0_0.6_20250612-214657.json&mode=6&magnif=6
2.329,2.0,166000000.0,63900000.0,79600000.0,61373.696985,Sphere_7.0_2.0_20250612-215104,Silicon cubic,3.5,0.6,0.5714285714285714,5846.174706140654,1.7212761,1.7743677,1.9761223,2.1685397,2.4071085,2.5172467,3,2,2,3,3,1,https://zibramax.github.io/FEMViewer/?mesh=https://raw.githubusercontent.com/ZibraMax/non-local-frequencies-nanostructures/refs/heads/main/Esferas_cubic_material\Sphere_7.0_2.0_0.6_20250612-215104.json&mode=6&magnif=6
3.515,2.0,1079000000.0,124000000.0,578000000.0,61342.945394,Sphere_7.0_2.0_20250612-213452,Carbon cubic,3.5,0.7,0.5714285714285714,12823.342868880141,2.0291295,2.1019441,2.1317991,2.298997,2.486888,2.7332449,3,2,2,3,3,1,https://zibramax.github.io/FEMViewer/?mesh=https://raw.githubusercontent.com/ZibraMax/non-local-frequencies-nanostructures/refs/heads/main/Esferas_cubic_material\Sphere_7.0_2.0_0.7_20250612-213452.json&mode=6&magnif=6
5.323,2.0,128900000.0,48300000.0,67099999.99999999,61355.7058,Sphere_7.0_2.0_20250612-214657,Germanium cubic,3.5,0.7,0.5714285714285714,3550.446942624478,1.8008187,1.827127,2.1182452,2.3002683,2.5056683,2.6306127,3,2,2,3,3,1,https://zibramax.github.io/FEMViewer/?mesh=https://raw.githubusercontent.com/ZibraMax/non-local-frequencies-nanostructures/refs/heads/main/Esferas_cubic_material\Sphere_7.0_2.0_0.7_20250612-214657.json&mode=6&magnif=6
2.329,2.0,166000000.0,63900000.0,79600000.0,61373.696985,Sphere_7.0_2.0_20250612-215104,Silicon cubic,3.5,0.7,0.5714285714285714,5846.174706140654,1.848085,1.8866622,2.121532,2.3077665,2.5853724,2.7132722,3,2,2,3,3,1,https://zibramax.github.io/FEMViewer/?mesh=https://raw.githubusercontent.com/ZibraMax/non-local-frequencies-nanostructures/refs/heads/main/Esferas_cubic_material\Sphere_7.0_2.0_0.7_20250612-215104.json&mode=6&magnif=6
3.515,2.0,1079000000.0,124000000.0,578000000.0,61342.945394,Sphere_7.0_2.0_20250612-213452,Carbon cubic,3.5,0.8,0.5714285714285714,12823.342868880141,2.1593603,2.220923,2.2684598,2.4298131,2.646642,2.8810491,3,2,2,3,3,1,https://zibramax.github.io/FEMViewer/?mesh=https://raw.githubusercontent.com/ZibraMax/non-local-frequencies-nanostructures/refs/heads/main/Esferas_cubic_material\Sphere_7.0_2.0_0.8_20250612-213452.json&mode=6&magnif=6
5.323,2.0,128900000.0,48300000.0,67099999.99999999,61355.7058,Sphere_7.0_2.0_20250612-214657,Germanium cubic,3.5,0.8,0.5714285714285714,3550.446942624478,1.9164321,1.9293378,2.2541032,2.4308238,2.667252,2.8078348,3,2,2,3,3,1,https://zibramax.github.io/FEMViewer/?mesh=https://raw.githubusercontent.com/ZibraMax/non-local-frequencies-nanostructures/refs/heads/main/Esferas_cubic_material\Sphere_7.0_2.0_0.8_20250612-214657.json&mode=6&magnif=6
2.329,2.0,166000000.0,63900000.0,79600000.0,61373.696985,Sphere_7.0_2.0_20250612-215104,Silicon cubic,3.5,0.8,0.5714285714285714,5846.174706140654,1.9667271,1.9922162,2.2575836,2.4384234,2.7520792,2.896058,3,2,2,3,3,1,https://zibramax.github.io/FEMViewer/?mesh=https://raw.githubusercontent.com/ZibraMax/non-local-frequencies-nanostructures/refs/heads/main/Esferas_cubic_material\Sphere_7.0_2.0_0.8_20250612-215104.json&mode=6&magnif=6
3.515,2.0,1079000000.0,124000000.0,578000000.0,61342.945394,Sphere_7.0_2.0_20250612-213452,Carbon cubic,3.5,0.9,0.5714285714285714,12823.342868880141,2.2821663,2.3334749,2.3973362,2.5534985,2.7972772,3.0214774,3,2,2,3,3,1,https://zibramax.github.io/FEMViewer/?mesh=https://raw.githubusercontent.com/ZibraMax/non-local-frequencies-nanostructures/refs/heads/main/Esferas_cubic_material\Sphere_7.0_2.0_0.9_20250612-213452.json&mode=6&magnif=6
5.323,2.0,128900000.0,48300000.0,67099999.99999999,61355.7058,Sphere_7.0_2.0_20250612-214657,Germanium cubic,3.5,0.9,0.5714285714285714,3550.446942624478,2.0254525,2.026137,2.3822181,2.5542914,2.8195697,2.9745159,3,2,2,3,3,1,https://zibramax.github.io/FEMViewer/?mesh=https://raw.githubusercontent.com/ZibraMax/non-local-frequencies-nanostructures/refs/heads/main/Esferas_cubic_material\Sphere_7.0_2.0_0.9_20250612-214657.json&mode=6&magnif=6
2.329,2.0,166000000.0,63900000.0,79600000.0,61373.696985,Sphere_7.0_2.0_20250612-215104,Silicon cubic,3.5,0.9,0.5714285714285714,5846.174706140654,2.0786038,2.0921809,2.3858823,2.5620188,2.9092274,3.0679721,3,2,2,3,3,1,https://zibramax.github.io/FEMViewer/?mesh=https://raw.githubusercontent.com/ZibraMax/non-local-frequencies-nanostructures/refs/heads/main/Esferas_cubic_material\Sphere_7.0_2.0_0.9_20250612-215104.json&mode=6&magnif=6
3.515,2.0,1079000000.0,124000000.0,578000000.0,61342.945394,Sphere_7.0_2.0_20250612-213452,Carbon cubic,3.5,1.0,0.5714285714285714,12823.342868880141,2.3986898,2.4405927,2.5196249,2.6711669,2.9401984,3.1555582,3,2,2,3,3,1,https://zibramax.github.io/FEMViewer/?mesh=https://raw.githubusercontent.com/ZibraMax/non-local-frequencies-nanostructures/refs/heads/main/Esferas_cubic_material\Sphere_7.0_2.0_1.0_20250612-213452.json&mode=6&magnif=6
5.323,2.0,128900000.0,48300000.0,67099999.99999999,61355.7058,Sphere_7.0_2.0_20250612-214657,Germanium cubic,3.5,1.0,0.5714285714285714,3550.446942624478,2.1183404,2.1288943,2.503781,2.6717733,2.9640562,3.1323392,2,3,2,3,3,1,https://zibramax.github.io/FEMViewer/?mesh=https://raw.githubusercontent.com/ZibraMax/non-local-frequencies-nanostructures/refs/heads/main/Esferas_cubic_material\Sphere_7.0_2.0_1.0_20250612-214657.json&mode=6&magnif=6
2.329,2.0,166000000.0,63900000.0,79600000.0,61373.696985,Sphere_7.0_2.0_20250612-215104,Silicon cubic,3.5,1.0,0.5714285714285714,5846.174706140654,2.1847559,2.1873989,2.5076203,2.6796447,3.058297,3.2307505,3,2,2,3,3,1,https://zibramax.github.io/FEMViewer/?mesh=https://raw.githubusercontent.com/ZibraMax/non-local-frequencies-nanostructures/refs/heads/main/Esferas_cubic_material\Sphere_7.0_2.0_1.0_20250612-215104.json&mode=6&magnif=6
2.329,3.5,166000000.0,63900000.0,79600000.0,15745.185334,Sphere_7.0_3.5_20250612-133016,Silicon cubic,3.5,0.0,1.0,5846.174706140654,0.03564,0.0357138,0.0358324,0.036015,0.0361,0.036256,3,2,3,3,2,1,https://zibramax.github.io/FEMViewer/?mesh=https://raw.githubusercontent.com/ZibraMax/non-local-frequencies-nanostructures/refs/heads/main/Esferas_cubic_material\Sphere_7.0_3.5_0.0_20250612-133016.json&mode=6&magnif=6
5.323,3.5,128900000.0,48300000.0,67099999.99999999,15801.882443,Sphere_7.0_3.5_20250612-133022,Germanium cubic,3.5,0.0,1.0,3550.446942624478,0.0351211,0.0351935,0.0352946,0.0353218,0.0354054,0.0355506,3,2,3,3,2,1,https://zibramax.github.io/FEMViewer/?mesh=https://raw.githubusercontent.com/ZibraMax/non-local-frequencies-nanostructures/refs/heads/main/Esferas_cubic_material\Sphere_7.0_3.5_0.0_20250612-133022.json&mode=6&magnif=6
3.515,3.5,1079000000.0,124000000.0,578000000.0,15788.920439,Sphere_7.0_3.5_20250612-133036,Carbon cubic,3.5,0.0,1.0,12823.342868880141,0.0350752,0.0351333,0.0352287,0.0355398,0.035742,0.0358033,3,2,3,3,2,1,https://zibramax.github.io/FEMViewer/?mesh=https://raw.githubusercontent.com/ZibraMax/non-local-frequencies-nanostructures/refs/heads/main/Esferas_cubic_material\Sphere_7.0_3.5_0.0_20250612-133036.json&mode=6&magnif=6
2.329,3.5,166000000.0,63900000.0,79600000.0,15745.185334,Sphere_7.0_3.5_20250612-133016,Silicon cubic,3.5,0.1,1.0,5846.174706140654,0.7230135,0.808251,0.8301869,0.97683,1.0082054,1.0339241,3,2,2,3,3,1,https://zibramax.github.io/FEMViewer/?mesh=https://raw.githubusercontent.com/ZibraMax/non-local-frequencies-nanostructures/refs/heads/main/Esferas_cubic_material\Sphere_7.0_3.5_0.1_20250612-133016.json&mode=6&magnif=6
5.323,3.5,128900000.0,48300000.0,67099999.99999999,15801.882443,Sphere_7.0_3.5_20250612-133022,Germanium cubic,3.5,0.1,1.0,3550.446942624478,0.7045104,0.7828442,0.8288261,0.9711107,0.9770845,1.00242,3,2,2,3,3,1,https://zibramax.github.io/FEMViewer/?mesh=https://raw.githubusercontent.com/ZibraMax/non-local-frequencies-nanostructures/refs/heads/main/Esferas_cubic_material\Sphere_7.0_3.5_0.1_20250612-133022.json&mode=6&magnif=6
3.515,3.5,1079000000.0,124000000.0,578000000.0,15788.920439,Sphere_7.0_3.5_20250612-133036,Carbon cubic,3.5,0.1,1.0,12823.342868880141,0.7939049,0.834423,0.8901618,0.9689458,0.9722346,1.1600868,3,2,2,3,3,1,https://zibramax.github.io/FEMViewer/?mesh=https://raw.githubusercontent.com/ZibraMax/non-local-frequencies-nanostructures/refs/heads/main/Esferas_cubic_material\Sphere_7.0_3.5_0.1_20250612-133036.json&mode=6&magnif=6
2.329,3.5,166000000.0,63900000.0,79600000.0,15745.185334,Sphere_7.0_3.5_20250612-133016,Silicon cubic,3.5,0.2,1.0,5846.174706140654,0.9975629,1.0618142,1.1452175,1.29329,1.3940855,1.4525801,3,2,2,3,3,1,https://zibramax.github.io/FEMViewer/?mesh=https://raw.githubusercontent.com/ZibraMax/non-local-frequencies-nanostructures/refs/heads/main/Esferas_cubic_material\Sphere_7.0_3.5_0.2_20250612-133016.json&mode=6&magnif=6
5.323,3.5,128900000.0,48300000.0,67099999.99999999,15801.882443,Sphere_7.0_3.5_20250612-133022,Germanium cubic,3.5,0.2,1.0,3550.446942624478,0.9720457,1.0283696,1.1434098,1.2879572,1.3510956,1.4083269,3,2,2,3,3,1,https://zibramax.github.io/FEMViewer/?mesh=https://raw.githubusercontent.com/ZibraMax/non-local-frequencies-nanostructures/refs/heads/main/Esferas_cubic_material\Sphere_7.0_3.5_0.2_20250612-133022.json&mode=6&magnif=6
3.515,3.5,1079000000.0,124000000.0,578000000.0,15788.920439,Sphere_7.0_3.5_20250612-133036,Carbon cubic,3.5,0.2,1.0,12823.342868880141,1.0953069,1.1508591,1.1780593,1.2863563,1.3420389,1.5586001,3,2,2,3,3,1,https://zibramax.github.io/FEMViewer/?mesh=https://raw.githubusercontent.com/ZibraMax/non-local-frequencies-nanostructures/refs/heads/main/Esferas_cubic_material\Sphere_7.0_3.5_0.2_20250612-133036.json&mode=6&magnif=6
2.329,3.5,166000000.0,63900000.0,79600000.0,15745.185334,Sphere_7.0_3.5_20250612-133016,Silicon cubic,3.5,0.3,1.0,5846.174706140654,1.2113707,1.2607014,1.3905623,1.539325,1.6940748,1.7750955,3,2,2,3,3,1,https://zibramax.github.io/FEMViewer/?mesh=https://raw.githubusercontent.com/ZibraMax/non-local-frequencies-nanostructures/refs/heads/main/Esferas_cubic_material\Sphere_7.0_3.5_0.3_20250612-133016.json&mode=6&magnif=6
5.323,3.5,128900000.0,48300000.0,67099999.99999999,15801.882443,Sphere_7.0_3.5_20250612-133022,Germanium cubic,3.5,0.3,1.0,3550.446942624478,1.1803896,1.2209569,1.3883949,1.533777,1.6418503,1.72102,3,2,2,3,3,1,https://zibramax.github.io/FEMViewer/?mesh=https://raw.githubusercontent.com/ZibraMax/non-local-frequencies-nanostructures/refs/heads/main/Esferas_cubic_material\Sphere_7.0_3.5_0.3_20250612-133022.json&mode=6&magnif=6
3.515,3.5,1079000000.0,124000000.0,578000000.0,15788.920439,Sphere_7.0_3.5_20250612-133036,Carbon cubic,3.5,0.3,1.0,12823.342868880141,1.3300342,1.3973317,1.4020868,1.5325181,1.6299158,1.8370663,3,2,2,3,3,1,https://zibramax.github.io/FEMViewer/?mesh=https://raw.githubusercontent.com/ZibraMax/non-local-frequencies-nanostructures/refs/heads/main/Esferas_cubic_material\Sphere_7.0_3.5_0.3_20250612-133036.json&mode=6&magnif=6
2.329,3.5,166000000.0,63900000.0,79600000.0,15745.185334,Sphere_7.0_3.5_20250612-133016,Silicon cubic,3.5,0.4,1.0,5846.174706140654,1.3927247,1.4310622,1.5986746,1.7494344,1.9483737,2.0474217,3,2,2,3,3,1,https://zibramax.github.io/FEMViewer/?mesh=https://raw.githubusercontent.com/ZibraMax/non-local-frequencies-nanostructures/refs/heads/main/Esferas_cubic_material\Sphere_7.0_3.5_0.4_20250612-133016.json&mode=6&magnif=6
5.323,3.5,128900000.0,48300000.0,67099999.99999999,15801.882443,Sphere_7.0_3.5_20250612-133022,Germanium cubic,3.5,0.4,1.0,3550.446942624478,1.3571086,1.3859249,1.5961987,1.7435604,1.8883189,1.9850521,3,2,2,3,3,1,https://zibramax.github.io/FEMViewer/?mesh=https://raw.githubusercontent.com/ZibraMax/non-local-frequencies-nanostructures/refs/heads/main/Esferas_cubic_material\Sphere_7.0_3.5_0.4_20250612-133022.json&mode=6&magnif=6
3.515,3.5,1079000000.0,124000000.0,578000000.0,15788.920439,Sphere_7.0_3.5_20250612-133036,Carbon cubic,3.5,0.4,1.0,12823.342868880141,1.5291353,1.5934263,1.6064108,1.7425036,1.8740638,2.0777807,3,2,2,3,3,1,https://zibramax.github.io/FEMViewer/?mesh=https://raw.githubusercontent.com/ZibraMax/non-local-frequencies-nanostructures/refs/heads/main/Esferas_cubic_material\Sphere_7.0_3.5_0.4_20250612-133036.json&mode=6&magnif=6
2.329,3.5,166000000.0,63900000.0,79600000.0,15745.185334,Sphere_7.0_3.5_20250612-133016,Silicon cubic,3.5,0.5,1.0,5846.174706140654,1.5530407,1.5827597,1.7826498,1.936251,2.1731022,2.2875545,3,2,2,3,3,1,https://zibramax.github.io/FEMViewer/?mesh=https://raw.githubusercontent.com/ZibraMax/non-local-frequencies-nanostructures/refs/heads/main/Esferas_cubic_material\Sphere_7.0_3.5_0.5_20250612-133016.json&mode=6&magnif=6
5.323,3.5,128900000.0,48300000.0,67099999.99999999,15801.882443,Sphere_7.0_3.5_20250612-133022,Germanium cubic,3.5,0.5,1.0,3550.446942624478,1.5133269,1.5328224,1.7798994,1.9300276,2.1061266,2.2178711,3,2,2,3,3,1,https://zibramax.github.io/FEMViewer/?mesh=https://raw.githubusercontent.com/ZibraMax/non-local-frequencies-nanostructures/refs/heads/main/Esferas_cubic_material\Sphere_7.0_3.5_0.5_20250612-133022.json&mode=6&magnif=6
3.515,3.5,1079000000.0,124000000.0,578000000.0,15788.920439,Sphere_7.0_3.5_20250612-133036,Carbon cubic,3.5,0.5,1.0,12823.342868880141,1.7051413,1.7635605,1.7912453,1.9291048,2.089875,2.2930823,3,2,2,3,3,1,https://zibramax.github.io/FEMViewer/?mesh=https://raw.githubusercontent.com/ZibraMax/non-local-frequencies-nanostructures/refs/heads/main/Esferas_cubic_material\Sphere_7.0_3.5_0.5_20250612-133036.json&mode=6&magnif=6
2.329,3.5,166000000.0,63900000.0,79600000.0,15745.185334,Sphere_7.0_3.5_20250612-133016,Silicon cubic,3.5,0.6,1.0,5846.174706140654,1.6982885,1.7209344,1.9493361,2.1062685,2.3766694,2.5047704,3,2,2,3,3,1,https://zibramax.github.io/FEMViewer/?mesh=https://raw.githubusercontent.com/ZibraMax/non-local-frequencies-nanostructures/refs/heads/main/Esferas_cubic_material\Sphere_7.0_3.5_0.6_20250612-133016.json&mode=6&magnif=6
5.323,3.5,128900000.0,48300000.0,67099999.99999999,15801.882443,Sphere_7.0_3.5_20250612-133022,Germanium cubic,3.5,0.6,1.0,3550.446942624478,1.6548621,1.6666262,1.9463362,2.0996962,2.3034242,2.4284712,3,2,2,3,3,1,https://zibramax.github.io/FEMViewer/?mesh=https://raw.githubusercontent.com/ZibraMax/non-local-frequencies-nanostructures/refs/heads/main/Esferas_cubic_material\Sphere_7.0_3.5_0.6_20250612-133022.json&mode=6&magnif=6
3.515,3.5,1079000000.0,124000000.0,578000000.0,15788.920439,Sphere_7.0_3.5_20250612-133036,Carbon cubic,3.5,0.6,1.0,12823.342868880141,1.8646053,1.9183987,1.9587128,2.0988699,2.2853941,2.4897031,3,2,2,3,3,1,https://zibramax.github.io/FEMViewer/?mesh=https://raw.githubusercontent.com/ZibraMax/non-local-frequencies-nanostructures/refs/heads/main/Esferas_cubic_material\Sphere_7.0_3.5_0.6_20250612-133036.json&mode=6&magnif=6
2.329,3.5,166000000.0,63900000.0,79600000.0,15745.185334,Sphere_7.0_3.5_20250612-133016,Silicon cubic,3.5,0.7,1.0,5846.174706140654,1.8320561,1.8487014,2.1028497,2.2633924,2.5641228,2.7045968,3,2,2,3,3,1,https://zibramax.github.io/FEMViewer/?mesh=https://raw.githubusercontent.com/ZibraMax/non-local-frequencies-nanostructures/refs/heads/main/Esferas_cubic_material\Sphere_7.0_3.5_0.7_20250612-133016.json&mode=6&magnif=6
5.323,3.5,128900000.0,48300000.0,67099999.99999999,15801.882443,Sphere_7.0_3.5_20250612-133022,Germanium cubic,3.5,0.7,1.0,3550.446942624478,1.7852104,1.7903523,2.0996195,2.2564793,2.4851039,2.6222112,3,2,2,3,3,1,https://zibramax.github.io/FEMViewer/?mesh=https://raw.githubusercontent.com/ZibraMax/non-local-frequencies-nanostructures/refs/heads/main/Esferas_cubic_material\Sphere_7.0_3.5_0.7_20250612-133022.json&mode=6&magnif=6
3.515,3.5,1079000000.0,124000000.0,578000000.0,15788.920439,Sphere_7.0_3.5_20250612-133036,Carbon cubic,3.5,0.7,1.0,12823.342868880141,2.0114659,2.0614958,2.1129476,2.2557265,2.4654547,2.671823,3,2,2,3,3,1,https://zibramax.github.io/FEMViewer/?mesh=https://raw.githubusercontent.com/ZibraMax/non-local-frequencies-nanostructures/refs/heads/main/Esferas_cubic_material\Sphere_7.0_3.5_0.7_20250612-133036.json&mode=6&magnif=6
2.329,3.5,166000000.0,63900000.0,79600000.0,15745.185334,Sphere_7.0_3.5_20250612-133016,Silicon cubic,3.5,0.8,1.0,5846.174706140654,1.9566996,1.9681268,2.245894,2.4102011,2.738774,2.8906422,3,2,2,3,3,1,https://zibramax.github.io/FEMViewer/?mesh=https://raw.githubusercontent.com/ZibraMax/non-local-frequencies-nanostructures/refs/heads/main/Esferas_cubic_material\Sphere_7.0_3.5_0.8_20250612-133016.json&mode=6&magnif=6
5.323,3.5,128900000.0,48300000.0,67099999.99999999,15801.882443,Sphere_7.0_3.5_20250612-133022,Germanium cubic,3.5,0.8,1.0,3550.446942624478,1.9060012,1.9066678,2.2424488,2.4029577,2.6543756,2.80259,2,3,2,3,3,1,https://zibramax.github.io/FEMViewer/?mesh=https://raw.githubusercontent.com/ZibraMax/non-local-frequencies-nanostructures/refs/heads/main/Esferas_cubic_material\Sphere_7.0_3.5_0.8_20250612-133022.json&mode=6&magnif=6
3.515,3.5,1079000000.0,124000000.0,578000000.0,15788.920439,Sphere_7.0_3.5_20250612-133036,Carbon cubic,3.5,0.8,1.0,12823.342868880141,2.14831,2.1951996,2.2566649,2.4022634,2.6332305,2.8422557,3,2,2,3,3,1,https://zibramax.github.io/FEMViewer/?mesh=https://raw.githubusercontent.com/ZibraMax/non-local-frequencies-nanostructures/refs/heads/main/Esferas_cubic_material\Sphere_7.0_3.5_0.8_20250612-133036.json&mode=6&magnif=6
2.329,3.5,166000000.0,63900000.0,79600000.0,15745.185334,Sphere_7.0_3.5_20250612-133016,Silicon cubic,3.5,0.9,1.0,5846.174706140654,2.073865,2.0806678,2.3803572,2.5485073,2.9029354,3.0654169,3,2,2,3,3,1,https://zibramax.github.io/FEMViewer/?mesh=https://raw.githubusercontent.com/ZibraMax/non-local-frequencies-nanostructures/refs/heads/main/Esferas_cubic_material\Sphere_7.0_3.5_0.9_20250612-133016.json&mode=6&magnif=6
5.323,3.5,128900000.0,48300000.0,67099999.99999999,15801.882443,Sphere_7.0_3.5_20250612-133022,Germanium cubic,3.5,0.9,1.0,3550.446942624478,2.0149837,2.0208382,2.3767096,2.5409446,2.8134804,2.9720414,2,3,2,3,3,1,https://zibramax.github.io/FEMViewer/?mesh=https://raw.githubusercontent.com/ZibraMax/non-local-frequencies-nanostructures/refs/heads/main/Esferas_cubic_material\Sphere_7.0_3.5_0.9_20250612-133022.json&mode=6&magnif=6
3.515,3.5,1079000000.0,124000000.0,578000000.0,15788.920439,Sphere_7.0_3.5_20250612-133036,Carbon cubic,3.5,0.9,1.0,12823.342868880141,2.2769441,2.3211604,2.3917616,2.5402981,2.7909382,3.0030049,3,2,2,3,3,1,https://zibramax.github.io/FEMViewer/?mesh=https://raw.githubusercontent.com/ZibraMax/non-local-frequencies-nanostructures/refs/heads/main/Esferas_cubic_material\Sphere_7.0_3.5_0.9_20250612-133036.json&mode=6&magnif=6
2.329,3.5,166000000.0,63900000.0,79600000.0,15745.185334,Sphere_7.0_3.5_20250612-133016,Silicon cubic,3.5,1.0,1.0,5846.174706140654,2.1847559,2.1873989,2.5076203,2.6796447,3.058297,3.2307505,3,2,2,3,3,1,https://zibramax.github.io/FEMViewer/?mesh=https://raw.githubusercontent.com/ZibraMax/non-local-frequencies-nanostructures/refs/heads/main/Esferas_cubic_material\Sphere_7.0_3.5_1.0_20250612-133016.json&mode=6&magnif=6
5.323,3.5,128900000.0,48300000.0,67099999.99999999,15801.882443,Sphere_7.0_3.5_20250612-133022,Germanium cubic,3.5,1.0,1.0,3550.446942624478,2.1183404,2.1288943,2.503781,2.6717733,2.9640562,3.1323392,2,3,2,3,3,1,https://zibramax.github.io/FEMViewer/?mesh=https://raw.githubusercontent.com/ZibraMax/non-local-frequencies-nanostructures/refs/heads/main/Esferas_cubic_material\Sphere_7.0_3.5_1.0_20250612-133022.json&mode=6&magnif=6
3.515,3.5,1079000000.0,124000000.0,578000000.0,15788.920439,Sphere_7.0_3.5_20250612-133036,Carbon cubic,3.5,1.0,1.0,12823.342868880141,2.3986898,2.4405927,2.5196249,2.6711669,2.9401984,3.1555582,3,2,2,3,3,1,https://zibramax.github.io/FEMViewer/?mesh=https://raw.githubusercontent.com/ZibraMax/non-local-frequencies-nanostructures/refs/heads/main/Esferas_cubic_material\Sphere_7.0_3.5_1.0_20250612-133036.json&mode=6&magnif=6
2.329,5.6,166000000.0,63900000.0,79600000.0,15736.942499,Sphere_7.0_5.6_20250612-133017,Silicon cubic,3.5,0.0,1.5999999999999999,5846.174706140654,0.0139339,0.0139628,0.0140094,0.0140806,0.0141131,0.0141747,3,2,3,3,2,1,https://zibramax.github.io/FEMViewer/?mesh=https://raw.githubusercontent.com/ZibraMax/non-local-frequencies-nanostructures/refs/heads/main/Esferas_cubic_material\Sphere_7.0_5.6_0.0_20250612-133017.json&mode=6&magnif=6
5.323,5.6,128900000.0,48300000.0,67099999.99999999,16009.81788,Sphere_7.0_5.6_20250612-133025,Germanium cubic,3.5,0.0,1.5999999999999999,3550.446942624478,0.0137311,0.0137596,0.0137992,0.0138093,0.0138414,0.0138988,3,2,3,3,2,1,https://zibramax.github.io/FEMViewer/?mesh=https://raw.githubusercontent.com/ZibraMax/non-local-frequencies-nanostructures/refs/heads/main/Esferas_cubic_material\Sphere_7.0_5.6_0.0_20250612-133025.json&mode=6&magnif=6
3.515,5.6,1079000000.0,124000000.0,578000000.0,15771.412443,Sphere_7.0_5.6_20250612-133039,Carbon cubic,3.5,0.0,1.5999999999999999,12823.342868880141,0.0137132,0.0137358,0.0137736,0.0138956,0.0139755,0.0139994,3,2,3,3,2,1,https://zibramax.github.io/FEMViewer/?mesh=https://raw.githubusercontent.com/ZibraMax/non-local-frequencies-nanostructures/refs/heads/main/Esferas_cubic_material\Sphere_7.0_5.6_0.0_20250612-133039.json&mode=6&magnif=6
2.329,5.6,166000000.0,63900000.0,79600000.0,15736.942499,Sphere_7.0_5.6_20250612-133017,Silicon cubic,3.5,0.1,1.5999999999999999,5846.174706140654,0.6979817,0.7362045,0.8011965,0.8977104,0.9761558,1.0238321,3,2,2,3,3,1,https://zibramax.github.io/FEMViewer/?mesh=https://raw.githubusercontent.com/ZibraMax/non-local-frequencies-nanostructures/refs/heads/main/Esferas_cubic_material\Sphere_7.0_5.6_0.1_20250612-133017.json&mode=6&magnif=6
5.323,5.6,128900000.0,48300000.0,67099999.99999999,16009.81788,Sphere_7.0_5.6_20250612-133025,Germanium cubic,3.5,0.1,1.5999999999999999,3550.446942624478,0.6801319,0.7130136,0.7999488,0.8942419,0.9460665,0.9926437,3,2,2,3,3,1,https://zibramax.github.io/FEMViewer/?mesh=https://raw.githubusercontent.com/ZibraMax/non-local-frequencies-nanostructures/refs/heads/main/Esferas_cubic_material\Sphere_7.0_5.6_0.1_20250612-133025.json&mode=6&magnif=6
3.515,5.6,1079000000.0,124000000.0,578000000.0,15771.412443,Sphere_7.0_5.6_20250612-133039,Carbon cubic,3.5,0.1,1.5999999999999999,12823.342868880141,0.7663474,0.8050942,0.8176981,0.8933591,0.9391348,1.0777783,3,2,2,3,3,1,https://zibramax.github.io/FEMViewer/?mesh=https://raw.githubusercontent.com/ZibraMax/non-local-frequencies-nanostructures/refs/heads/main/Esferas_cubic_material\Sphere_7.0_5.6_0.1_20250612-133039.json&mode=6&magnif=6
2.329,5.6,166000000.0,63900000.0,79600000.0,15736.942499,Sphere_7.0_5.6_20250612-133017,Silicon cubic,3.5,0.2,1.5999999999999999,5846.174706140654,0.9815319,1.0077379,1.1266267,1.23202,1.3734203,1.4462062,3,2,2,3,3,1,https://zibramax.github.io/FEMViewer/?mesh=https://raw.githubusercontent.com/ZibraMax/non-local-frequencies-nanostructures/refs/heads/main/Esferas_cubic_material\Sphere_7.0_5.6_0.2_20250612-133017.json&mode=6&magnif=6
5.323,5.6,128900000.0,48300000.0,67099999.99999999,16009.81788,Sphere_7.0_5.6_20250612-133025,Germanium cubic,3.5,0.2,1.5999999999999999,3550.446942624478,0.9564332,0.975956,1.1248887,1.2279111,1.3310929,1.4021526,3,2,2,3,3,1,https://zibramax.github.io/FEMViewer/?mesh=https://raw.githubusercontent.com/ZibraMax/non-local-frequencies-nanostructures/refs/heads/main/Esferas_cubic_material\Sphere_7.0_5.6_0.2_20250612-133025.json&mode=6&magnif=6
3.515,5.6,1079000000.0,124000000.0,578000000.0,15771.412443,Sphere_7.0_5.6_20250612-133039,Carbon cubic,3.5,0.2,1.5999999999999999,12823.342868880141,1.0776564,1.1221526,1.1320589,1.2272218,1.3208044,1.4632403,3,2,2,3,3,1,https://zibramax.github.io/FEMViewer/?mesh=https://raw.githubusercontent.com/ZibraMax/non-local-frequencies-nanostructures/refs/heads/main/Esferas_cubic_material\Sphere_7.0_5.6_0.2_20250612-133039.json&mode=6&magnif=6
2.329,5.6,166000000.0,63900000.0,79600000.0,15736.942499,Sphere_7.0_5.6_20250612-133017,Silicon cubic,3.5,0.3,1.5999999999999999,5846.174706140654,1.1998441,1.219557,1.3771892,1.4922507,1.6791831,1.7705344,3,2,2,3,3,1,https://zibramax.github.io/FEMViewer/?mesh=https://raw.githubusercontent.com/ZibraMax/non-local-frequencies-nanostructures/refs/heads/main/Esferas_cubic_material\Sphere_7.0_5.6_0.3_20250612-133017.json&mode=6&magnif=6
5.323,5.6,128900000.0,48300000.0,67099999.99999999,16009.81788,Sphere_7.0_5.6_20250612-133025,Germanium cubic,3.5,0.3,1.5999999999999999,3550.446942624478,1.169164,1.1810783,1.3750713,1.4875255,1.6274354,1.7166018,3,2,2,3,3,1,https://zibramax.github.io/FEMViewer/?mesh=https://raw.githubusercontent.com/ZibraMax/non-local-frequencies-nanostructures/refs/heads/main/Esferas_cubic_material\Sphere_7.0_5.6_0.3_20250612-133025.json&mode=6&magnif=6
3.515,5.6,1079000000.0,124000000.0,578000000.0,15771.412443,Sphere_7.0_5.6_20250612-133039,Carbon cubic,3.5,0.3,1.5999999999999999,12823.342868880141,1.3173427,1.3591558,1.3838097,1.4869001,1.6146392,1.7660019,3,2,2,3,3,1,https://zibramax.github.io/FEMViewer/?mesh=https://raw.githubusercontent.com/ZibraMax/non-local-frequencies-nanostructures/refs/heads/main/Esferas_cubic_material\Sphere_7.0_5.6_0.3_20250612-133039.json&mode=6&magnif=6
2.329,5.6,166000000.0,63900000.0,79600000.0,15736.942499,Sphere_7.0_5.6_20250612-133017,Silicon cubic,3.5,0.4,1.5999999999999999,5846.174706140654,1.3841407,1.3995181,1.5887133,1.7131732,1.9372716,2.0440332,3,2,2,3,3,1,https://zibramax.github.io/FEMViewer/?mesh=https://raw.githubusercontent.com/ZibraMax/non-local-frequencies-nanostructures/refs/heads/main/Esferas_cubic_material\Sphere_7.0_5.6_0.4_20250612-133017.json&mode=6&magnif=6
5.323,5.6,128900000.0,48300000.0,67099999.99999999,16009.81788,Sphere_7.0_5.6_20250612-133025,Germanium cubic,3.5,0.4,1.5999999999999999,3550.446942624478,1.3487488,1.3553517,1.586274,1.7078902,1.877572,1.9817697,3,2,2,3,3,1,https://zibramax.github.io/FEMViewer/?mesh=https://raw.githubusercontent.com/ZibraMax/non-local-frequencies-nanostructures/refs/heads/main/Esferas_cubic_material\Sphere_7.0_5.6_0.4_20250612-133025.json&mode=6&magnif=6
3.515,5.6,1079000000.0,124000000.0,578000000.0,15771.412443,Sphere_7.0_5.6_20250612-133039,Carbon cubic,3.5,0.4,1.5999999999999999,12823.342868880141,1.5196837,1.5603622,1.5963393,1.7072913,1.8626839,2.0238585,3,2,2,3,3,1,https://zibramax.github.io/FEMViewer/?mesh=https://raw.githubusercontent.com/ZibraMax/non-local-frequencies-nanostructures/refs/heads/main/Esferas_cubic_material\Sphere_7.0_5.6_0.4_20250612-133039.json&mode=6&magnif=6
2.329,5.6,166000000.0,63900000.0,79600000.0,15736.942499,Sphere_7.0_5.6_20250612-133017,Silicon cubic,3.5,0.5,1.5999999999999999,5846.174706140654,1.5466301,1.5587815,1.7752096,1.9086103,2.1648056,2.2850276,3,2,2,3,3,1,https://zibramax.github.io/FEMViewer/?mesh=https://raw.githubusercontent.com/ZibraMax/non-local-frequencies-nanostructures/refs/heads/main/Esferas_cubic_material\Sphere_7.0_5.6_0.5_20250612-133017.json&mode=6&magnif=6
5.323,5.6,128900000.0,48300000.0,67099999.99999999,16009.81788,Sphere_7.0_5.6_20250612-133025,Germanium cubic,3.5,0.5,1.5999999999999999,3550.446942624478,1.5070838,1.5095825,1.7724865,1.9028184,2.0980954,2.2154234,3,2,2,3,3,1,https://zibramax.github.io/FEMViewer/?mesh=https://raw.githubusercontent.com/ZibraMax/non-local-frequencies-nanostructures/refs/heads/main/Esferas_cubic_material\Sphere_7.0_5.6_0.5_20250612-133025.json&mode=6&magnif=6
3.515,5.6,1079000000.0,124000000.0,578000000.0,15771.412443,Sphere_7.0_5.6_20250612-133039,Carbon cubic,3.5,0.5,1.5999999999999999,12823.342868880141,1.6980827,1.7383587,1.7837231,1.9022301,2.0813749,2.2523462,3,2,2,3,3,1,https://zibramax.github.io/FEMViewer/?mesh=https://raw.githubusercontent.com/ZibraMax/non-local-frequencies-nanostructures/refs/heads/main/Esferas_cubic_material\Sphere_7.0_5.6_0.5_20250612-133039.json&mode=6&magnif=6
2.329,5.6,166000000.0,63900000.0,79600000.0,15736.942499,Sphere_7.0_5.6_20250612-133017,Silicon cubic,3.5,0.6,1.5999999999999999,5846.174706140654,1.6936008,1.7031901,1.9438949,2.0857764,2.3705999,2.5029245,3,2,2,3,3,1,https://zibramax.github.io/FEMViewer/?mesh=https://raw.githubusercontent.com/ZibraMax/non-local-frequencies-nanostructures/refs/heads/main/Esferas_cubic_material\Sphere_7.0_5.6_0.6_20250612-133017.json&mode=6&magnif=6
5.323,5.6,128900000.0,48300000.0,67099999.99999999,16009.81788,Sphere_7.0_5.6_20250612-133025,Germanium cubic,3.5,0.6,1.5999999999999999,3550.446942624478,1.6494284,1.6502969,1.9409149,2.0795148,2.2975488,2.426683,2,3,2,3,3,1,https://zibramax.github.io/FEMViewer/?mesh=https://raw.githubusercontent.com/ZibraMax/non-local-frequencies-nanostructures/refs/heads/main/Esferas_cubic_material\Sphere_7.0_5.6_0.6_20250612-133025.json&mode=6&magnif=6
3.515,5.6,1079000000.0,124000000.0,578000000.0,15771.412443,Sphere_7.0_5.6_20250612-133039,Carbon cubic,3.5,0.6,1.5999999999999999,12823.342868880141,1.8594436,1.8997154,1.9532119,2.0789291,2.2791777,2.4596815,3,2,2,3,3,1,https://zibramax.github.io/FEMViewer/?mesh=https://raw.githubusercontent.com/ZibraMax/non-local-frequencies-nanostructures/refs/heads/main/Esferas_cubic_material\Sphere_7.0_5.6_0.6_20250612-133039.json&mode=6&magnif=6
2.329,5.6,166000000.0,63900000.0,79600000.0,15736.942499,Sphere_7.0_5.6_20250612-133017,Silicon cubic,3.5,0.7,1.5999999999999999,5846.174706140654,1.8287981,1.8362627,2.0990678,2.2490088,2.559903,2.7033147,3,2,2,3,3,1,https://zibramax.github.io/FEMViewer/?mesh=https://raw.githubusercontent.com/ZibraMax/non-local-frequencies-nanostructures/refs/heads/main/Esferas_cubic_material\Sphere_7.0_5.6_0.7_20250612-133017.json&mode=6&magnif=6
5.323,5.6,128900000.0,48300000.0,67099999.99999999,16009.81788,Sphere_7.0_5.6_20250612-133025,Germanium cubic,3.5,0.7,1.5999999999999999,3550.446942624478,1.7782967,1.7820375,2.0958514,2.2423093,2.4810191,2.6209693,2,3,2,3,3,1,https://zibramax.github.io/FEMViewer/?mesh=https://raw.githubusercontent.com/ZibraMax/non-local-frequencies-nanostructures/refs/heads/main/Esferas_cubic_material\Sphere_7.0_5.6_0.7_20250612-133025.json&mode=6&magnif=6
3.515,5.6,1079000000.0,124000000.0,578000000.0,15771.412443,Sphere_7.0_5.6_20250612-133039,Carbon cubic,3.5,0.7,1.5999999999999999,12823.342868880141,2.0078785,2.0483822,2.1091243,2.2417217,2.4611339,2.6508396,3,2,2,3,3,1,https://zibramax.github.io/FEMViewer/?mesh=https://raw.githubusercontent.com/ZibraMax/non-local-frequencies-nanostructures/refs/heads/main/Esferas_cubic_material\Sphere_7.0_5.6_0.7_20250612-133039.json&mode=6&magnif=6
2.329,5.6,166000000.0,63900000.0,79600000.0,15736.942499,Sphere_7.0_5.6_20250612-133017,Silicon cubic,3.5,0.8,1.5999999999999999,5846.174706140654,1.9546665,1.9603141,2.2435338,2.4011582,2.7361401,2.8898426,3,2,2,3,3,1,https://zibramax.github.io/FEMViewer/?mesh=https://raw.githubusercontent.com/ZibraMax/non-local-frequencies-nanostructures/refs/heads/main/Esferas_cubic_material\Sphere_7.0_5.6_0.8_20250612-133017.json&mode=6&magnif=6
5.323,5.6,128900000.0,48300000.0,67099999.99999999,16009.81788,Sphere_7.0_5.6_20250612-133025,Germanium cubic,3.5,0.8,1.5999999999999999,3550.446942624478,1.8984292,1.9046878,2.2400972,2.3940469,2.6518259,2.8018154,2,3,2,3,3,1,https://zibramax.github.io/FEMViewer/?mesh=https://raw.githubusercontent.com/ZibraMax/non-local-frequencies-nanostructures/refs/heads/main/Esferas_cubic_material\Sphere_7.0_5.6_0.8_20250612-133025.json&mode=6&magnif=6
3.515,5.6,1079000000.0,124000000.0,578000000.0,15771.412443,Sphere_7.0_5.6_20250612-133039,Carbon cubic,3.5,0.8,1.5999999999999999,12823.342868880141,2.1460712,2.1869552,2.2542789,2.3934546,2.630534,2.8291051,3,2,2,3,3,1,https://zibramax.github.io/FEMViewer/?mesh=https://raw.githubusercontent.com/ZibraMax/non-local-frequencies-nanostructures/refs/heads/main/Esferas_cubic_material\Sphere_7.0_5.6_0.8_20250612-133039.json&mode=6&magnif=6
2.329,5.6,166000000.0,63900000.0,79600000.0,15736.942499,Sphere_7.0_5.6_20250612-133017,Silicon cubic,3.5,0.9,1.5999999999999999,5846.174706140654,2.0729061,2.0769642,2.379244,2.5442173,2.9016929,3.0650399,3,2,2,3,3,1,https://zibramax.github.io/FEMViewer/?mesh=https://raw.githubusercontent.com/ZibraMax/non-local-frequencies-nanostructures/refs/heads/main/Esferas_cubic_material\Sphere_7.0_5.6_0.9_20250612-133017.json&mode=6&magnif=6
5.323,5.6,128900000.0,48300000.0,67099999.99999999,16009.81788,Sphere_7.0_5.6_20250612-133025,Germanium cubic,3.5,0.9,1.5999999999999999,3550.446942624478,2.0113943,2.0199043,2.3756004,2.5367165,2.8122776,2.9716762,2,3,2,3,3,1,https://zibramax.github.io/FEMViewer/?mesh=https://raw.githubusercontent.com/ZibraMax/non-local-frequencies-nanostructures/refs/heads/main/Esferas_cubic_material\Sphere_7.0_5.6_0.9_20250612-133025.json&mode=6&magnif=6
3.515,5.6,1079000000.0,124000000.0,578000000.0,15771.412443,Sphere_7.0_5.6_20250612-133039,Carbon cubic,3.5,0.9,1.5999999999999999,12823.342868880141,2.2758882,2.3172492,2.3906362,2.5361177,2.7896663,2.9967815,3,2,2,3,3,1,https://zibramax.github.io/FEMViewer/?mesh=https://raw.githubusercontent.com/ZibraMax/non-local-frequencies-nanostructures/refs/heads/main/Esferas_cubic_material\Sphere_7.0_5.6_0.9_20250612-133039.json&mode=6&magnif=6
2.329,5.6,166000000.0,63900000.0,79600000.0,15736.942499,Sphere_7.0_5.6_20250612-133017,Silicon cubic,3.5,1.0,1.5999999999999999,5846.174706140654,2.1847559,2.1873989,2.5076203,2.6796447,3.058297,3.2307505,3,2,2,3,3,1,https://zibramax.github.io/FEMViewer/?mesh=https://raw.githubusercontent.com/ZibraMax/non-local-frequencies-nanostructures/refs/heads/main/Esferas_cubic_material\Sphere_7.0_5.6_1.0_20250612-133017.json&mode=6&magnif=6
5.323,5.6,128900000.0,48300000.0,67099999.99999999,16009.81788,Sphere_7.0_5.6_20250612-133025,Germanium cubic,3.5,1.0,1.5999999999999999,3550.446942624478,2.1183404,2.1288943,2.503781,2.6717733,2.9640562,3.1323392,2,3,2,3,3,1,https://zibramax.github.io/FEMViewer/?mesh=https://raw.githubusercontent.com/ZibraMax/non-local-frequencies-nanostructures/refs/heads/main/Esferas_cubic_material\Sphere_7.0_5.6_1.0_20250612-133025.json&mode=6&magnif=6
3.515,5.6,1079000000.0,124000000.0,578000000.0,15771.412443,Sphere_7.0_5.6_20250612-133039,Carbon cubic,3.5,1.0,1.5999999999999999,12823.342868880141,2.3986898,2.4405927,2.5196249,2.6711669,2.9401984,3.1555582,3,2,2,3,3,1,https://zibramax.github.io/FEMViewer/?mesh=https://raw.githubusercontent.com/ZibraMax/non-local-frequencies-nanostructures/refs/heads/main/Esferas_cubic_material\Sphere_7.0_5.6_1.0_20250612-133039.json&mode=6&magnif=6
