rho,l,C11,C12,C44,duration,name,material,R,z1,l/R,Ct,eta1,eta2,eta3,eta4,eta5,eta6,count_eta1,count_eta2,count_eta3,count_eta4,count_eta5,count_eta6,link
3.515,1.0,1079000000.0,124000000.0,578000000.0,3338.677068,Sphere_0.5_1.0_20250617-111521,Carbon cubic,0.5,0.0,2.0,12823.342868880141,0.0087782,0.0087927,0.0088169,0.0088951,0.0089464,0.0089616,3,2,3,3,2,1,https://zibramax.github.io/FEMViewer/?mesh=https://raw.githubusercontent.com/ZibraMax/non-local-frequencies-nanostructures/refs/heads/main/Esferas_cubic_material_2\Sphere_0.5_1.0_0.0_20250617-111521.json&mode=6&magnif=6
5.323,1.0,128900000.0,48300000.0,67099999.99999999,3338.419688,Sphere_0.5_1.0_20250617-111815,Germanium cubic,0.5,0.0,2.0,3550.446942624478,0.0087896,0.0088079,0.0088333,0.0088397,0.0088602,0.008897,3,2,3,3,2,1,https://zibramax.github.io/FEMViewer/?mesh=https://raw.githubusercontent.com/ZibraMax/non-local-frequencies-nanostructures/refs/heads/main/Esferas_cubic_material_2\Sphere_0.5_1.0_0.0_20250617-111815.json&mode=6&magnif=6
2.329,1.0,166000000.0,63900000.0,79600000.0,3351.517615,Sphere_0.5_1.0_20250617-112035,Silicon cubic,0.5,0.0,2.0,5846.174706140654,0.0089195,0.008938,0.0089679,0.0090134,0.0090341,0.0090737,3,2,3,3,2,1,https://zibramax.github.io/FEMViewer/?mesh=https://raw.githubusercontent.com/ZibraMax/non-local-frequencies-nanostructures/refs/heads/main/Esferas_cubic_material_2\Sphere_0.5_1.0_0.0_20250617-112035.json&mode=6&magnif=6
3.515,1.0,1079000000.0,124000000.0,578000000.0,3338.677068,Sphere_0.5_1.0_20250617-111521,Carbon cubic,0.5,0.1,2.0,12823.342868880141,0.7621518,0.7989596,0.8006277,0.8735619,0.9341041,1.0447768,3,2,2,3,3,1,https://zibramax.github.io/FEMViewer/?mesh=https://raw.githubusercontent.com/ZibraMax/non-local-frequencies-nanostructures/refs/heads/main/Esferas_cubic_material_2\Sphere_0.5_1.0_0.1_20250617-111521.json&mode=6&magnif=6
5.323,1.0,128900000.0,48300000.0,67099999.99999999,3338.419688,Sphere_0.5_1.0_20250617-111815,Germanium cubic,0.5,0.1,2.0,3550.446942624478,0.6764192,0.6953238,0.7955536,0.8741356,0.9413578,0.9914335,3,2,2,3,3,1,https://zibramax.github.io/FEMViewer/?mesh=https://raw.githubusercontent.com/ZibraMax/non-local-frequencies-nanostructures/refs/heads/main/Esferas_cubic_material_2\Sphere_0.5_1.0_0.1_20250617-111815.json&mode=6&magnif=6
2.329,1.0,166000000.0,63900000.0,79600000.0,3351.517615,Sphere_0.5_1.0_20250617-112035,Silicon cubic,0.5,0.1,2.0,5846.174706140654,0.6941697,0.7179584,0.7967836,0.8771729,0.971292,1.0225829,3,2,2,3,3,1,https://zibramax.github.io/FEMViewer/?mesh=https://raw.githubusercontent.com/ZibraMax/non-local-frequencies-nanostructures/refs/heads/main/Esferas_cubic_material_2\Sphere_0.5_1.0_0.1_20250617-112035.json&mode=6&magnif=6
3.515,1.0,1079000000.0,124000000.0,578000000.0,3338.677068,Sphere_0.5_1.0_20250617-111521,Carbon cubic,0.5,0.2,2.0,12823.342868880141,1.0750055,1.1091909,1.1292361,1.2134474,1.3176244,1.4413251,3,2,2,3,3,1,https://zibramax.github.io/FEMViewer/?mesh=https://raw.githubusercontent.com/ZibraMax/non-local-frequencies-nanostructures/refs/heads/main/Esferas_cubic_material_2\Sphere_0.5_1.0_0.2_20250617-111521.json&mode=6&magnif=6
5.323,1.0,128900000.0,48300000.0,67099999.99999999,3338.419688,Sphere_0.5_1.0_20250617-111815,Germanium cubic,0.5,0.2,2.0,3550.446942624478,0.9540875,0.9638698,1.1221105,1.2139516,1.328112,1.4013911,3,2,2,3,3,1,https://zibramax.github.io/FEMViewer/?mesh=https://raw.githubusercontent.com/ZibraMax/non-local-frequencies-nanostructures/refs/heads/main/Esferas_cubic_material_2\Sphere_0.5_1.0_0.2_20250617-111815.json&mode=6&magnif=6
2.329,1.0,166000000.0,63900000.0,79600000.0,3351.517615,Sphere_0.5_1.0_20250617-112035,Silicon cubic,0.5,0.2,2.0,5846.174706140654,0.9791234,0.9952711,1.1238374,1.2178074,1.3703413,1.4454202,3,2,2,3,3,1,https://zibramax.github.io/FEMViewer/?mesh=https://raw.githubusercontent.com/ZibraMax/non-local-frequencies-nanostructures/refs/heads/main/Esferas_cubic_material_2\Sphere_0.5_1.0_0.2_20250617-112035.json&mode=6&magnif=6
3.515,1.0,1079000000.0,124000000.0,578000000.0,3338.677068,Sphere_0.5_1.0_20250617-111521,Carbon cubic,0.5,0.3,2.0,12823.342868880141,1.3154455,1.34959,1.3817893,1.4767154,1.6123629,1.750044,3,2,2,3,3,1,https://zibramax.github.io/FEMViewer/?mesh=https://raw.githubusercontent.com/ZibraMax/non-local-frequencies-nanostructures/refs/heads/main/Esferas_cubic_material_2\Sphere_0.5_1.0_0.3_20250617-111521.json&mode=6&magnif=6
5.323,1.0,128900000.0,48300000.0,67099999.99999999,3338.419688,Sphere_0.5_1.0_20250617-111815,Germanium cubic,0.5,0.3,2.0,3550.446942624478,1.1674853,1.1721947,1.3730827,1.477212,1.6253007,1.7160575,3,2,2,3,3,1,https://zibramax.github.io/FEMViewer/?mesh=https://raw.githubusercontent.com/ZibraMax/non-local-frequencies-nanostructures/refs/heads/main/Esferas_cubic_material_2\Sphere_0.5_1.0_0.3_20250617-111815.json&mode=6&magnif=6
2.329,1.0,166000000.0,63900000.0,79600000.0,3351.517615,Sphere_0.5_1.0_20250617-112035,Silicon cubic,0.5,0.3,2.0,5846.174706140654,1.1981204,1.2103934,1.3751927,1.4817609,1.6769782,1.7699727,3,2,2,3,3,1,https://zibramax.github.io/FEMViewer/?mesh=https://raw.githubusercontent.com/ZibraMax/non-local-frequencies-nanostructures/refs/heads/main/Esferas_cubic_material_2\Sphere_0.5_1.0_0.3_20250617-112035.json&mode=6&magnif=6
3.515,1.0,1079000000.0,124000000.0,578000000.0,3338.677068,Sphere_0.5_1.0_20250617-111521,Carbon cubic,0.5,0.4,2.0,12823.342868880141,1.5182742,1.5531445,1.5948382,1.6995995,1.8609926,2.011898,3,2,2,3,3,1,https://zibramax.github.io/FEMViewer/?mesh=https://raw.githubusercontent.com/ZibraMax/non-local-frequencies-nanostructures/refs/heads/main/Esferas_cubic_material_2\Sphere_0.5_1.0_0.4_20250617-111521.json&mode=6&magnif=6
5.323,1.0,128900000.0,48300000.0,67099999.99999999,3338.419688,Sphere_0.5_1.0_20250617-111815,Germanium cubic,0.5,0.4,2.0,3550.446942624478,1.3475016,1.3486622,1.5847964,1.7001043,1.8759854,1.9813657,3,2,2,3,3,1,https://zibramax.github.io/FEMViewer/?mesh=https://raw.githubusercontent.com/ZibraMax/non-local-frequencies-nanostructures/refs/heads/main/Esferas_cubic_material_2\Sphere_0.5_1.0_0.4_20250617-111815.json&mode=6&magnif=6
2.329,1.0,166000000.0,63900000.0,79600000.0,3351.517615,Sphere_0.5_1.0_20250617-112035,Silicon cubic,0.5,0.4,2.0,5846.174706140654,1.3828601,1.3926177,1.5872299,1.7052581,1.9356328,2.0436161,3,2,2,3,3,1,https://zibramax.github.io/FEMViewer/?mesh=https://raw.githubusercontent.com/ZibraMax/non-local-frequencies-nanostructures/refs/heads/main/Esferas_cubic_material_2\Sphere_0.5_1.0_0.4_20250617-112035.json&mode=6&magnif=6
3.515,1.0,1079000000.0,124000000.0,578000000.0,3338.677068,Sphere_0.5_1.0_20250617-111521,Carbon cubic,0.5,0.5,2.0,12823.342868880141,1.6970315,1.7329258,1.7826037,1.8964372,2.0801136,2.2433791,3,2,2,3,3,1,https://zibramax.github.io/FEMViewer/?mesh=https://raw.githubusercontent.com/ZibraMax/non-local-frequencies-nanostructures/refs/heads/main/Esferas_cubic_material_2\Sphere_0.5_1.0_0.5_20250617-111521.json&mode=6&magnif=6
5.323,1.0,128900000.0,48300000.0,67099999.99999999,3338.419688,Sphere_0.5_1.0_20250617-111815,Germanium cubic,0.5,0.5,2.0,3550.446942624478,1.5045531,1.5061537,1.7713845,1.896956,2.096912,2.2151222,2,3,2,3,3,1,https://zibramax.github.io/FEMViewer/?mesh=https://raw.githubusercontent.com/ZibraMax/non-local-frequencies-nanostructures/refs/heads/main/Esferas_cubic_material_2\Sphere_0.5_1.0_0.5_20250617-111815.json&mode=6&magnif=6
2.329,1.0,166000000.0,63900000.0,79600000.0,3351.517615,Sphere_0.5_1.0_20250617-112035,Silicon cubic,0.5,0.5,2.0,5846.174706140654,1.5456751,1.5535936,1.7741033,1.9026524,2.1635833,2.2847167,3,2,2,3,3,1,https://zibramax.github.io/FEMViewer/?mesh=https://raw.githubusercontent.com/ZibraMax/non-local-frequencies-nanostructures/refs/heads/main/Esferas_cubic_material_2\Sphere_0.5_1.0_0.5_20250617-112035.json&mode=6&magnif=6
3.515,1.0,1079000000.0,124000000.0,578000000.0,3338.677068,Sphere_0.5_1.0_20250617-111521,Carbon cubic,0.5,0.6,2.0,12823.342868880141,1.8586757,1.8957216,1.9523941,2.0746691,2.2782562,2.4531071,3,2,2,3,3,1,https://zibramax.github.io/FEMViewer/?mesh=https://raw.githubusercontent.com/ZibraMax/non-local-frequencies-nanostructures/refs/heads/main/Esferas_cubic_material_2\Sphere_0.5_1.0_0.6_20250617-111521.json&mode=6&magnif=6
5.323,1.0,128900000.0,48300000.0,67099999.99999999,3338.419688,Sphere_0.5_1.0_20250617-111815,Germanium cubic,0.5,0.6,2.0,3550.446942624478,1.6457342,1.6496173,1.9401099,2.0752044,2.2966841,2.4264631,2,3,2,3,3,1,https://zibramax.github.io/FEMViewer/?mesh=https://raw.githubusercontent.com/ZibraMax/non-local-frequencies-nanostructures/refs/heads/main/Esferas_cubic_material_2\Sphere_0.5_1.0_0.6_20250617-111815.json&mode=6&magnif=6
2.329,1.0,166000000.0,63900000.0,79600000.0,3351.517615,Sphere_0.5_1.0_20250617-112035,Silicon cubic,0.5,0.6,2.0,5846.174706140654,1.6929031,1.6993794,1.9430867,2.0813966,2.3697068,2.5026974,3,2,2,3,3,1,https://zibramax.github.io/FEMViewer/?mesh=https://raw.githubusercontent.com/ZibraMax/non-local-frequencies-nanostructures/refs/heads/main/Esferas_cubic_material_2\Sphere_0.5_1.0_0.6_20250617-112035.json&mode=6&magnif=6
3.515,1.0,1079000000.0,124000000.0,578000000.0,3338.677068,Sphere_0.5_1.0_20250617-111521,Carbon cubic,0.5,0.7,2.0,12823.342868880141,2.0073452,2.045596,2.1085562,2.238749,2.4604939,2.6462618,3,2,2,3,3,1,https://zibramax.github.io/FEMViewer/?mesh=https://raw.githubusercontent.com/ZibraMax/non-local-frequencies-nanostructures/refs/heads/main/Esferas_cubic_material_2\Sphere_0.5_1.0_0.7_20250617-111521.json&mode=6&magnif=6
5.323,1.0,128900000.0,48300000.0,67099999.99999999,3338.419688,Sphere_0.5_1.0_20250617-111815,Germanium cubic,0.5,0.7,2.0,3550.446942624478,1.775721,1.7815655,2.0952923,2.2393018,2.4804185,2.6208166,2,3,2,3,3,1,https://zibramax.github.io/FEMViewer/?mesh=https://raw.githubusercontent.com/ZibraMax/non-local-frequencies-nanostructures/refs/heads/main/Esferas_cubic_material_2\Sphere_0.5_1.0_0.7_20250617-111815.json&mode=6&magnif=6
2.329,1.0,166000000.0,63900000.0,79600000.0,3351.517615,Sphere_0.5_1.0_20250617-112035,Silicon cubic,0.5,0.7,2.0,5846.174706140654,1.8283135,1.8336057,2.0985065,2.2459533,2.5592827,2.703157,3,2,2,3,3,1,https://zibramax.github.io/FEMViewer/?mesh=https://raw.githubusercontent.com/ZibraMax/non-local-frequencies-nanostructures/refs/heads/main/Esferas_cubic_material_2\Sphere_0.5_1.0_0.7_20250617-112035.json&mode=6&magnif=6
3.515,1.0,1079000000.0,124000000.0,578000000.0,3338.677068,Sphere_0.5_1.0_20250617-111521,Carbon cubic,0.5,0.8,2.0,12823.342868880141,2.1457386,2.1852115,2.2539246,2.3915939,2.6301348,2.8262443,3,2,2,3,3,1,https://zibramax.github.io/FEMViewer/?mesh=https://raw.githubusercontent.com/ZibraMax/non-local-frequencies-nanostructures/refs/heads/main/Esferas_cubic_material_2\Sphere_0.5_1.0_0.8_20250617-111521.json&mode=6&magnif=6
5.323,1.0,128900000.0,48300000.0,67099999.99999999,3338.419688,Sphere_0.5_1.0_20250617-111815,Germanium cubic,0.5,0.8,2.0,3550.446942624478,1.8968179,1.9043934,2.2397484,2.3921646,2.6514513,2.8017202,2,3,2,3,3,1,https://zibramax.github.io/FEMViewer/?mesh=https://raw.githubusercontent.com/ZibraMax/non-local-frequencies-nanostructures/refs/heads/main/Esferas_cubic_material_2\Sphere_0.5_1.0_0.8_20250617-111815.json&mode=6&magnif=6
2.329,1.0,166000000.0,63900000.0,79600000.0,3351.517615,Sphere_0.5_1.0_20250617-112035,Silicon cubic,0.5,0.8,2.0,5846.174706140654,1.9543642,1.9586521,2.2431837,2.399246,2.7357532,2.8897442,3,2,2,3,3,1,https://zibramax.github.io/FEMViewer/?mesh=https://raw.githubusercontent.com/ZibraMax/non-local-frequencies-nanostructures/refs/heads/main/Esferas_cubic_material_2\Sphere_0.5_1.0_0.8_20250617-112035.json&mode=6&magnif=6
3.515,1.0,1079000000.0,124000000.0,578000000.0,3338.677068,Sphere_0.5_1.0_20250617-111521,Carbon cubic,0.5,0.9,2.0,12823.342868880141,2.2757314,2.316425,2.3904691,2.535238,2.789478,2.9954307,3,2,2,3,3,1,https://zibramax.github.io/FEMViewer/?mesh=https://raw.githubusercontent.com/ZibraMax/non-local-frequencies-nanostructures/refs/heads/main/Esferas_cubic_material_2\Sphere_0.5_1.0_0.9_20250617-111521.json&mode=6&magnif=6
5.323,1.0,128900000.0,48300000.0,67099999.99999999,3338.419688,Sphere_0.5_1.0_20250617-111815,Germanium cubic,0.5,0.9,2.0,3550.446942624478,2.0106329,2.0197655,2.375436,2.5358266,2.8121009,2.9716313,2,3,2,3,3,1,https://zibramax.github.io/FEMViewer/?mesh=https://raw.githubusercontent.com/ZibraMax/non-local-frequencies-nanostructures/refs/heads/main/Esferas_cubic_material_2\Sphere_0.5_1.0_0.9_20250617-111815.json&mode=6&magnif=6
2.329,1.0,166000000.0,63900000.0,79600000.0,3351.517615,Sphere_0.5_1.0_20250617-112035,Silicon cubic,0.5,0.9,2.0,5846.174706140654,2.0727636,2.0761788,2.3790789,2.5433134,2.9015105,3.0649935,3,2,2,3,3,1,https://zibramax.github.io/FEMViewer/?mesh=https://raw.githubusercontent.com/ZibraMax/non-local-frequencies-nanostructures/refs/heads/main/Esferas_cubic_material_2\Sphere_0.5_1.0_0.9_20250617-112035.json&mode=6&magnif=6
3.515,1.0,1079000000.0,124000000.0,578000000.0,3338.677068,Sphere_0.5_1.0_20250617-111521,Carbon cubic,0.5,1.0,2.0,12823.342868880141,4.4e-06,2.3986898,2.4405927,2.5196249,2.6711669,2.9401984,1,3,2,2,3,1,https://zibramax.github.io/FEMViewer/?mesh=https://raw.githubusercontent.com/ZibraMax/non-local-frequencies-nanostructures/refs/heads/main/Esferas_cubic_material_2\Sphere_0.5_1.0_1.0_20250617-111521.json&mode=6&magnif=6
5.323,1.0,128900000.0,48300000.0,67099999.99999999,3338.419688,Sphere_0.5_1.0_20250617-111815,Germanium cubic,0.5,1.0,2.0,3550.446942624478,2.1183404,2.1288943,2.503781,2.6717733,2.9640562,3.1323392,2,3,2,3,3,1,https://zibramax.github.io/FEMViewer/?mesh=https://raw.githubusercontent.com/ZibraMax/non-local-frequencies-nanostructures/refs/heads/main/Esferas_cubic_material_2\Sphere_0.5_1.0_1.0_20250617-111815.json&mode=6&magnif=6
2.329,1.0,166000000.0,63900000.0,79600000.0,3351.517615,Sphere_0.5_1.0_20250617-112035,Silicon cubic,0.5,1.0,2.0,5846.174706140654,2.1847559,2.1873989,2.5076203,2.6796447,3.058297,3.2307505,3,2,2,3,3,1,https://zibramax.github.io/FEMViewer/?mesh=https://raw.githubusercontent.com/ZibraMax/non-local-frequencies-nanostructures/refs/heads/main/Esferas_cubic_material_2\Sphere_0.5_1.0_1.0_20250617-112035.json&mode=6&magnif=6
3.515,1.0,1079000000.0,124000000.0,578000000.0,3412.828021,Sphere_1.0_1.0_20250617-101402,Carbon cubic,1.0,0.0,1.0,12823.342868880141,0.0350752,0.0351333,0.0352287,0.0355398,0.035742,0.0358033,3,2,3,3,2,1,https://zibramax.github.io/FEMViewer/?mesh=https://raw.githubusercontent.com/ZibraMax/non-local-frequencies-nanostructures/refs/heads/main/Esferas_cubic_material_2\Sphere_1.0_1.0_0.0_20250617-101402.json&mode=6&magnif=6
5.323,1.0,128900000.0,48300000.0,67099999.99999999,3382.109083,Sphere_1.0_1.0_20250617-101419,Germanium cubic,1.0,0.0,1.0,3550.446942624478,0.0351211,0.0351935,0.0352946,0.0353218,0.0354054,0.0355506,3,2,3,3,2,1,https://zibramax.github.io/FEMViewer/?mesh=https://raw.githubusercontent.com/ZibraMax/non-local-frequencies-nanostructures/refs/heads/main/Esferas_cubic_material_2\Sphere_1.0_1.0_0.0_20250617-101419.json&mode=6&magnif=6
2.329,1.0,166000000.0,63900000.0,79600000.0,3380.650724,Sphere_1.0_1.0_20250617-101437,Silicon cubic,1.0,0.0,1.0,5846.174706140654,0.03564,0.0357138,0.0358324,0.036015,0.0361,0.036256,3,2,3,3,2,1,https://zibramax.github.io/FEMViewer/?mesh=https://raw.githubusercontent.com/ZibraMax/non-local-frequencies-nanostructures/refs/heads/main/Esferas_cubic_material_2\Sphere_1.0_1.0_0.0_20250617-101437.json&mode=6&magnif=6
3.515,1.0,1079000000.0,124000000.0,578000000.0,3412.828021,Sphere_1.0_1.0_20250617-101402,Carbon cubic,1.0,0.1,1.0,12823.342868880141,0.7939049,0.834423,0.8901618,0.9689458,0.9722346,1.1600868,3,2,2,3,3,1,https://zibramax.github.io/FEMViewer/?mesh=https://raw.githubusercontent.com/ZibraMax/non-local-frequencies-nanostructures/refs/heads/main/Esferas_cubic_material_2\Sphere_1.0_1.0_0.1_20250617-101402.json&mode=6&magnif=6
5.323,1.0,128900000.0,48300000.0,67099999.99999999,3382.109083,Sphere_1.0_1.0_20250617-101419,Germanium cubic,1.0,0.1,1.0,3550.446942624478,0.7045104,0.7828442,0.8288261,0.9711107,0.9770845,1.00242,3,2,2,3,3,1,https://zibramax.github.io/FEMViewer/?mesh=https://raw.githubusercontent.com/ZibraMax/non-local-frequencies-nanostructures/refs/heads/main/Esferas_cubic_material_2\Sphere_1.0_1.0_0.1_20250617-101419.json&mode=6&magnif=6
2.329,1.0,166000000.0,63900000.0,79600000.0,3380.650724,Sphere_1.0_1.0_20250617-101437,Silicon cubic,1.0,0.1,1.0,5846.174706140654,0.7230135,0.808251,0.8301869,0.97683,1.0082054,1.0339241,3,2,2,3,3,1,https://zibramax.github.io/FEMViewer/?mesh=https://raw.githubusercontent.com/ZibraMax/non-local-frequencies-nanostructures/refs/heads/main/Esferas_cubic_material_2\Sphere_1.0_1.0_0.1_20250617-101437.json&mode=6&magnif=6
3.515,1.0,1079000000.0,124000000.0,578000000.0,3412.828021,Sphere_1.0_1.0_20250617-101402,Carbon cubic,1.0,0.2,1.0,12823.342868880141,1.0953069,1.1508591,1.1780593,1.2863563,1.3420389,1.5586001,3,2,2,3,3,1,https://zibramax.github.io/FEMViewer/?mesh=https://raw.githubusercontent.com/ZibraMax/non-local-frequencies-nanostructures/refs/heads/main/Esferas_cubic_material_2\Sphere_1.0_1.0_0.2_20250617-101402.json&mode=6&magnif=6
5.323,1.0,128900000.0,48300000.0,67099999.99999999,3382.109083,Sphere_1.0_1.0_20250617-101419,Germanium cubic,1.0,0.2,1.0,3550.446942624478,0.9720457,1.0283696,1.1434098,1.2879572,1.3510956,1.4083269,3,2,2,3,3,1,https://zibramax.github.io/FEMViewer/?mesh=https://raw.githubusercontent.com/ZibraMax/non-local-frequencies-nanostructures/refs/heads/main/Esferas_cubic_material_2\Sphere_1.0_1.0_0.2_20250617-101419.json&mode=6&magnif=6
2.329,1.0,166000000.0,63900000.0,79600000.0,3380.650724,Sphere_1.0_1.0_20250617-101437,Silicon cubic,1.0,0.2,1.0,5846.174706140654,0.9975629,1.0618142,1.1452175,1.29329,1.3940855,1.4525801,3,2,2,3,3,1,https://zibramax.github.io/FEMViewer/?mesh=https://raw.githubusercontent.com/ZibraMax/non-local-frequencies-nanostructures/refs/heads/main/Esferas_cubic_material_2\Sphere_1.0_1.0_0.2_20250617-101437.json&mode=6&magnif=6
3.515,1.0,1079000000.0,124000000.0,578000000.0,3412.828021,Sphere_1.0_1.0_20250617-101402,Carbon cubic,1.0,0.3,1.0,12823.342868880141,1.3300342,1.3973317,1.4020868,1.5325181,1.6299158,1.8370663,3,2,2,3,3,1,https://zibramax.github.io/FEMViewer/?mesh=https://raw.githubusercontent.com/ZibraMax/non-local-frequencies-nanostructures/refs/heads/main/Esferas_cubic_material_2\Sphere_1.0_1.0_0.3_20250617-101402.json&mode=6&magnif=6
5.323,1.0,128900000.0,48300000.0,67099999.99999999,3382.109083,Sphere_1.0_1.0_20250617-101419,Germanium cubic,1.0,0.3,1.0,3550.446942624478,1.1803896,1.2209569,1.3883949,1.533777,1.6418503,1.72102,3,2,2,3,3,1,https://zibramax.github.io/FEMViewer/?mesh=https://raw.githubusercontent.com/ZibraMax/non-local-frequencies-nanostructures/refs/heads/main/Esferas_cubic_material_2\Sphere_1.0_1.0_0.3_20250617-101419.json&mode=6&magnif=6
2.329,1.0,166000000.0,63900000.0,79600000.0,3380.650724,Sphere_1.0_1.0_20250617-101437,Silicon cubic,1.0,0.3,1.0,5846.174706140654,1.2113707,1.2607014,1.3905623,1.539325,1.6940748,1.7750955,3,2,2,3,3,1,https://zibramax.github.io/FEMViewer/?mesh=https://raw.githubusercontent.com/ZibraMax/non-local-frequencies-nanostructures/refs/heads/main/Esferas_cubic_material_2\Sphere_1.0_1.0_0.3_20250617-101437.json&mode=6&magnif=6
3.515,1.0,1079000000.0,124000000.0,578000000.0,3412.828021,Sphere_1.0_1.0_20250617-101402,Carbon cubic,1.0,0.4,1.0,12823.342868880141,1.5291353,1.5934263,1.6064108,1.7425036,1.8740638,2.0777807,3,2,2,3,3,1,https://zibramax.github.io/FEMViewer/?mesh=https://raw.githubusercontent.com/ZibraMax/non-local-frequencies-nanostructures/refs/heads/main/Esferas_cubic_material_2\Sphere_1.0_1.0_0.4_20250617-101402.json&mode=6&magnif=6
5.323,1.0,128900000.0,48300000.0,67099999.99999999,3382.109083,Sphere_1.0_1.0_20250617-101419,Germanium cubic,1.0,0.4,1.0,3550.446942624478,1.3571086,1.3859249,1.5961987,1.7435604,1.8883189,1.9850521,3,2,2,3,3,1,https://zibramax.github.io/FEMViewer/?mesh=https://raw.githubusercontent.com/ZibraMax/non-local-frequencies-nanostructures/refs/heads/main/Esferas_cubic_material_2\Sphere_1.0_1.0_0.4_20250617-101419.json&mode=6&magnif=6
2.329,1.0,166000000.0,63900000.0,79600000.0,3380.650724,Sphere_1.0_1.0_20250617-101437,Silicon cubic,1.0,0.4,1.0,5846.174706140654,1.3927247,1.4310622,1.5986746,1.7494344,1.9483737,2.0474217,3,2,2,3,3,1,https://zibramax.github.io/FEMViewer/?mesh=https://raw.githubusercontent.com/ZibraMax/non-local-frequencies-nanostructures/refs/heads/main/Esferas_cubic_material_2\Sphere_1.0_1.0_0.4_20250617-101437.json&mode=6&magnif=6
3.515,1.0,1079000000.0,124000000.0,578000000.0,3412.828021,Sphere_1.0_1.0_20250617-101402,Carbon cubic,1.0,0.5,1.0,12823.342868880141,1.7051413,1.7635605,1.7912453,1.9291048,2.089875,2.2930823,3,2,2,3,3,1,https://zibramax.github.io/FEMViewer/?mesh=https://raw.githubusercontent.com/ZibraMax/non-local-frequencies-nanostructures/refs/heads/main/Esferas_cubic_material_2\Sphere_1.0_1.0_0.5_20250617-101402.json&mode=6&magnif=6
5.323,1.0,128900000.0,48300000.0,67099999.99999999,3382.109083,Sphere_1.0_1.0_20250617-101419,Germanium cubic,1.0,0.5,1.0,3550.446942624478,1.5133269,1.5328224,1.7798994,1.9300276,2.1061266,2.2178711,3,2,2,3,3,1,https://zibramax.github.io/FEMViewer/?mesh=https://raw.githubusercontent.com/ZibraMax/non-local-frequencies-nanostructures/refs/heads/main/Esferas_cubic_material_2\Sphere_1.0_1.0_0.5_20250617-101419.json&mode=6&magnif=6
2.329,1.0,166000000.0,63900000.0,79600000.0,3380.650724,Sphere_1.0_1.0_20250617-101437,Silicon cubic,1.0,0.5,1.0,5846.174706140654,1.5530407,1.5827597,1.7826498,1.936251,2.1731022,2.2875545,3,2,2,3,3,1,https://zibramax.github.io/FEMViewer/?mesh=https://raw.githubusercontent.com/ZibraMax/non-local-frequencies-nanostructures/refs/heads/main/Esferas_cubic_material_2\Sphere_1.0_1.0_0.5_20250617-101437.json&mode=6&magnif=6
3.515,1.0,1079000000.0,124000000.0,578000000.0,3412.828021,Sphere_1.0_1.0_20250617-101402,Carbon cubic,1.0,0.6,1.0,12823.342868880141,1.8646053,1.9183987,1.9587128,2.0988699,2.2853941,2.4897031,3,2,2,3,3,1,https://zibramax.github.io/FEMViewer/?mesh=https://raw.githubusercontent.com/ZibraMax/non-local-frequencies-nanostructures/refs/heads/main/Esferas_cubic_material_2\Sphere_1.0_1.0_0.6_20250617-101402.json&mode=6&magnif=6
5.323,1.0,128900000.0,48300000.0,67099999.99999999,3382.109083,Sphere_1.0_1.0_20250617-101419,Germanium cubic,1.0,0.6,1.0,3550.446942624478,1.6548621,1.6666262,1.9463362,2.0996962,2.3034242,2.4284712,3,2,2,3,3,1,https://zibramax.github.io/FEMViewer/?mesh=https://raw.githubusercontent.com/ZibraMax/non-local-frequencies-nanostructures/refs/heads/main/Esferas_cubic_material_2\Sphere_1.0_1.0_0.6_20250617-101419.json&mode=6&magnif=6
2.329,1.0,166000000.0,63900000.0,79600000.0,3380.650724,Sphere_1.0_1.0_20250617-101437,Silicon cubic,1.0,0.6,1.0,5846.174706140654,1.6982885,1.7209344,1.9493361,2.1062685,2.3766694,2.5047704,3,2,2,3,3,1,https://zibramax.github.io/FEMViewer/?mesh=https://raw.githubusercontent.com/ZibraMax/non-local-frequencies-nanostructures/refs/heads/main/Esferas_cubic_material_2\Sphere_1.0_1.0_0.6_20250617-101437.json&mode=6&magnif=6
3.515,1.0,1079000000.0,124000000.0,578000000.0,3412.828021,Sphere_1.0_1.0_20250617-101402,Carbon cubic,1.0,0.7,1.0,12823.342868880141,2.0114659,2.0614958,2.1129476,2.2557265,2.4654547,2.671823,3,2,2,3,3,1,https://zibramax.github.io/FEMViewer/?mesh=https://raw.githubusercontent.com/ZibraMax/non-local-frequencies-nanostructures/refs/heads/main/Esferas_cubic_material_2\Sphere_1.0_1.0_0.7_20250617-101402.json&mode=6&magnif=6
5.323,1.0,128900000.0,48300000.0,67099999.99999999,3382.109083,Sphere_1.0_1.0_20250617-101419,Germanium cubic,1.0,0.7,1.0,3550.446942624478,1.7852104,1.7903523,2.0996195,2.2564793,2.4851039,2.6222112,3,2,2,3,3,1,https://zibramax.github.io/FEMViewer/?mesh=https://raw.githubusercontent.com/ZibraMax/non-local-frequencies-nanostructures/refs/heads/main/Esferas_cubic_material_2\Sphere_1.0_1.0_0.7_20250617-101419.json&mode=6&magnif=6
2.329,1.0,166000000.0,63900000.0,79600000.0,3380.650724,Sphere_1.0_1.0_20250617-101437,Silicon cubic,1.0,0.7,1.0,5846.174706140654,1.8320561,1.8487014,2.1028497,2.2633924,2.5641228,2.7045968,3,2,2,3,3,1,https://zibramax.github.io/FEMViewer/?mesh=https://raw.githubusercontent.com/ZibraMax/non-local-frequencies-nanostructures/refs/heads/main/Esferas_cubic_material_2\Sphere_1.0_1.0_0.7_20250617-101437.json&mode=6&magnif=6
3.515,1.0,1079000000.0,124000000.0,578000000.0,3412.828021,Sphere_1.0_1.0_20250617-101402,Carbon cubic,1.0,0.8,1.0,12823.342868880141,2.14831,2.1951996,2.2566649,2.4022634,2.6332305,2.8422557,3,2,2,3,3,1,https://zibramax.github.io/FEMViewer/?mesh=https://raw.githubusercontent.com/ZibraMax/non-local-frequencies-nanostructures/refs/heads/main/Esferas_cubic_material_2\Sphere_1.0_1.0_0.8_20250617-101402.json&mode=6&magnif=6
5.323,1.0,128900000.0,48300000.0,67099999.99999999,3382.109083,Sphere_1.0_1.0_20250617-101419,Germanium cubic,1.0,0.8,1.0,3550.446942624478,1.9060012,1.9066678,2.2424488,2.4029577,2.6543756,2.80259,2,3,2,3,3,1,https://zibramax.github.io/FEMViewer/?mesh=https://raw.githubusercontent.com/ZibraMax/non-local-frequencies-nanostructures/refs/heads/main/Esferas_cubic_material_2\Sphere_1.0_1.0_0.8_20250617-101419.json&mode=6&magnif=6
2.329,1.0,166000000.0,63900000.0,79600000.0,3380.650724,Sphere_1.0_1.0_20250617-101437,Silicon cubic,1.0,0.8,1.0,5846.174706140654,1.9566996,1.9681268,2.245894,2.4102011,2.738774,2.8906422,3,2,2,3,3,1,https://zibramax.github.io/FEMViewer/?mesh=https://raw.githubusercontent.com/ZibraMax/non-local-frequencies-nanostructures/refs/heads/main/Esferas_cubic_material_2\Sphere_1.0_1.0_0.8_20250617-101437.json&mode=6&magnif=6
3.515,1.0,1079000000.0,124000000.0,578000000.0,3412.828021,Sphere_1.0_1.0_20250617-101402,Carbon cubic,1.0,0.9,1.0,12823.342868880141,2.2769441,2.3211604,2.3917616,2.5402981,2.7909382,3.0030049,3,2,2,3,3,1,https://zibramax.github.io/FEMViewer/?mesh=https://raw.githubusercontent.com/ZibraMax/non-local-frequencies-nanostructures/refs/heads/main/Esferas_cubic_material_2\Sphere_1.0_1.0_0.9_20250617-101402.json&mode=6&magnif=6
5.323,1.0,128900000.0,48300000.0,67099999.99999999,3382.109083,Sphere_1.0_1.0_20250617-101419,Germanium cubic,1.0,0.9,1.0,3550.446942624478,2.0149837,2.0208382,2.3767096,2.5409446,2.8134804,2.9720414,2,3,2,3,3,1,https://zibramax.github.io/FEMViewer/?mesh=https://raw.githubusercontent.com/ZibraMax/non-local-frequencies-nanostructures/refs/heads/main/Esferas_cubic_material_2\Sphere_1.0_1.0_0.9_20250617-101419.json&mode=6&magnif=6
2.329,1.0,166000000.0,63900000.0,79600000.0,3380.650724,Sphere_1.0_1.0_20250617-101437,Silicon cubic,1.0,0.9,1.0,5846.174706140654,2.073865,2.0806678,2.3803572,2.5485073,2.9029354,3.0654169,3,2,2,3,3,1,https://zibramax.github.io/FEMViewer/?mesh=https://raw.githubusercontent.com/ZibraMax/non-local-frequencies-nanostructures/refs/heads/main/Esferas_cubic_material_2\Sphere_1.0_1.0_0.9_20250617-101437.json&mode=6&magnif=6
3.515,1.0,1079000000.0,124000000.0,578000000.0,3412.828021,Sphere_1.0_1.0_20250617-101402,Carbon cubic,1.0,1.0,1.0,12823.342868880141,2.3986898,2.4405927,2.5196249,2.6711669,2.9401984,3.1555582,3,2,2,3,3,1,https://zibramax.github.io/FEMViewer/?mesh=https://raw.githubusercontent.com/ZibraMax/non-local-frequencies-nanostructures/refs/heads/main/Esferas_cubic_material_2\Sphere_1.0_1.0_1.0_20250617-101402.json&mode=6&magnif=6
5.323,1.0,128900000.0,48300000.0,67099999.99999999,3382.109083,Sphere_1.0_1.0_20250617-101419,Germanium cubic,1.0,1.0,1.0,3550.446942624478,2.1183404,2.1288943,2.503781,2.6717733,2.9640562,3.1323392,2,3,2,3,3,1,https://zibramax.github.io/FEMViewer/?mesh=https://raw.githubusercontent.com/ZibraMax/non-local-frequencies-nanostructures/refs/heads/main/Esferas_cubic_material_2\Sphere_1.0_1.0_1.0_20250617-101419.json&mode=6&magnif=6
2.329,1.0,166000000.0,63900000.0,79600000.0,3380.650724,Sphere_1.0_1.0_20250617-101437,Silicon cubic,1.0,1.0,1.0,5846.174706140654,2.1847559,2.1873989,2.5076203,2.6796447,3.058297,3.2307505,3,2,2,3,3,1,https://zibramax.github.io/FEMViewer/?mesh=https://raw.githubusercontent.com/ZibraMax/non-local-frequencies-nanostructures/refs/heads/main/Esferas_cubic_material_2\Sphere_1.0_1.0_1.0_20250617-101437.json&mode=6&magnif=6
3.515,1.0,1079000000.0,124000000.0,578000000.0,2241.187867,Sphere_10.0_1.0_20250616-210528,Carbon cubic,10.0,0.0,0.1,12823.342868880141,1.9007558,2.0176126,2.0928649,2.2667049,2.3410348,2.4929247,3,2,2,3,3,1,https://zibramax.github.io/FEMViewer/?mesh=https://raw.githubusercontent.com/ZibraMax/non-local-frequencies-nanostructures/refs/heads/main/Esferas_cubic_material_2\Sphere_10.0_1.0_0.0_20250616-210528.json&mode=6&magnif=6
5.323,1.0,128900000.0,48300000.0,67099999.99999999,2271.361795,Sphere_10.0_1.0_20250616-210826,Germanium cubic,10.0,0.0,0.1,3550.446942624478,1.6808743,1.8288653,2.0068326,2.2541347,2.2839915,2.3381447,3,2,2,1,3,1,https://zibramax.github.io/FEMViewer/?mesh=https://raw.githubusercontent.com/ZibraMax/non-local-frequencies-nanostructures/refs/heads/main/Esferas_cubic_material_2\Sphere_10.0_1.0_0.0_20250616-210826.json&mode=6&magnif=6
2.329,1.0,166000000.0,63900000.0,79600000.0,2267.446659,Sphere_10.0_1.0_20250616-210828,Silicon cubic,10.0,0.0,0.1,5846.174706140654,1.7259169,1.8892705,2.0094842,2.2968495,2.3272835,2.4158027,3,2,2,3,1,1,https://zibramax.github.io/FEMViewer/?mesh=https://raw.githubusercontent.com/ZibraMax/non-local-frequencies-nanostructures/refs/heads/main/Esferas_cubic_material_2\Sphere_10.0_1.0_0.0_20250616-210828.json&mode=6&magnif=6
3.515,1.0,1079000000.0,124000000.0,578000000.0,2241.187867,Sphere_10.0_1.0_20250616-210528,Carbon cubic,10.0,0.1,0.1,12823.342868880141,1.956482,2.0764095,2.136234,2.3197009,2.4118178,2.7502257,3,2,2,3,3,1,https://zibramax.github.io/FEMViewer/?mesh=https://raw.githubusercontent.com/ZibraMax/non-local-frequencies-nanostructures/refs/heads/main/Esferas_cubic_material_2\Sphere_10.0_1.0_0.1_20250616-210528.json&mode=6&magnif=6
5.323,1.0,128900000.0,48300000.0,67099999.99999999,2271.361795,Sphere_10.0_1.0_20250616-210826,Germanium cubic,10.0,0.1,0.1,3550.446942624478,1.7307111,1.8629735,2.0650908,2.3339776,2.3587351,2.4172371,3,2,2,3,1,1,https://zibramax.github.io/FEMViewer/?mesh=https://raw.githubusercontent.com/ZibraMax/non-local-frequencies-nanostructures/refs/heads/main/Esferas_cubic_material_2\Sphere_10.0_1.0_0.1_20250616-210826.json&mode=6&magnif=6
2.329,1.0,166000000.0,63900000.0,79600000.0,2267.446659,Sphere_10.0_1.0_20250616-210828,Silicon cubic,10.0,0.1,0.1,5846.174706140654,1.7769583,1.9243784,2.067839,2.3452935,2.4350661,2.4971213,3,2,2,3,1,1,https://zibramax.github.io/FEMViewer/?mesh=https://raw.githubusercontent.com/ZibraMax/non-local-frequencies-nanostructures/refs/heads/main/Esferas_cubic_material_2\Sphere_10.0_1.0_0.1_20250616-210828.json&mode=6&magnif=6
3.515,1.0,1079000000.0,124000000.0,578000000.0,2241.187867,Sphere_10.0_1.0_20250616-210528,Carbon cubic,10.0,0.2,0.1,12823.342868880141,2.0083502,2.1296978,2.1745808,2.3649893,2.4744227,2.8449415,3,2,2,3,3,1,https://zibramax.github.io/FEMViewer/?mesh=https://raw.githubusercontent.com/ZibraMax/non-local-frequencies-nanostructures/refs/heads/main/Esferas_cubic_material_2\Sphere_10.0_1.0_0.2_20250616-210528.json&mode=6&magnif=6
5.323,1.0,128900000.0,48300000.0,67099999.99999999,2271.361795,Sphere_10.0_1.0_20250616-210826,Germanium cubic,10.0,0.2,0.1,3550.446942624478,1.7772658,1.8935937,2.1177476,2.3768387,2.4529555,2.4839507,3,2,2,3,1,1,https://zibramax.github.io/FEMViewer/?mesh=https://raw.githubusercontent.com/ZibraMax/non-local-frequencies-nanostructures/refs/heads/main/Esferas_cubic_material_2\Sphere_10.0_1.0_0.2_20250616-210826.json&mode=6&magnif=6
2.329,1.0,166000000.0,63900000.0,79600000.0,2267.446659,Sphere_10.0_1.0_20250616-210828,Silicon cubic,10.0,0.2,0.1,5846.174706140654,1.824651,1.9558957,2.120641,2.3871557,2.5320391,2.5654947,3,2,2,3,1,1,https://zibramax.github.io/FEMViewer/?mesh=https://raw.githubusercontent.com/ZibraMax/non-local-frequencies-nanostructures/refs/heads/main/Esferas_cubic_material_2\Sphere_10.0_1.0_0.2_20250616-210828.json&mode=6&magnif=6
3.515,1.0,1079000000.0,124000000.0,578000000.0,2241.187867,Sphere_10.0_1.0_20250616-210528,Carbon cubic,10.0,0.3,0.1,12823.342868880141,2.0585924,2.1812283,2.2101092,2.4064004,2.5346902,2.8843794,3,2,2,3,3,1,https://zibramax.github.io/FEMViewer/?mesh=https://raw.githubusercontent.com/ZibraMax/non-local-frequencies-nanostructures/refs/heads/main/Esferas_cubic_material_2\Sphere_10.0_1.0_0.3_20250616-210528.json&mode=6&magnif=6
5.323,1.0,128900000.0,48300000.0,67099999.99999999,2271.361795,Sphere_10.0_1.0_20250616-210826,Germanium cubic,10.0,0.3,0.1,3550.446942624478,1.8223494,1.9224166,2.1686266,2.416268,2.5430314,2.5463338,3,2,2,3,1,1,https://zibramax.github.io/FEMViewer/?mesh=https://raw.githubusercontent.com/ZibraMax/non-local-frequencies-nanostructures/refs/heads/main/Esferas_cubic_material_2\Sphere_10.0_1.0_0.3_20250616-210826.json&mode=6&magnif=6
2.329,1.0,166000000.0,63900000.0,79600000.0,2267.446659,Sphere_10.0_1.0_20250616-210828,Silicon cubic,10.0,0.3,0.1,5846.174706140654,1.8708398,1.9855727,2.1716708,2.4258723,2.6247377,2.6294808,3,2,2,3,1,1,https://zibramax.github.io/FEMViewer/?mesh=https://raw.githubusercontent.com/ZibraMax/non-local-frequencies-nanostructures/refs/heads/main/Esferas_cubic_material_2\Sphere_10.0_1.0_0.3_20250616-210828.json&mode=6&magnif=6
3.515,1.0,1079000000.0,124000000.0,578000000.0,2241.187867,Sphere_10.0_1.0_20250616-210528,Carbon cubic,10.0,0.4,0.1,12823.342868880141,2.1074988,2.2313784,2.2436169,2.4450745,2.5932064,2.9229963,3,2,2,3,3,1,https://zibramax.github.io/FEMViewer/?mesh=https://raw.githubusercontent.com/ZibraMax/non-local-frequencies-nanostructures/refs/heads/main/Esferas_cubic_material_2\Sphere_10.0_1.0_0.4_20250616-210528.json&mode=6&magnif=6
5.323,1.0,128900000.0,48300000.0,67099999.99999999,2271.361795,Sphere_10.0_1.0_20250616-210826,Germanium cubic,10.0,0.4,0.1,3550.446942624478,1.8662198,1.9499545,2.2181272,2.4533083,2.6059207,2.6297741,3,2,2,3,3,1,https://zibramax.github.io/FEMViewer/?mesh=https://raw.githubusercontent.com/ZibraMax/non-local-frequencies-nanostructures/refs/heads/main/Esferas_cubic_material_2\Sphere_10.0_1.0_0.4_20250616-210826.json&mode=6&magnif=6
2.329,1.0,166000000.0,63900000.0,79600000.0,2267.446659,Sphere_10.0_1.0_20250616-210828,Silicon cubic,10.0,0.4,0.1,5846.174706140654,1.9157886,2.0139341,2.2213225,2.4623906,2.6906431,2.7140073,3,2,2,3,3,1,https://zibramax.github.io/FEMViewer/?mesh=https://raw.githubusercontent.com/ZibraMax/non-local-frequencies-nanostructures/refs/heads/main/Esferas_cubic_material_2\Sphere_10.0_1.0_0.4_20250616-210828.json&mode=6&magnif=6
3.515,1.0,1079000000.0,124000000.0,578000000.0,2241.187867,Sphere_10.0_1.0_20250616-210528,Carbon cubic,10.0,0.5,0.1,12823.342868880141,2.1552208,2.2755852,2.2803249,2.4816893,2.6502365,2.9609457,3,2,2,3,3,1,https://zibramax.github.io/FEMViewer/?mesh=https://raw.githubusercontent.com/ZibraMax/non-local-frequencies-nanostructures/refs/heads/main/Esferas_cubic_material_2\Sphere_10.0_1.0_0.5_20250616-210528.json&mode=6&magnif=6
5.323,1.0,128900000.0,48300000.0,67099999.99999999,2271.361795,Sphere_10.0_1.0_20250616-210826,Germanium cubic,10.0,0.5,0.1,3550.446942624478,1.909014,1.9765007,2.2664342,2.488559,2.6634154,2.7136226,3,2,2,3,3,1,https://zibramax.github.io/FEMViewer/?mesh=https://raw.githubusercontent.com/ZibraMax/non-local-frequencies-nanostructures/refs/heads/main/Esferas_cubic_material_2\Sphere_10.0_1.0_0.5_20250616-210826.json&mode=6&magnif=6
2.329,1.0,166000000.0,63900000.0,79600000.0,2267.446659,Sphere_10.0_1.0_20250616-210828,Silicon cubic,10.0,0.5,0.1,5846.174706140654,1.9596371,2.04128,2.269779,2.4972519,2.7496914,2.8003021,3,2,2,3,3,1,https://zibramax.github.io/FEMViewer/?mesh=https://raw.githubusercontent.com/ZibraMax/non-local-frequencies-nanostructures/refs/heads/main/Esferas_cubic_material_2\Sphere_10.0_1.0_0.5_20250616-210828.json&mode=6&magnif=6
3.515,1.0,1079000000.0,124000000.0,578000000.0,2241.187867,Sphere_10.0_1.0_20250616-210528,Carbon cubic,10.0,0.6,0.1,12823.342868880141,2.2018628,2.3063328,2.3281822,2.5166909,2.7059434,2.9983111,3,2,2,3,3,1,https://zibramax.github.io/FEMViewer/?mesh=https://raw.githubusercontent.com/ZibraMax/non-local-frequencies-nanostructures/refs/heads/main/Esferas_cubic_material_2\Sphere_10.0_1.0_0.6_20250616-210528.json&mode=6&magnif=6
5.323,1.0,128900000.0,48300000.0,67099999.99999999,2271.361795,Sphere_10.0_1.0_20250616-210826,Germanium cubic,10.0,0.6,0.1,3550.446942624478,1.9508273,2.0022454,2.3136648,2.5224062,2.7192108,2.7948871,3,2,2,3,3,1,https://zibramax.github.io/FEMViewer/?mesh=https://raw.githubusercontent.com/ZibraMax/non-local-frequencies-nanostructures/refs/heads/main/Esferas_cubic_material_2\Sphere_10.0_1.0_0.6_20250616-210826.json&mode=6&magnif=6
2.329,1.0,166000000.0,63900000.0,79600000.0,2267.446659,Sphere_10.0_1.0_20250616-210828,Silicon cubic,10.0,0.6,0.1,5846.174706140654,2.0024828,2.0678048,2.3171566,2.5308053,2.80702,2.8839419,3,2,2,3,3,1,https://zibramax.github.io/FEMViewer/?mesh=https://raw.githubusercontent.com/ZibraMax/non-local-frequencies-nanostructures/refs/heads/main/Esferas_cubic_material_2\Sphere_10.0_1.0_0.6_20250616-210828.json&mode=6&magnif=6
3.515,1.0,1079000000.0,124000000.0,578000000.0,2241.187867,Sphere_10.0_1.0_20250616-210528,Carbon cubic,10.0,0.7,0.1,12823.342868880141,2.2475068,2.336082,2.3750359,2.5503893,2.7604442,3.0351466,3,2,2,3,3,1,https://zibramax.github.io/FEMViewer/?mesh=https://raw.githubusercontent.com/ZibraMax/non-local-frequencies-nanostructures/refs/heads/main/Esferas_cubic_material_2\Sphere_10.0_1.0_0.7_20250616-210528.json&mode=6&magnif=6
5.323,1.0,128900000.0,48300000.0,67099999.99999999,2271.361795,Sphere_10.0_1.0_20250616-210826,Germanium cubic,10.0,0.7,0.1,3550.446942624478,1.9917348,2.0273207,2.3599062,2.5551148,2.7735559,2.8738113,3,2,2,3,3,1,https://zibramax.github.io/FEMViewer/?mesh=https://raw.githubusercontent.com/ZibraMax/non-local-frequencies-nanostructures/refs/heads/main/Esferas_cubic_material_2\Sphere_10.0_1.0_0.7_20250616-210826.json&mode=6&magnif=6
2.329,1.0,166000000.0,63900000.0,79600000.0,2267.446659,Sphere_10.0_1.0_20250616-210828,Silicon cubic,10.0,0.7,0.1,5846.174706140654,2.0444022,2.0936433,2.3635419,2.5632908,2.8628781,2.9651775,3,2,2,3,3,1,https://zibramax.github.io/FEMViewer/?mesh=https://raw.githubusercontent.com/ZibraMax/non-local-frequencies-nanostructures/refs/heads/main/Esferas_cubic_material_2\Sphere_10.0_1.0_0.7_20250616-210828.json&mode=6&magnif=6
3.515,1.0,1079000000.0,124000000.0,578000000.0,2241.187867,Sphere_10.0_1.0_20250616-210528,Carbon cubic,10.0,0.8,0.1,12823.342868880141,2.2922209,2.3649942,2.420956,2.583008,2.8138307,3.0714904,3,2,2,3,3,1,https://zibramax.github.io/FEMViewer/?mesh=https://raw.githubusercontent.com/ZibraMax/non-local-frequencies-nanostructures/refs/heads/main/Esferas_cubic_material_2\Sphere_10.0_1.0_0.8_20250616-210528.json&mode=6&magnif=6
5.323,1.0,128900000.0,48300000.0,67099999.99999999,2271.361795,Sphere_10.0_1.0_20250616-210826,Germanium cubic,10.0,0.8,0.1,3550.446942624478,2.0317987,2.0518223,2.4052281,2.586874,2.8266231,2.9505967,3,2,2,3,3,1,https://zibramax.github.io/FEMViewer/?mesh=https://raw.githubusercontent.com/ZibraMax/non-local-frequencies-nanostructures/refs/heads/main/Esferas_cubic_material_2\Sphere_10.0_1.0_0.8_20250616-210826.json&mode=6&magnif=6
2.329,1.0,166000000.0,63900000.0,79600000.0,2267.446659,Sphere_10.0_1.0_20250616-210828,Silicon cubic,10.0,0.8,0.1,5846.174706140654,2.0854588,2.1188933,2.4090048,2.5948807,2.9174381,3.0442158,3,2,2,3,3,1,https://zibramax.github.io/FEMViewer/?mesh=https://raw.githubusercontent.com/ZibraMax/non-local-frequencies-nanostructures/refs/heads/main/Esferas_cubic_material_2\Sphere_10.0_1.0_0.8_20250616-210828.json&mode=6&magnif=6
3.515,1.0,1079000000.0,124000000.0,578000000.0,2241.187867,Sphere_10.0_1.0_20250616-210528,Carbon cubic,10.0,0.9,0.1,12823.342868880141,2.3360637,2.3931897,2.4660017,2.614713,2.8661788,3.1073725,3,2,2,3,3,1,https://zibramax.github.io/FEMViewer/?mesh=https://raw.githubusercontent.com/ZibraMax/non-local-frequencies-nanostructures/refs/heads/main/Esferas_cubic_material_2\Sphere_10.0_1.0_0.9_20250616-210528.json&mode=6&magnif=6
5.323,1.0,128900000.0,48300000.0,67099999.99999999,2271.361795,Sphere_10.0_1.0_20250616-210826,Germanium cubic,10.0,0.9,0.1,3550.446942624478,2.0710729,2.0758222,2.4496898,2.6178243,2.8785399,3.025414,3,2,2,3,3,1,https://zibramax.github.io/FEMViewer/?mesh=https://raw.githubusercontent.com/ZibraMax/non-local-frequencies-nanostructures/refs/heads/main/Esferas_cubic_material_2\Sphere_10.0_1.0_0.9_20250616-210826.json&mode=6&magnif=6
2.329,1.0,166000000.0,63900000.0,79600000.0,2267.446659,Sphere_10.0_1.0_20250616-210828,Silicon cubic,10.0,0.9,0.1,5846.174706140654,2.1257078,2.1436285,2.4536044,2.6257031,2.9708279,3.1212322,3,2,2,3,3,1,https://zibramax.github.io/FEMViewer/?mesh=https://raw.githubusercontent.com/ZibraMax/non-local-frequencies-nanostructures/refs/heads/main/Esferas_cubic_material_2\Sphere_10.0_1.0_0.9_20250616-210828.json&mode=6&magnif=6
3.515,1.0,1079000000.0,124000000.0,578000000.0,2241.187867,Sphere_10.0_1.0_20250616-210528,Carbon cubic,10.0,1.0,0.1,12823.342868880141,2.3790871,2.4207608,2.5102247,2.6456307,2.9175536,3.1428171,3,2,2,3,3,1,https://zibramax.github.io/FEMViewer/?mesh=https://raw.githubusercontent.com/ZibraMax/non-local-frequencies-nanostructures/refs/heads/main/Esferas_cubic_material_2\Sphere_10.0_1.0_1.0_20250616-210528.json&mode=6&magnif=6
5.323,1.0,128900000.0,48300000.0,67099999.99999999,2271.361795,Sphere_10.0_1.0_20250616-210826,Germanium cubic,10.0,1.0,0.1,3550.446942624478,2.0993759,2.1096048,2.4933425,2.6480722,2.929406,3.098411,2,3,2,3,3,1,https://zibramax.github.io/FEMViewer/?mesh=https://raw.githubusercontent.com/ZibraMax/non-local-frequencies-nanostructures/refs/heads/main/Esferas_cubic_material_2\Sphere_10.0_1.0_1.0_20250616-210826.json&mode=6&magnif=6
2.329,1.0,166000000.0,63900000.0,79600000.0,2267.446659,Sphere_10.0_1.0_20250616-210828,Silicon cubic,10.0,1.0,0.1,5846.174706140654,2.1651974,2.1679056,2.4973919,2.6558555,3.0231471,3.1963782,3,2,2,3,3,1,https://zibramax.github.io/FEMViewer/?mesh=https://raw.githubusercontent.com/ZibraMax/non-local-frequencies-nanostructures/refs/heads/main/Esferas_cubic_material_2\Sphere_10.0_1.0_1.0_20250616-210828.json&mode=6&magnif=6
2.329,2.0,166000000.0,63900000.0,79600000.0,9689.259391,Sphere_10.0_2.0_20250616-153516,Silicon cubic,10.0,0.0,0.2,5846.174706140654,0.862173,0.8638638,0.8656238,0.8681095,0.8721313,-,2,3,3,3,3,-,https://zibramax.github.io/FEMViewer/?mesh=https://raw.githubusercontent.com/ZibraMax/non-local-frequencies-nanostructures/refs/heads/main/Esferas_cubic_material_2\Sphere_10.0_2.0_0.0_20250616-153516.json&mode=6&magnif=6
5.323,2.0,128900000.0,48300000.0,67099999.99999999,9730.441463,Sphere_10.0_2.0_20250616-153523,Germanium cubic,10.0,0.0,0.2,3550.446942624478,0.8494018,0.8505662,0.8509977,0.8548534,0.8563363,-,2,3,3,3,3,-,https://zibramax.github.io/FEMViewer/?mesh=https://raw.githubusercontent.com/ZibraMax/non-local-frequencies-nanostructures/refs/heads/main/Esferas_cubic_material_2\Sphere_10.0_2.0_0.0_20250616-153523.json&mode=6&magnif=6
3.515,2.0,1079000000.0,124000000.0,578000000.0,9702.614828,Sphere_10.0_2.0_20250616-153535,Carbon cubic,10.0,0.0,0.2,12823.342868880141,0.8483023,0.8495297,0.8533402,0.8540973,0.8588965,-,2,3,3,3,3,-,https://zibramax.github.io/FEMViewer/?mesh=https://raw.githubusercontent.com/ZibraMax/non-local-frequencies-nanostructures/refs/heads/main/Esferas_cubic_material_2\Sphere_10.0_2.0_0.0_20250616-153535.json&mode=6&magnif=6
2.329,2.0,166000000.0,63900000.0,79600000.0,9689.259391,Sphere_10.0_2.0_20250616-153516,Silicon cubic,10.0,0.1,0.2,5846.174706140654,1.4317838,1.6116122,1.6561197,1.7833901,1.8965363,1.9315974,3,2,2,1,3,1,https://zibramax.github.io/FEMViewer/?mesh=https://raw.githubusercontent.com/ZibraMax/non-local-frequencies-nanostructures/refs/heads/main/Esferas_cubic_material_2\Sphere_10.0_2.0_0.1_20250616-153516.json&mode=6&magnif=6
5.323,2.0,128900000.0,48300000.0,67099999.99999999,9730.441463,Sphere_10.0_2.0_20250616-153523,Germanium cubic,10.0,0.1,0.2,3550.446942624478,1.3945789,1.5600879,1.6528907,1.728179,1.868196,1.869828,3,2,2,1,3,1,https://zibramax.github.io/FEMViewer/?mesh=https://raw.githubusercontent.com/ZibraMax/non-local-frequencies-nanostructures/refs/heads/main/Esferas_cubic_material_2\Sphere_10.0_2.0_0.1_20250616-153523.json&mode=6&magnif=6
3.515,2.0,1079000000.0,124000000.0,578000000.0,9702.614828,Sphere_10.0_2.0_20250616-153535,Carbon cubic,10.0,0.1,0.2,12823.342868880141,1.5756368,1.665604,1.7459285,1.8748915,1.9259624,2.0084206,3,2,2,3,3,1,https://zibramax.github.io/FEMViewer/?mesh=https://raw.githubusercontent.com/ZibraMax/non-local-frequencies-nanostructures/refs/heads/main/Esferas_cubic_material_2\Sphere_10.0_2.0_0.1_20250616-153535.json&mode=6&magnif=6
2.329,2.0,166000000.0,63900000.0,79600000.0,9689.259391,Sphere_10.0_2.0_20250616-153516,Silicon cubic,10.0,0.2,0.2,5846.174706140654,1.5362081,1.7123018,1.7749405,1.9999765,2.0541732,2.123161,3,2,2,1,3,1,https://zibramax.github.io/FEMViewer/?mesh=https://raw.githubusercontent.com/ZibraMax/non-local-frequencies-nanostructures/refs/heads/main/Esferas_cubic_material_2\Sphere_10.0_2.0_0.2_20250616-153516.json&mode=6&magnif=6
5.323,2.0,128900000.0,48300000.0,67099999.99999999,9730.441463,Sphere_10.0_2.0_20250616-153523,Germanium cubic,10.0,0.2,0.2,3550.446942624478,1.4964546,1.6578524,1.7718963,1.938266,2.0350193,2.055735,3,2,2,1,3,1,https://zibramax.github.io/FEMViewer/?mesh=https://raw.githubusercontent.com/ZibraMax/non-local-frequencies-nanostructures/refs/heads/main/Esferas_cubic_material_2\Sphere_10.0_2.0_0.2_20250616-153523.json&mode=6&magnif=6
3.515,2.0,1079000000.0,124000000.0,578000000.0,9702.614828,Sphere_10.0_2.0_20250616-153535,Carbon cubic,10.0,0.2,0.2,12823.342868880141,1.6896029,1.7841409,1.8757935,2.0277693,2.0711953,2.2502872,3,2,2,3,3,1,https://zibramax.github.io/FEMViewer/?mesh=https://raw.githubusercontent.com/ZibraMax/non-local-frequencies-nanostructures/refs/heads/main/Esferas_cubic_material_2\Sphere_10.0_2.0_0.2_20250616-153535.json&mode=6&magnif=6
2.329,2.0,166000000.0,63900000.0,79600000.0,9689.259391,Sphere_10.0_2.0_20250616-153516,Silicon cubic,10.0,0.3,0.2,5846.174706140654,1.6323837,1.7924469,1.8837366,2.1683876,2.1930868,2.2723477,3,2,2,3,1,1,https://zibramax.github.io/FEMViewer/?mesh=https://raw.githubusercontent.com/ZibraMax/non-local-frequencies-nanostructures/refs/heads/main/Esferas_cubic_material_2\Sphere_10.0_2.0_0.3_20250616-153516.json&mode=6&magnif=6
5.323,2.0,128900000.0,48300000.0,67099999.99999999,9730.441463,Sphere_10.0_2.0_20250616-153523,Germanium cubic,10.0,0.3,0.2,3550.446942624478,1.5902623,1.7355945,1.8806816,2.1256234,2.1542154,2.200895,3,2,2,1,3,1,https://zibramax.github.io/FEMViewer/?mesh=https://raw.githubusercontent.com/ZibraMax/non-local-frequencies-nanostructures/refs/heads/main/Esferas_cubic_material_2\Sphere_10.0_2.0_0.3_20250616-153523.json&mode=6&magnif=6
3.515,2.0,1079000000.0,124000000.0,578000000.0,9702.614828,Sphere_10.0_2.0_20250616-153535,Carbon cubic,10.0,0.3,0.2,12823.342868880141,1.7946461,1.8930914,1.9765045,2.1456362,2.2013247,2.4657956,3,2,2,3,3,1,https://zibramax.github.io/FEMViewer/?mesh=https://raw.githubusercontent.com/ZibraMax/non-local-frequencies-nanostructures/refs/heads/main/Esferas_cubic_material_2\Sphere_10.0_2.0_0.3_20250616-153535.json&mode=6&magnif=6
2.329,2.0,166000000.0,63900000.0,79600000.0,9689.259391,Sphere_10.0_2.0_20250616-153516,Silicon cubic,10.0,0.4,0.2,5846.174706140654,1.7226346,1.8616089,1.9856614,2.262238,2.3698236,2.4050582,3,2,2,3,1,1,https://zibramax.github.io/FEMViewer/?mesh=https://raw.githubusercontent.com/ZibraMax/non-local-frequencies-nanostructures/refs/heads/main/Esferas_cubic_material_2\Sphere_10.0_2.0_0.4_20250616-153516.json&mode=6&magnif=6
5.323,2.0,128900000.0,48300000.0,67099999.99999999,9730.441463,Sphere_10.0_2.0_20250616-153523,Germanium cubic,10.0,0.4,0.2,3550.446942624478,1.6782809,1.8026473,1.9825291,2.2505972,2.2970996,2.3299071,3,2,2,3,1,1,https://zibramax.github.io/FEMViewer/?mesh=https://raw.githubusercontent.com/ZibraMax/non-local-frequencies-nanostructures/refs/heads/main/Esferas_cubic_material_2\Sphere_10.0_2.0_0.4_20250616-153523.json&mode=6&magnif=6
3.515,2.0,1079000000.0,124000000.0,578000000.0,9702.614828,Sphere_10.0_2.0_20250616-153535,Carbon cubic,10.0,0.4,0.2,12823.342868880141,1.8932679,1.9953225,2.0610238,2.243387,2.3225476,2.6630614,3,2,2,3,3,1,https://zibramax.github.io/FEMViewer/?mesh=https://raw.githubusercontent.com/ZibraMax/non-local-frequencies-nanostructures/refs/heads/main/Esferas_cubic_material_2\Sphere_10.0_2.0_0.4_20250616-153535.json&mode=6&magnif=6
2.329,2.0,166000000.0,63900000.0,79600000.0,9689.259391,Sphere_10.0_2.0_20250616-153516,Silicon cubic,10.0,0.5,0.2,5846.174706140654,1.8081203,1.9240817,2.0821656,2.3446217,2.5279398,2.5339642,3,2,2,3,3,1,https://zibramax.github.io/FEMViewer/?mesh=https://raw.githubusercontent.com/ZibraMax/non-local-frequencies-nanostructures/refs/heads/main/Esferas_cubic_material_2\Sphere_10.0_2.0_0.5_20250616-153516.json&mode=6&magnif=6
5.323,2.0,128900000.0,48300000.0,67099999.99999999,9730.441463,Sphere_10.0_2.0_20250616-153523,Germanium cubic,10.0,0.5,0.2,3550.446942624478,1.761646,1.8631974,2.0789289,2.334423,2.44928,2.456352,3,2,2,3,3,1,https://zibramax.github.io/FEMViewer/?mesh=https://raw.githubusercontent.com/ZibraMax/non-local-frequencies-nanostructures/refs/heads/main/Esferas_cubic_material_2\Sphere_10.0_2.0_0.5_20250616-153523.json&mode=6&magnif=6
3.515,2.0,1079000000.0,124000000.0,578000000.0,9702.614828,Sphere_10.0_2.0_20250616-153535,Carbon cubic,10.0,0.5,0.2,12823.342868880141,1.9867159,2.0921939,2.1357256,2.3288278,2.4370239,2.803279,3,2,2,3,3,1,https://zibramax.github.io/FEMViewer/?mesh=https://raw.githubusercontent.com/ZibraMax/non-local-frequencies-nanostructures/refs/heads/main/Esferas_cubic_material_2\Sphere_10.0_2.0_0.5_20250616-153535.json&mode=6&magnif=6
2.329,2.0,166000000.0,63900000.0,79600000.0,9689.259391,Sphere_10.0_2.0_20250616-153516,Silicon cubic,10.0,0.6,0.2,5846.174706140654,1.8895968,1.982048,2.1741497,2.4196827,2.643706,2.6879459,3,2,2,3,3,1,https://zibramax.github.io/FEMViewer/?mesh=https://raw.githubusercontent.com/ZibraMax/non-local-frequencies-nanostructures/refs/heads/main/Esferas_cubic_material_2\Sphere_10.0_2.0_0.6_20250616-153516.json&mode=6&magnif=6
5.323,2.0,128900000.0,48300000.0,67099999.99999999,9730.441463,Sphere_10.0_2.0_20250616-153523,Germanium cubic,10.0,0.6,0.2,3550.446942624478,1.8410972,1.919371,2.1707968,2.410377,2.5616911,2.6057443,3,2,2,3,3,1,https://zibramax.github.io/FEMViewer/?mesh=https://raw.githubusercontent.com/ZibraMax/non-local-frequencies-nanostructures/refs/heads/main/Esferas_cubic_material_2\Sphere_10.0_2.0_0.6_20250616-153523.json&mode=6&magnif=6
3.515,2.0,1079000000.0,124000000.0,578000000.0,9702.614828,Sphere_10.0_2.0_20250616-153535,Carbon cubic,10.0,0.6,0.2,12823.342868880141,2.0758056,2.1845698,2.2039561,2.4061876,2.545973,2.8778922,3,2,2,3,3,1,https://zibramax.github.io/FEMViewer/?mesh=https://raw.githubusercontent.com/ZibraMax/non-local-frequencies-nanostructures/refs/heads/main/Esferas_cubic_material_2\Sphere_10.0_2.0_0.6_20250616-153535.json&mode=6&magnif=6
2.329,2.0,166000000.0,63900000.0,79600000.0,9689.259391,Sphere_10.0_2.0_20250616-153516,Silicon cubic,10.0,0.7,0.2,5846.174706140654,1.9676146,2.0367346,2.2622512,2.4896337,2.7538203,2.8334833,3,2,2,3,3,1,https://zibramax.github.io/FEMViewer/?mesh=https://raw.githubusercontent.com/ZibraMax/non-local-frequencies-nanostructures/refs/heads/main/Esferas_cubic_material_2\Sphere_10.0_2.0_0.7_20250616-153516.json&mode=6&magnif=6
5.323,2.0,128900000.0,48300000.0,67099999.99999999,9730.441463,Sphere_10.0_2.0_20250616-153523,Germanium cubic,10.0,0.7,0.2,3550.446942624478,1.9171724,1.9723614,2.2587772,2.4809114,2.6685834,2.7469403,3,2,2,3,3,1,https://zibramax.github.io/FEMViewer/?mesh=https://raw.githubusercontent.com/ZibraMax/non-local-frequencies-nanostructures/refs/heads/main/Esferas_cubic_material_2\Sphere_10.0_2.0_0.7_20250616-153523.json&mode=6&magnif=6
3.515,2.0,1079000000.0,124000000.0,578000000.0,9702.614828,Sphere_10.0_2.0_20250616-153535,Carbon cubic,10.0,0.7,0.2,12823.342868880141,2.1611317,2.267604,2.273071,2.4778815,2.6502187,2.9501613,3,2,2,3,3,1,https://zibramax.github.io/FEMViewer/?mesh=https://raw.githubusercontent.com/ZibraMax/non-local-frequencies-nanostructures/refs/heads/main/Esferas_cubic_material_2\Sphere_10.0_2.0_0.7_20250616-153535.json&mode=6&magnif=6
2.329,2.0,166000000.0,63900000.0,79600000.0,9689.259391,Sphere_10.0_2.0_20250616-153516,Silicon cubic,10.0,0.8,0.2,5846.174706140654,2.0425979,2.088889,2.3469535,2.5557747,2.8592135,2.9718468,3,2,2,3,3,1,https://zibramax.github.io/FEMViewer/?mesh=https://raw.githubusercontent.com/ZibraMax/non-local-frequencies-nanostructures/refs/heads/main/Esferas_cubic_material_2\Sphere_10.0_2.0_0.8_20250616-153516.json&mode=6&magnif=6
5.323,2.0,128900000.0,48300000.0,67099999.99999999,9730.441463,Sphere_10.0_2.0_20250616-153523,Germanium cubic,10.0,0.8,0.2,3550.446942624478,1.9902862,2.0228954,2.3433571,2.5474463,2.7708727,2.881173,3,2,2,3,3,1,https://zibramax.github.io/FEMViewer/?mesh=https://raw.githubusercontent.com/ZibraMax/non-local-frequencies-nanostructures/refs/heads/main/Esferas_cubic_material_2\Sphere_10.0_2.0_0.8_20250616-153523.json&mode=6&magnif=6
3.515,2.0,1079000000.0,124000000.0,578000000.0,9702.614828,Sphere_10.0_2.0_20250616-153535,Carbon cubic,10.0,0.8,0.2,12823.342868880141,2.2431539,2.3278106,2.3581731,2.5453708,2.7503703,3.0203888,3,2,2,3,3,1,https://zibramax.github.io/FEMViewer/?mesh=https://raw.githubusercontent.com/ZibraMax/non-local-frequencies-nanostructures/refs/heads/main/Esferas_cubic_material_2\Sphere_10.0_2.0_0.8_20250616-153535.json&mode=6&magnif=6
2.329,2.0,166000000.0,63900000.0,79600000.0,9689.259391,Sphere_10.0_2.0_20250616-153516,Silicon cubic,10.0,0.9,0.2,5846.174706140654,2.1148858,2.1389986,2.4286394,2.618928,2.9605412,3.1040123,3,2,2,3,3,1,https://zibramax.github.io/FEMViewer/?mesh=https://raw.githubusercontent.com/ZibraMax/non-local-frequencies-nanostructures/refs/heads/main/Esferas_cubic_material_2\Sphere_10.0_2.0_0.9_20250616-153516.json&mode=6&magnif=6
5.323,2.0,128900000.0,48300000.0,67099999.99999999,9730.441463,Sphere_10.0_2.0_20250616-153523,Germanium cubic,10.0,0.9,0.2,3550.446942624478,2.0607698,2.0714465,2.4249209,2.6108701,2.8692026,3.0093899,3,2,2,3,3,1,https://zibramax.github.io/FEMViewer/?mesh=https://raw.githubusercontent.com/ZibraMax/non-local-frequencies-nanostructures/refs/heads/main/Esferas_cubic_material_2\Sphere_10.0_2.0_0.9_20250616-153523.json&mode=6&magnif=6
3.515,2.0,1079000000.0,124000000.0,578000000.0,9702.614828,Sphere_10.0_2.0_20250616-153535,Carbon cubic,10.0,0.9,0.2,12823.342868880141,2.3222395,2.3853083,2.4402546,2.60959,2.8469027,3.0887969,3,2,2,3,3,1,https://zibramax.github.io/FEMViewer/?mesh=https://raw.githubusercontent.com/ZibraMax/non-local-frequencies-nanostructures/refs/heads/main/Esferas_cubic_material_2\Sphere_10.0_2.0_0.9_20250616-153535.json&mode=6&magnif=6
2.329,2.0,166000000.0,63900000.0,79600000.0,9689.259391,Sphere_10.0_2.0_20250616-153516,Silicon cubic,10.0,1.0,0.2,5846.174706140654,2.1847559,2.1873989,2.5076203,2.6796447,3.058297,3.2307505,3,2,2,3,3,1,https://zibramax.github.io/FEMViewer/?mesh=https://raw.githubusercontent.com/ZibraMax/non-local-frequencies-nanostructures/refs/heads/main/Esferas_cubic_material_2\Sphere_10.0_2.0_1.0_20250616-153516.json&mode=6&magnif=6
5.323,2.0,128900000.0,48300000.0,67099999.99999999,9730.441463,Sphere_10.0_2.0_20250616-153523,Germanium cubic,10.0,1.0,0.2,3550.446942624478,2.1183404,2.1288943,2.503781,2.6717733,2.9640562,3.1323392,2,3,2,3,3,1,https://zibramax.github.io/FEMViewer/?mesh=https://raw.githubusercontent.com/ZibraMax/non-local-frequencies-nanostructures/refs/heads/main/Esferas_cubic_material_2\Sphere_10.0_2.0_1.0_20250616-153523.json&mode=6&magnif=6
3.515,2.0,1079000000.0,124000000.0,578000000.0,9702.614828,Sphere_10.0_2.0_20250616-153535,Carbon cubic,10.0,1.0,0.2,12823.342868880141,2.3986898,2.4405927,2.5196249,2.6711669,2.9401984,3.1555582,3,2,2,3,3,1,https://zibramax.github.io/FEMViewer/?mesh=https://raw.githubusercontent.com/ZibraMax/non-local-frequencies-nanostructures/refs/heads/main/Esferas_cubic_material_2\Sphere_10.0_2.0_1.0_20250616-153535.json&mode=6&magnif=6
2.329,5.0,166000000.0,63900000.0,79600000.0,13804.19382,Sphere_10.0_5.0_20250616-153518,Silicon cubic,10.0,0.0,0.5,5846.174706140654,0.1419607,0.1422488,0.1427106,0.1434476,0.143825,0.1444096,3,2,3,3,2,1,https://zibramax.github.io/FEMViewer/?mesh=https://raw.githubusercontent.com/ZibraMax/non-local-frequencies-nanostructures/refs/heads/main/Esferas_cubic_material_2\Sphere_10.0_5.0_0.0_20250616-153518.json&mode=6&magnif=6
5.323,5.0,128900000.0,48300000.0,67099999.99999999,13806.902006,Sphere_10.0_5.0_20250616-153526,Germanium cubic,10.0,0.0,0.5,3550.446942624478,0.1398917,0.1401687,0.1405667,0.1407006,0.1410658,0.141609,3,2,3,3,2,1,https://zibramax.github.io/FEMViewer/?mesh=https://raw.githubusercontent.com/ZibraMax/non-local-frequencies-nanostructures/refs/heads/main/Esferas_cubic_material_2\Sphere_10.0_5.0_0.0_20250616-153526.json&mode=6&magnif=6
3.515,5.0,1079000000.0,124000000.0,578000000.0,13827.279815,Sphere_10.0_5.0_20250616-153540,Carbon cubic,10.0,0.0,0.5,12823.342868880141,0.1397069,0.1399414,0.1402988,0.1415178,0.1422824,0.14253,3,2,3,3,2,1,https://zibramax.github.io/FEMViewer/?mesh=https://raw.githubusercontent.com/ZibraMax/non-local-frequencies-nanostructures/refs/heads/main/Esferas_cubic_material_2\Sphere_10.0_5.0_0.0_20250616-153540.json&mode=6&magnif=6
2.329,5.0,166000000.0,63900000.0,79600000.0,13804.19382,Sphere_10.0_5.0_20250616-153518,Silicon cubic,10.0,0.1,0.5,5846.174706140654,0.8834919,1.015738,1.0214113,1.1363666,1.1942121,1.2100499,3,2,2,1,3,1,https://zibramax.github.io/FEMViewer/?mesh=https://raw.githubusercontent.com/ZibraMax/non-local-frequencies-nanostructures/refs/heads/main/Esferas_cubic_material_2\Sphere_10.0_5.0_0.1_20250616-153518.json&mode=6&magnif=6
5.323,5.0,128900000.0,48300000.0,67099999.99999999,13806.902006,Sphere_10.0_5.0_20250616-153526,Germanium cubic,10.0,0.1,0.5,3550.446942624478,0.8607844,0.9891966,1.0136353,1.1016477,1.1721856,1.1774538,3,2,2,1,3,1,https://zibramax.github.io/FEMViewer/?mesh=https://raw.githubusercontent.com/ZibraMax/non-local-frequencies-nanostructures/refs/heads/main/Esferas_cubic_material_2\Sphere_10.0_5.0_0.1_20250616-153526.json&mode=6&magnif=6
3.515,5.0,1079000000.0,124000000.0,578000000.0,13827.279815,Sphere_10.0_5.0_20250616-153540,Carbon cubic,10.0,0.1,0.5,12823.342868880141,0.9706659,1.0221132,1.0992295,1.1824393,1.184509,1.2757797,3,2,2,3,3,1,https://zibramax.github.io/FEMViewer/?mesh=https://raw.githubusercontent.com/ZibraMax/non-local-frequencies-nanostructures/refs/heads/main/Esferas_cubic_material_2\Sphere_10.0_5.0_0.1_20250616-153540.json&mode=6&magnif=6
2.329,5.0,166000000.0,63900000.0,79600000.0,13804.19382,Sphere_10.0_5.0_20250616-153518,Silicon cubic,10.0,0.2,0.5,5846.174706140654,1.1077973,1.248869,1.2732879,1.5006384,1.5194581,1.5377686,3,2,2,3,1,1,https://zibramax.github.io/FEMViewer/?mesh=https://raw.githubusercontent.com/ZibraMax/non-local-frequencies-nanostructures/refs/heads/main/Esferas_cubic_material_2\Sphere_10.0_5.0_0.2_20250616-153518.json&mode=6&magnif=6
5.323,5.0,128900000.0,48300000.0,67099999.99999999,13806.902006,Sphere_10.0_5.0_20250616-153526,Germanium cubic,10.0,0.2,0.5,3550.446942624478,1.0793886,1.2095369,1.2710524,1.4730963,1.4893241,1.4900676,3,2,2,1,3,1,https://zibramax.github.io/FEMViewer/?mesh=https://raw.githubusercontent.com/ZibraMax/non-local-frequencies-nanostructures/refs/heads/main/Esferas_cubic_material_2\Sphere_10.0_5.0_0.2_20250616-153526.json&mode=6&magnif=6
3.515,5.0,1079000000.0,124000000.0,578000000.0,13827.279815,Sphere_10.0_5.0_20250616-153540,Carbon cubic,10.0,0.2,0.5,12823.342868880141,1.2167649,1.2801889,1.3688913,1.4854049,1.4889458,1.7053596,3,2,2,3,3,1,https://zibramax.github.io/FEMViewer/?mesh=https://raw.githubusercontent.com/ZibraMax/non-local-frequencies-nanostructures/refs/heads/main/Esferas_cubic_material_2\Sphere_10.0_5.0_0.2_20250616-153540.json&mode=6&magnif=6
2.329,5.0,166000000.0,63900000.0,79600000.0,13804.19382,Sphere_10.0_5.0_20250616-153518,Silicon cubic,10.0,0.3,0.5,5846.174706140654,1.2928223,1.4147839,1.4853682,1.7148379,1.8013904,1.8235191,3,2,2,3,3,1,https://zibramax.github.io/FEMViewer/?mesh=https://raw.githubusercontent.com/ZibraMax/non-local-frequencies-nanostructures/refs/heads/main/Esferas_cubic_material_2\Sphere_10.0_5.0_0.3_20250616-153518.json&mode=6&magnif=6
5.323,5.0,128900000.0,48300000.0,67099999.99999999,13806.902006,Sphere_10.0_5.0_20250616-153526,Germanium cubic,10.0,0.3,0.5,3550.446942624478,1.2597033,1.3702057,1.4829046,1.7056739,1.7456717,1.7679143,3,2,2,3,3,1,https://zibramax.github.io/FEMViewer/?mesh=https://raw.githubusercontent.com/ZibraMax/non-local-frequencies-nanostructures/refs/heads/main/Esferas_cubic_material_2\Sphere_10.0_5.0_0.3_20250616-153526.json&mode=6&magnif=6
3.515,5.0,1079000000.0,124000000.0,578000000.0,13827.279815,Sphere_10.0_5.0_20250616-153540,Carbon cubic,10.0,0.3,0.5,12823.342868880141,1.4197919,1.4930155,1.5625355,1.7018173,1.738734,2.0463494,3,2,2,3,3,1,https://zibramax.github.io/FEMViewer/?mesh=https://raw.githubusercontent.com/ZibraMax/non-local-frequencies-nanostructures/refs/heads/main/Esferas_cubic_material_2\Sphere_10.0_5.0_0.3_20250616-153540.json&mode=6&magnif=6
2.329,5.0,166000000.0,63900000.0,79600000.0,13804.19382,Sphere_10.0_5.0_20250616-153518,Silicon cubic,10.0,0.4,0.5,5846.174706140654,1.4542719,1.5548142,1.6703834,1.8922204,2.0298879,2.0836137,3,2,2,3,3,1,https://zibramax.github.io/FEMViewer/?mesh=https://raw.githubusercontent.com/ZibraMax/non-local-frequencies-nanostructures/refs/heads/main/Esferas_cubic_material_2\Sphere_10.0_5.0_0.4_20250616-153518.json&mode=6&magnif=6
5.323,5.0,128900000.0,48300000.0,67099999.99999999,13806.902006,Sphere_10.0_5.0_20250616-153526,Germanium cubic,10.0,0.4,0.5,3550.446942624478,1.4170397,1.5057981,1.6676912,1.8839271,1.967188,2.0201001,3,2,2,3,3,1,https://zibramax.github.io/FEMViewer/?mesh=https://raw.githubusercontent.com/ZibraMax/non-local-frequencies-nanostructures/refs/heads/main/Esferas_cubic_material_2\Sphere_10.0_5.0_0.4_20250616-153526.json&mode=6&magnif=6
3.515,5.0,1079000000.0,124000000.0,578000000.0,13827.279815,Sphere_10.0_5.0_20250616-153540,Carbon cubic,10.0,0.4,0.5,12823.342868880141,1.5969644,1.6787629,1.7237258,1.8808489,1.9563928,2.2823432,3,2,2,3,3,1,https://zibramax.github.io/FEMViewer/?mesh=https://raw.githubusercontent.com/ZibraMax/non-local-frequencies-nanostructures/refs/heads/main/Esferas_cubic_material_2\Sphere_10.0_5.0_0.4_20250616-153540.json&mode=6&magnif=6
2.329,5.0,166000000.0,63900000.0,79600000.0,13804.19382,Sphere_10.0_5.0_20250616-153518,Silicon cubic,10.0,0.5,0.5,5846.174706140654,1.5994232,1.6797406,1.8367233,2.0489787,2.2347211,2.3146428,3,2,2,3,3,1,https://zibramax.github.io/FEMViewer/?mesh=https://raw.githubusercontent.com/ZibraMax/non-local-frequencies-nanostructures/refs/heads/main/Esferas_cubic_material_2\Sphere_10.0_5.0_0.5_20250616-153518.json&mode=6&magnif=6
5.323,5.0,128900000.0,48300000.0,67099999.99999999,13806.902006,Sphere_10.0_5.0_20250616-153526,Germanium cubic,10.0,0.5,0.5,3550.446942624478,1.5584912,1.6267643,1.8338134,2.0410727,2.16575,2.2441027,3,2,2,3,3,1,https://zibramax.github.io/FEMViewer/?mesh=https://raw.githubusercontent.com/ZibraMax/non-local-frequencies-nanostructures/refs/heads/main/Esferas_cubic_material_2\Sphere_10.0_5.0_0.5_20250616-153526.json&mode=6&magnif=6
3.515,5.0,1079000000.0,124000000.0,578000000.0,13827.279815,Sphere_10.0_5.0_20250616-153540,Carbon cubic,10.0,0.5,0.5,12823.342868880141,1.7562605,1.8457945,1.8663621,2.0386641,2.1519657,2.4511357,3,2,2,3,3,1,https://zibramax.github.io/FEMViewer/?mesh=https://raw.githubusercontent.com/ZibraMax/non-local-frequencies-nanostructures/refs/heads/main/Esferas_cubic_material_2\Sphere_10.0_5.0_0.5_20250616-153540.json&mode=6&magnif=6
2.329,5.0,166000000.0,63900000.0,79600000.0,13804.19382,Sphere_10.0_5.0_20250616-153518,Silicon cubic,10.0,0.6,0.5,5846.174706140654,1.7324162,1.794264,1.9891394,2.1919133,2.4221,2.5246082,3,2,2,3,3,1,https://zibramax.github.io/FEMViewer/?mesh=https://raw.githubusercontent.com/ZibraMax/non-local-frequencies-nanostructures/refs/heads/main/Esferas_cubic_material_2\Sphere_10.0_5.0_0.6_20250616-153518.json&mode=6&magnif=6
5.323,5.0,128900000.0,48300000.0,67099999.99999999,13806.902006,Sphere_10.0_5.0_20250616-153526,Germanium cubic,10.0,0.6,0.5,3550.446942624478,1.6880933,1.7376579,1.9860238,2.1841711,2.3473854,2.4476814,3,2,2,3,3,1,https://zibramax.github.io/FEMViewer/?mesh=https://raw.githubusercontent.com/ZibraMax/non-local-frequencies-nanostructures/refs/heads/main/Esferas_cubic_material_2\Sphere_10.0_5.0_0.6_20250616-153526.json&mode=6&magnif=6
3.515,5.0,1079000000.0,124000000.0,578000000.0,13827.279815,Sphere_10.0_5.0_20250616-153540,Carbon cubic,10.0,0.6,0.5,12823.342868880141,1.9022195,1.996478,1.9988617,2.1822874,2.3311028,2.6080805,3,2,2,3,3,1,https://zibramax.github.io/FEMViewer/?mesh=https://raw.githubusercontent.com/ZibraMax/non-local-frequencies-nanostructures/refs/heads/main/Esferas_cubic_material_2\Sphere_10.0_5.0_0.6_20250616-153540.json&mode=6&magnif=6
2.329,5.0,166000000.0,63900000.0,79600000.0,13804.19382,Sphere_10.0_5.0_20250616-153518,Silicon cubic,10.0,0.7,0.5,5846.174706140654,1.8558821,1.900936,2.1306467,2.3246035,2.5958855,2.7183991,3,2,2,3,3,1,https://zibramax.github.io/FEMViewer/?mesh=https://raw.githubusercontent.com/ZibraMax/non-local-frequencies-nanostructures/refs/heads/main/Esferas_cubic_material_2\Sphere_10.0_5.0_0.7_20250616-153518.json&mode=6&magnif=6
5.323,5.0,128900000.0,48300000.0,67099999.99999999,13806.902006,Sphere_10.0_5.0_20250616-153526,Germanium cubic,10.0,0.7,0.5,3550.446942624478,1.8084104,1.8409499,2.1273365,2.3169073,2.5158403,2.6355768,3,2,2,3,3,1,https://zibramax.github.io/FEMViewer/?mesh=https://raw.githubusercontent.com/ZibraMax/non-local-frequencies-nanostructures/refs/heads/main/Esferas_cubic_material_2\Sphere_10.0_5.0_0.7_20250616-153526.json&mode=6&magnif=6
3.515,5.0,1079000000.0,124000000.0,578000000.0,13827.279815,Sphere_10.0_5.0_20250616-153540,Carbon cubic,10.0,0.7,0.5,12823.342868880141,2.0377268,2.1172906,2.1409835,2.3154395,2.4973776,2.7555744,3,2,2,3,3,1,https://zibramax.github.io/FEMViewer/?mesh=https://raw.githubusercontent.com/ZibraMax/non-local-frequencies-nanostructures/refs/heads/main/Esferas_cubic_material_2\Sphere_10.0_5.0_0.7_20250616-153540.json&mode=6&magnif=6
2.329,5.0,166000000.0,63900000.0,79600000.0,13804.19382,Sphere_10.0_5.0_20250616-153518,Silicon cubic,10.0,0.8,0.5,5846.174706140654,1.971619,2.0013446,2.2633039,2.4492232,2.7586847,2.8992625,3,2,2,3,3,1,https://zibramax.github.io/FEMViewer/?mesh=https://raw.githubusercontent.com/ZibraMax/non-local-frequencies-nanostructures/refs/heads/main/Esferas_cubic_material_2\Sphere_10.0_5.0_0.8_20250616-153518.json&mode=6&magnif=6
5.323,5.0,128900000.0,48300000.0,67099999.99999999,13806.902006,Sphere_10.0_5.0_20250616-153526,Germanium cubic,10.0,0.8,0.5,3550.446942624478,1.9211951,1.9381778,2.259809,2.4415051,2.6736433,2.8109375,3,2,2,3,3,1,https://zibramax.github.io/FEMViewer/?mesh=https://raw.githubusercontent.com/ZibraMax/non-local-frequencies-nanostructures/refs/heads/main/Esferas_cubic_material_2\Sphere_10.0_5.0_0.8_20250616-153526.json&mode=6&magnif=6
3.515,5.0,1079000000.0,124000000.0,578000000.0,13827.279815,Sphere_10.0_5.0_20250616-153540,Carbon cubic,10.0,0.8,0.5,12823.342868880141,2.1647543,2.2307653,2.2742234,2.4403755,2.6532255,2.8952446,3,2,2,3,3,1,https://zibramax.github.io/FEMViewer/?mesh=https://raw.githubusercontent.com/ZibraMax/non-local-frequencies-nanostructures/refs/heads/main/Esferas_cubic_material_2\Sphere_10.0_5.0_0.8_20250616-153540.json&mode=6&magnif=6
2.329,5.0,166000000.0,63900000.0,79600000.0,13804.19382,Sphere_10.0_5.0_20250616-153518,Silicon cubic,10.0,0.9,0.5,5846.174706140654,2.0809208,2.0965711,2.3885924,2.5672248,2.9123596,3.0694853,3,2,2,3,3,1,https://zibramax.github.io/FEMViewer/?mesh=https://raw.githubusercontent.com/ZibraMax/non-local-frequencies-nanostructures/refs/heads/main/Esferas_cubic_material_2\Sphere_10.0_5.0_0.9_20250616-153518.json&mode=6&magnif=6
5.323,5.0,128900000.0,48300000.0,67099999.99999999,13806.902006,Sphere_10.0_5.0_20250616-153526,Germanium cubic,10.0,0.9,0.5,3550.446942624478,2.0277085,2.0303886,2.3849214,2.5594433,2.8226004,2.975981,3,2,2,3,3,1,https://zibramax.github.io/FEMViewer/?mesh=https://raw.githubusercontent.com/ZibraMax/non-local-frequencies-nanostructures/refs/heads/main/Esferas_cubic_material_2\Sphere_10.0_5.0_0.9_20250616-153526.json&mode=6&magnif=6
3.515,5.0,1079000000.0,124000000.0,578000000.0,13827.279815,Sphere_10.0_5.0_20250616-153540,Carbon cubic,10.0,0.9,0.5,12823.342868880141,2.2847213,2.3382189,2.4000666,2.5585959,2.8003963,3.0282732,3,2,2,3,3,1,https://zibramax.github.io/FEMViewer/?mesh=https://raw.githubusercontent.com/ZibraMax/non-local-frequencies-nanostructures/refs/heads/main/Esferas_cubic_material_2\Sphere_10.0_5.0_0.9_20250616-153540.json&mode=6&magnif=6
2.329,5.0,166000000.0,63900000.0,79600000.0,13804.19382,Sphere_10.0_5.0_20250616-153518,Silicon cubic,10.0,1.0,0.5,5846.174706140654,2.1847559,2.1873989,2.5076203,2.6796447,3.058297,3.2307505,3,2,2,3,3,1,https://zibramax.github.io/FEMViewer/?mesh=https://raw.githubusercontent.com/ZibraMax/non-local-frequencies-nanostructures/refs/heads/main/Esferas_cubic_material_2\Sphere_10.0_5.0_1.0_20250616-153518.json&mode=6&magnif=6
5.323,5.0,128900000.0,48300000.0,67099999.99999999,13806.902006,Sphere_10.0_5.0_20250616-153526,Germanium cubic,10.0,1.0,0.5,3550.446942624478,2.1183404,2.1288943,2.503781,2.6717733,2.9640562,3.1323392,2,3,2,3,3,1,https://zibramax.github.io/FEMViewer/?mesh=https://raw.githubusercontent.com/ZibraMax/non-local-frequencies-nanostructures/refs/heads/main/Esferas_cubic_material_2\Sphere_10.0_5.0_1.0_20250616-153526.json&mode=6&magnif=6
3.515,5.0,1079000000.0,124000000.0,578000000.0,13827.279815,Sphere_10.0_5.0_20250616-153540,Carbon cubic,10.0,1.0,0.5,12823.342868880141,2.3986898,2.4405927,2.5196249,2.6711669,2.9401984,3.1555582,3,2,2,3,3,1,https://zibramax.github.io/FEMViewer/?mesh=https://raw.githubusercontent.com/ZibraMax/non-local-frequencies-nanostructures/refs/heads/main/Esferas_cubic_material_2\Sphere_10.0_5.0_1.0_20250616-153540.json&mode=6&magnif=6
2.329,8.0,166000000.0,63900000.0,79600000.0,13815.397404,Sphere_10.0_8.0_20250616-153520,Silicon cubic,10.0,0.0,0.8,5846.174706140654,0.0556434,0.0557582,0.0559426,0.0562284,0.0563638,0.0566048,3,2,3,3,2,1,https://zibramax.github.io/FEMViewer/?mesh=https://raw.githubusercontent.com/ZibraMax/non-local-frequencies-nanostructures/refs/heads/main/Esferas_cubic_material_2\Sphere_10.0_8.0_0.0_20250616-153520.json&mode=6&magnif=6
5.323,8.0,128900000.0,48300000.0,67099999.99999999,13811.414245,Sphere_10.0_8.0_20250616-153529,Germanium cubic,10.0,0.0,0.8,3550.446942624478,0.0548332,0.0549453,0.0551028,0.0551471,0.05528,0.0555042,3,2,3,3,2,1,https://zibramax.github.io/FEMViewer/?mesh=https://raw.githubusercontent.com/ZibraMax/non-local-frequencies-nanostructures/refs/heads/main/Esferas_cubic_material_2\Sphere_10.0_8.0_0.0_20250616-153529.json&mode=6&magnif=6
3.515,8.0,1079000000.0,124000000.0,578000000.0,13848.238942,Sphere_10.0_8.0_20250616-153545,Carbon cubic,10.0,0.0,0.8,12823.342868880141,0.0547612,0.0548522,0.0549994,0.0554837,0.0557963,0.0558923,3,2,3,3,2,1,https://zibramax.github.io/FEMViewer/?mesh=https://raw.githubusercontent.com/ZibraMax/non-local-frequencies-nanostructures/refs/heads/main/Esferas_cubic_material_2\Sphere_10.0_8.0_0.0_20250616-153545.json&mode=6&magnif=6
2.329,8.0,166000000.0,63900000.0,79600000.0,13815.397404,Sphere_10.0_8.0_20250616-153520,Silicon cubic,10.0,0.1,0.8,5846.174706140654,0.7520745,0.8615198,0.8638277,1.0330593,1.0453279,1.0482306,3,2,2,3,3,1,https://zibramax.github.io/FEMViewer/?mesh=https://raw.githubusercontent.com/ZibraMax/non-local-frequencies-nanostructures/refs/heads/main/Esferas_cubic_material_2\Sphere_10.0_8.0_0.1_20250616-153520.json&mode=6&magnif=6
5.323,8.0,128900000.0,48300000.0,67099999.99999999,13811.414245,Sphere_10.0_8.0_20250616-153529,Germanium cubic,10.0,0.1,0.8,3550.446942624478,0.732812,0.8344483,0.8623361,1.0129961,1.016278,1.0250007,3,2,2,3,1,1,https://zibramax.github.io/FEMViewer/?mesh=https://raw.githubusercontent.com/ZibraMax/non-local-frequencies-nanostructures/refs/heads/main/Esferas_cubic_material_2\Sphere_10.0_8.0_0.1_20250616-153529.json&mode=6&magnif=6
3.515,8.0,1079000000.0,124000000.0,578000000.0,13848.238942,Sphere_10.0_8.0_20250616-153545,Carbon cubic,10.0,0.1,0.8,12823.342868880141,0.8259046,0.8684508,0.9424023,1.0106935,1.0225208,1.1762367,3,2,2,3,3,1,https://zibramax.github.io/FEMViewer/?mesh=https://raw.githubusercontent.com/ZibraMax/non-local-frequencies-nanostructures/refs/heads/main/Esferas_cubic_material_2\Sphere_10.0_8.0_0.1_20250616-153545.json&mode=6&magnif=6
2.329,8.0,166000000.0,63900000.0,79600000.0,13815.397404,Sphere_10.0_8.0_20250616-153520,Silicon cubic,10.0,0.2,0.8,5846.174706140654,1.0166171,1.1062839,1.1673357,1.3431421,1.4188033,1.4616863,3,2,2,3,3,1,https://zibramax.github.io/FEMViewer/?mesh=https://raw.githubusercontent.com/ZibraMax/non-local-frequencies-nanostructures/refs/heads/main/Esferas_cubic_material_2\Sphere_10.0_8.0_0.2_20250616-153520.json&mode=6&magnif=6
5.323,8.0,128900000.0,48300000.0,67099999.99999999,13811.414245,Sphere_10.0_8.0_20250616-153529,Germanium cubic,10.0,0.2,0.8,3550.446942624478,0.9906014,1.0714592,1.1654492,1.3366261,1.3750147,1.4171471,3,2,2,3,3,1,https://zibramax.github.io/FEMViewer/?mesh=https://raw.githubusercontent.com/ZibraMax/non-local-frequencies-nanostructures/refs/heads/main/Esferas_cubic_material_2\Sphere_10.0_8.0_0.2_20250616-153529.json&mode=6&magnif=6
3.515,8.0,1079000000.0,124000000.0,578000000.0,13848.238942,Sphere_10.0_8.0_20250616-153545,Carbon cubic,10.0,0.2,0.8,12823.342868880141,1.1162924,1.1732121,1.2236383,1.3342217,1.3673486,1.6375822,3,2,2,3,3,1,https://zibramax.github.io/FEMViewer/?mesh=https://raw.githubusercontent.com/ZibraMax/non-local-frequencies-nanostructures/refs/heads/main/Esferas_cubic_material_2\Sphere_10.0_8.0_0.2_20250616-153545.json&mode=6&magnif=6
2.329,8.0,166000000.0,63900000.0,79600000.0,13815.397404,Sphere_10.0_8.0_20250616-153520,Silicon cubic,10.0,0.3,0.8,5846.174706140654,1.2251862,1.2960208,1.4066148,1.5796384,1.712085,1.7816291,3,2,2,3,3,1,https://zibramax.github.io/FEMViewer/?mesh=https://raw.githubusercontent.com/ZibraMax/non-local-frequencies-nanostructures/refs/heads/main/Esferas_cubic_material_2\Sphere_10.0_8.0_0.3_20250616-153520.json&mode=6&magnif=6
5.323,8.0,128900000.0,48300000.0,67099999.99999999,13811.414245,Sphere_10.0_8.0_20250616-153529,Germanium cubic,10.0,0.3,0.8,3550.446942624478,1.1938435,1.2551807,1.404392,1.5733321,1.6592802,1.7273483,3,2,2,3,3,1,https://zibramax.github.io/FEMViewer/?mesh=https://raw.githubusercontent.com/ZibraMax/non-local-frequencies-nanostructures/refs/heads/main/Esferas_cubic_material_2\Sphere_10.0_8.0_0.3_20250616-153529.json&mode=6&magnif=6
3.515,8.0,1079000000.0,124000000.0,578000000.0,13848.238942,Sphere_10.0_8.0_20250616-153545,Carbon cubic,10.0,0.3,0.8,12823.342868880141,1.3452512,1.4135499,1.4388715,1.5714771,1.6482895,1.89765,3,2,2,3,3,1,https://zibramax.github.io/FEMViewer/?mesh=https://raw.githubusercontent.com/ZibraMax/non-local-frequencies-nanostructures/refs/heads/main/Esferas_cubic_material_2\Sphere_10.0_8.0_0.3_20250616-153545.json&mode=6&magnif=6
2.329,8.0,166000000.0,63900000.0,79600000.0,13815.397404,Sphere_10.0_8.0_20250616-153520,Silicon cubic,10.0,0.4,0.8,5846.174706140654,1.4030574,1.4587732,1.6106864,1.7813336,1.9618764,2.052282,3,2,2,3,3,1,https://zibramax.github.io/FEMViewer/?mesh=https://raw.githubusercontent.com/ZibraMax/non-local-frequencies-nanostructures/refs/heads/main/Esferas_cubic_material_2\Sphere_10.0_8.0_0.4_20250616-153520.json&mode=6&magnif=6
5.323,8.0,128900000.0,48300000.0,67099999.99999999,13811.414245,Sphere_10.0_8.0_20250616-153529,Germanium cubic,10.0,0.4,0.8,3550.446942624478,1.3671708,1.4127762,1.6081696,1.7749307,1.9013871,1.9897596,3,2,2,3,3,1,https://zibramax.github.io/FEMViewer/?mesh=https://raw.githubusercontent.com/ZibraMax/non-local-frequencies-nanostructures/refs/heads/main/Esferas_cubic_material_2\Sphere_10.0_8.0_0.4_20250616-153529.json&mode=6&magnif=6
3.515,8.0,1079000000.0,124000000.0,578000000.0,13848.238942,Sphere_10.0_8.0_20250616-153545,Carbon cubic,10.0,0.4,0.8,12823.342868880141,1.5405168,1.6185448,1.6225169,1.7734414,1.8878141,2.1244959,3,2,2,3,3,1,https://zibramax.github.io/FEMViewer/?mesh=https://raw.githubusercontent.com/ZibraMax/non-local-frequencies-nanostructures/refs/heads/main/Esferas_cubic_material_2\Sphere_10.0_8.0_0.4_20250616-153545.json&mode=6&magnif=6
2.329,8.0,166000000.0,63900000.0,79600000.0,13815.397404,Sphere_10.0_8.0_20250616-153520,Silicon cubic,10.0,0.5,0.8,5846.174706140654,1.5607774,1.6041305,1.7916464,1.9609732,2.183227,2.2911818,3,2,2,3,3,1,https://zibramax.github.io/FEMViewer/?mesh=https://raw.githubusercontent.com/ZibraMax/non-local-frequencies-nanostructures/refs/heads/main/Esferas_cubic_material_2\Sphere_10.0_8.0_0.5_20250616-153520.json&mode=6&magnif=6
5.323,8.0,128900000.0,48300000.0,67099999.99999999,13811.414245,Sphere_10.0_8.0_20250616-153529,Germanium cubic,10.0,0.5,0.8,3550.446942624478,1.5208612,1.55353,1.7888657,1.9543711,2.115926,2.2213844,3,2,2,3,3,1,https://zibramax.github.io/FEMViewer/?mesh=https://raw.githubusercontent.com/ZibraMax/non-local-frequencies-nanostructures/refs/heads/main/Esferas_cubic_material_2\Sphere_10.0_8.0_0.5_20250616-153529.json&mode=6&magnif=6
3.515,8.0,1079000000.0,124000000.0,578000000.0,13848.238942,Sphere_10.0_8.0_20250616-153545,Carbon cubic,10.0,0.5,0.8,12823.342868880141,1.7136635,1.7861009,1.8003327,1.9531345,2.1001744,2.328738,3,2,2,3,3,1,https://zibramax.github.io/FEMViewer/?mesh=https://raw.githubusercontent.com/ZibraMax/non-local-frequencies-nanostructures/refs/heads/main/Esferas_cubic_material_2\Sphere_10.0_8.0_0.5_20250616-153545.json&mode=6&magnif=6
2.329,8.0,166000000.0,63900000.0,79600000.0,13815.397404,Sphere_10.0_8.0_20250616-153520,Silicon cubic,10.0,0.6,0.8,5846.174706140654,1.7039559,1.7369063,1.9559277,2.1248044,2.3840933,2.5074217,3,2,2,3,3,1,https://zibramax.github.io/FEMViewer/?mesh=https://raw.githubusercontent.com/ZibraMax/non-local-frequencies-nanostructures/refs/heads/main/Esferas_cubic_material_2\Sphere_10.0_8.0_0.6_20250616-153520.json&mode=6&magnif=6
5.323,8.0,128900000.0,48300000.0,67099999.99999999,13811.414245,Sphere_10.0_8.0_20250616-153529,Germanium cubic,10.0,0.6,0.8,3550.446942624478,1.6603812,1.6821023,1.9529058,2.1179631,2.3106096,2.4310391,3,2,2,3,3,1,https://zibramax.github.io/FEMViewer/?mesh=https://raw.githubusercontent.com/ZibraMax/non-local-frequencies-nanostructures/refs/heads/main/Esferas_cubic_material_2\Sphere_10.0_8.0_0.6_20250616-153529.json&mode=6&magnif=6
3.515,8.0,1079000000.0,124000000.0,578000000.0,13848.238942,Sphere_10.0_8.0_20250616-153545,Carbon cubic,10.0,0.6,0.8,12823.342868880141,1.8708482,1.9352967,1.9653706,2.116913,2.2929406,2.5161686,3,2,2,3,3,1,https://zibramax.github.io/FEMViewer/?mesh=https://raw.githubusercontent.com/ZibraMax/non-local-frequencies-nanostructures/refs/heads/main/Esferas_cubic_material_2\Sphere_10.0_8.0_0.6_20250616-153545.json&mode=6&magnif=6
2.329,8.0,166000000.0,63900000.0,79600000.0,13815.397404,Sphere_10.0_8.0_20250616-153520,Silicon cubic,10.0,0.7,0.8,5846.174706140654,1.836,1.8599784,2.1074374,2.2765093,2.5692925,2.7064389,3,2,2,3,3,1,https://zibramax.github.io/FEMViewer/?mesh=https://raw.githubusercontent.com/ZibraMax/non-local-frequencies-nanostructures/refs/heads/main/Esferas_cubic_material_2\Sphere_10.0_8.0_0.7_20250616-153520.json&mode=6&magnif=6
5.323,8.0,128900000.0,48300000.0,67099999.99999999,13811.414245,Sphere_10.0_8.0_20250616-153529,Germanium cubic,10.0,0.7,0.8,3550.446942624478,1.789051,1.8012792,2.104192,2.2694133,2.4901076,2.6239954,3,2,2,3,3,1,https://zibramax.github.io/FEMViewer/?mesh=https://raw.githubusercontent.com/ZibraMax/non-local-frequencies-nanostructures/refs/heads/main/Esferas_cubic_material_2\Sphere_10.0_8.0_0.7_20250616-153529.json&mode=6&magnif=6
3.515,8.0,1079000000.0,124000000.0,578000000.0,13848.238942,Sphere_10.0_8.0_20250616-153545,Carbon cubic,10.0,0.7,0.8,12823.342868880141,2.0158104,2.073453,2.1175812,2.2685081,2.4707072,2.6904181,3,2,2,3,3,1,https://zibramax.github.io/FEMViewer/?mesh=https://raw.githubusercontent.com/ZibraMax/non-local-frequencies-nanostructures/refs/heads/main/Esferas_cubic_material_2\Sphere_10.0_8.0_0.7_20250616-153545.json&mode=6&magnif=6
2.329,8.0,166000000.0,63900000.0,79600000.0,13815.397404,Sphere_10.0_8.0_20250616-153520,Silicon cubic,10.0,0.8,0.8,5846.174706140654,1.9591631,1.9752487,2.24876,2.4184988,2.7420049,2.8917915,3,2,2,3,3,1,https://zibramax.github.io/FEMViewer/?mesh=https://raw.githubusercontent.com/ZibraMax/non-local-frequencies-nanostructures/refs/heads/main/Esferas_cubic_material_2\Sphere_10.0_8.0_0.8_20250616-153520.json&mode=6&magnif=6
5.323,8.0,128900000.0,48300000.0,67099999.99999999,13811.414245,Sphere_10.0_8.0_20250616-153529,Germanium cubic,10.0,0.8,0.8,3550.446942624478,1.9090668,1.9129019,2.2453052,2.4111431,2.6575027,2.8037032,3,2,2,3,3,1,https://zibramax.github.io/FEMViewer/?mesh=https://raw.githubusercontent.com/ZibraMax/non-local-frequencies-nanostructures/refs/heads/main/Esferas_cubic_material_2\Sphere_10.0_8.0_0.8_20250616-153529.json&mode=6&magnif=6
3.515,8.0,1079000000.0,124000000.0,578000000.0,13848.238942,Sphere_10.0_8.0_20250616-153545,Carbon cubic,10.0,0.8,0.8,12823.342868880141,2.1510237,2.2027632,2.2595595,2.4103552,2.6365119,2.8539564,3,2,2,3,3,1,https://zibramax.github.io/FEMViewer/?mesh=https://raw.githubusercontent.com/ZibraMax/non-local-frequencies-nanostructures/refs/heads/main/Esferas_cubic_material_2\Sphere_10.0_8.0_0.8_20250616-153545.json&mode=6&magnif=6
2.329,8.0,166000000.0,63900000.0,79600000.0,13815.397404,Sphere_10.0_8.0_20250616-153520,Silicon cubic,10.0,0.9,0.8,5846.174706140654,2.0750279,2.0840585,2.3817101,2.5524628,2.904461,3.0659589,3,2,2,3,3,1,https://zibramax.github.io/FEMViewer/?mesh=https://raw.githubusercontent.com/ZibraMax/non-local-frequencies-nanostructures/refs/heads/main/Esferas_cubic_material_2\Sphere_10.0_8.0_0.9_20250616-153520.json&mode=6&magnif=6
5.323,8.0,128900000.0,48300000.0,67099999.99999999,13811.414245,Sphere_10.0_8.0_20250616-153529,Germanium cubic,10.0,0.9,0.8,3550.446942624478,2.0182691,2.0219705,2.378058,2.5448478,2.814957,2.9725663,2,3,2,3,3,1,https://zibramax.github.io/FEMViewer/?mesh=https://raw.githubusercontent.com/ZibraMax/non-local-frequencies-nanostructures/refs/heads/main/Esferas_cubic_material_2\Sphere_10.0_8.0_0.9_20250616-153529.json&mode=6&magnif=6
3.515,8.0,1079000000.0,124000000.0,578000000.0,13848.238942,Sphere_10.0_8.0_20250616-153545,Carbon cubic,10.0,0.9,0.8,12823.342868880141,2.2782251,2.3247659,2.393128,2.5441578,2.7924872,3.0085597,3,2,2,3,3,1,https://zibramax.github.io/FEMViewer/?mesh=https://raw.githubusercontent.com/ZibraMax/non-local-frequencies-nanostructures/refs/heads/main/Esferas_cubic_material_2\Sphere_10.0_8.0_0.9_20250616-153545.json&mode=6&magnif=6
2.329,8.0,166000000.0,63900000.0,79600000.0,13815.397404,Sphere_10.0_8.0_20250616-153520,Silicon cubic,10.0,1.0,0.8,5846.174706140654,2.1847559,2.1873989,2.5076203,2.6796447,3.058297,3.2307505,3,2,2,3,3,1,https://zibramax.github.io/FEMViewer/?mesh=https://raw.githubusercontent.com/ZibraMax/non-local-frequencies-nanostructures/refs/heads/main/Esferas_cubic_material_2\Sphere_10.0_8.0_1.0_20250616-153520.json&mode=6&magnif=6
5.323,8.0,128900000.0,48300000.0,67099999.99999999,13811.414245,Sphere_10.0_8.0_20250616-153529,Germanium cubic,10.0,1.0,0.8,3550.446942624478,2.1183404,2.1288943,2.503781,2.6717733,2.9640562,3.1323392,2,3,2,3,3,1,https://zibramax.github.io/FEMViewer/?mesh=https://raw.githubusercontent.com/ZibraMax/non-local-frequencies-nanostructures/refs/heads/main/Esferas_cubic_material_2\Sphere_10.0_8.0_1.0_20250616-153529.json&mode=6&magnif=6
3.515,8.0,1079000000.0,124000000.0,578000000.0,13848.238942,Sphere_10.0_8.0_20250616-153545,Carbon cubic,10.0,1.0,0.8,12823.342868880141,2.3986898,2.4405927,2.5196249,2.6711669,2.9401984,3.1555582,3,2,2,3,3,1,https://zibramax.github.io/FEMViewer/?mesh=https://raw.githubusercontent.com/ZibraMax/non-local-frequencies-nanostructures/refs/heads/main/Esferas_cubic_material_2\Sphere_10.0_8.0_1.0_20250616-153545.json&mode=6&magnif=6
3.515,1.0,1079000000.0,124000000.0,578000000.0,8620.237948,Sphere_15.0_1.0_20250616-214530,Carbon cubic,15.0,0.0,0.06666666666666667,12823.342868880141,2.0349722,2.1646035,2.1948271,2.3861724,2.51078,2.8593015,3,2,2,3,3,1,https://zibramax.github.io/FEMViewer/?mesh=https://raw.githubusercontent.com/ZibraMax/non-local-frequencies-nanostructures/refs/heads/main/Esferas_cubic_material_2\Sphere_15.0_1.0_0.0_20250616-214530.json&mode=6&magnif=6
5.323,1.0,128900000.0,48300000.0,67099999.99999999,8635.840861,Sphere_15.0_1.0_20250616-214907,Germanium cubic,15.0,0.0,0.06666666666666667,3550.446942624478,1.7999319,1.9069834,2.1528362,2.3990195,2.5156465,2.5221687,3,2,2,3,1,1,https://zibramax.github.io/FEMViewer/?mesh=https://raw.githubusercontent.com/ZibraMax/non-local-frequencies-nanostructures/refs/heads/main/Esferas_cubic_material_2\Sphere_15.0_1.0_0.0_20250616-214907.json&mode=6&magnif=6
2.329,1.0,166000000.0,63900000.0,79600000.0,8620.667539,Sphere_15.0_1.0_20250616-214911,Silicon cubic,15.0,0.0,0.06666666666666667,5846.174706140654,1.8480338,1.9698109,2.1556603,2.4082197,2.5972857,2.6052037,3,2,2,3,1,1,https://zibramax.github.io/FEMViewer/?mesh=https://raw.githubusercontent.com/ZibraMax/non-local-frequencies-nanostructures/refs/heads/main/Esferas_cubic_material_2\Sphere_15.0_1.0_0.0_20250616-214911.json&mode=6&magnif=6
3.515,1.0,1079000000.0,124000000.0,578000000.0,8620.237948,Sphere_15.0_1.0_20250616-214530,Carbon cubic,15.0,0.1,0.06666666666666667,12823.342868880141,2.0705564,2.2017806,2.2183443,2.4135564,2.5536839,2.8886944,3,2,2,3,3,1,https://zibramax.github.io/FEMViewer/?mesh=https://raw.githubusercontent.com/ZibraMax/non-local-frequencies-nanostructures/refs/heads/main/Esferas_cubic_material_2\Sphere_15.0_1.0_0.1_20250616-214530.json&mode=6&magnif=6
5.323,1.0,128900000.0,48300000.0,67099999.99999999,8635.840861,Sphere_15.0_1.0_20250616-214907,Germanium cubic,15.0,0.1,0.06666666666666667,3550.446942624478,1.8317475,1.9262736,2.1893653,2.424947,2.5648913,2.5778161,3,2,2,3,3,1,https://zibramax.github.io/FEMViewer/?mesh=https://raw.githubusercontent.com/ZibraMax/non-local-frequencies-nanostructures/refs/heads/main/Esferas_cubic_material_2\Sphere_15.0_1.0_0.1_20250616-214907.json&mode=6&magnif=6
2.329,1.0,166000000.0,63900000.0,79600000.0,8620.667539,Sphere_15.0_1.0_20250616-214911,Silicon cubic,15.0,0.1,0.06666666666666667,5846.174706140654,1.8806375,1.9896733,2.1923376,2.4337989,2.6491001,2.6612882,3,2,2,3,3,1,https://zibramax.github.io/FEMViewer/?mesh=https://raw.githubusercontent.com/ZibraMax/non-local-frequencies-nanostructures/refs/heads/main/Esferas_cubic_material_2\Sphere_15.0_1.0_0.1_20250616-214911.json&mode=6&magnif=6
3.515,1.0,1079000000.0,124000000.0,578000000.0,8620.237948,Sphere_15.0_1.0_20250616-214530,Carbon cubic,15.0,0.2,0.06666666666666667,12823.342868880141,2.1048649,2.2372842,2.2406105,2.4391137,2.5943361,2.9168364,3,2,2,3,3,1,https://zibramax.github.io/FEMViewer/?mesh=https://raw.githubusercontent.com/ZibraMax/non-local-frequencies-nanostructures/refs/heads/main/Esferas_cubic_material_2\Sphere_15.0_1.0_0.2_20250616-214530.json&mode=6&magnif=6
5.323,1.0,128900000.0,48300000.0,67099999.99999999,8635.840861,Sphere_15.0_1.0_20250616-214907,Germanium cubic,15.0,0.2,0.06666666666666667,3550.446942624478,1.8624623,1.9446842,2.2242027,2.4492905,2.6046972,2.6367821,3,2,2,3,3,1,https://zibramax.github.io/FEMViewer/?mesh=https://raw.githubusercontent.com/ZibraMax/non-local-frequencies-nanostructures/refs/heads/main/Esferas_cubic_material_2\Sphere_15.0_1.0_0.2_20250616-214907.json&mode=6&magnif=6
2.329,1.0,166000000.0,63900000.0,79600000.0,8620.667539,Sphere_15.0_1.0_20250616-214911,Silicon cubic,15.0,0.2,0.06666666666666667,5846.174706140654,1.9121138,2.0086286,2.2273305,2.457869,2.6899646,2.7219538,3,2,2,3,3,1,https://zibramax.github.io/FEMViewer/?mesh=https://raw.githubusercontent.com/ZibraMax/non-local-frequencies-nanostructures/refs/heads/main/Esferas_cubic_material_2\Sphere_15.0_1.0_0.2_20250616-214911.json&mode=6&magnif=6
3.515,1.0,1079000000.0,124000000.0,578000000.0,8620.237948,Sphere_15.0_1.0_20250616-214530,Carbon cubic,15.0,0.3,0.06666666666666667,12823.342868880141,2.1384862,2.2621505,2.2720532,2.463676,2.6340608,2.9445218,3,2,2,3,3,1,https://zibramax.github.io/FEMViewer/?mesh=https://raw.githubusercontent.com/ZibraMax/non-local-frequencies-nanostructures/refs/heads/main/Esferas_cubic_material_2\Sphere_15.0_1.0_0.3_20250616-214530.json&mode=6&magnif=6
5.323,1.0,128900000.0,48300000.0,67099999.99999999,8635.840861,Sphere_15.0_1.0_20250616-214907,Germanium cubic,15.0,0.3,0.06666666666666667,3550.446942624478,1.8925614,1.962624,2.2583126,2.4727974,2.6432753,2.6941191,3,2,2,3,3,1,https://zibramax.github.io/FEMViewer/?mesh=https://raw.githubusercontent.com/ZibraMax/non-local-frequencies-nanostructures/refs/heads/main/Esferas_cubic_material_2\Sphere_15.0_1.0_0.3_20250616-214907.json&mode=6&magnif=6
2.329,1.0,166000000.0,63900000.0,79600000.0,8620.667539,Sphere_15.0_1.0_20250616-214911,Silicon cubic,15.0,0.3,0.06666666666666667,5846.174706140654,1.9429593,2.0271012,2.261594,2.4811562,2.7295796,2.7809397,3,2,2,3,3,1,https://zibramax.github.io/FEMViewer/?mesh=https://raw.githubusercontent.com/ZibraMax/non-local-frequencies-nanostructures/refs/heads/main/Esferas_cubic_material_2\Sphere_15.0_1.0_0.3_20250616-214911.json&mode=6&magnif=6
3.515,1.0,1079000000.0,124000000.0,578000000.0,8620.237948,Sphere_15.0_1.0_20250616-214530,Carbon cubic,15.0,0.4,0.06666666666666667,12823.342868880141,2.1715147,2.2831179,2.3062068,2.4874639,2.6730354,2.9718548,3,2,2,3,3,1,https://zibramax.github.io/FEMViewer/?mesh=https://raw.githubusercontent.com/ZibraMax/non-local-frequencies-nanostructures/refs/heads/main/Esferas_cubic_material_2\Sphere_15.0_1.0_0.4_20250616-214530.json&mode=6&magnif=6
5.323,1.0,128900000.0,48300000.0,67099999.99999999,8635.840861,Sphere_15.0_1.0_20250616-214907,Germanium cubic,15.0,0.4,0.06666666666666667,3550.446942624478,1.9221263,1.9801944,2.2918189,2.4956564,2.6809269,2.7500915,3,2,2,3,3,1,https://zibramax.github.io/FEMViewer/?mesh=https://raw.githubusercontent.com/ZibraMax/non-local-frequencies-nanostructures/refs/heads/main/Esferas_cubic_material_2\Sphere_15.0_1.0_0.4_20250616-214907.json&mode=6&magnif=6
2.329,1.0,166000000.0,63900000.0,79600000.0,8620.667539,Sphere_15.0_1.0_20250616-214911,Silicon cubic,15.0,0.4,0.06666666666666667,5846.174706140654,1.9732581,2.0451956,2.2952512,2.5038381,2.768255,2.8385219,3,2,2,3,3,1,https://zibramax.github.io/FEMViewer/?mesh=https://raw.githubusercontent.com/ZibraMax/non-local-frequencies-nanostructures/refs/heads/main/Esferas_cubic_material_2\Sphere_15.0_1.0_0.4_20250616-214911.json&mode=6&magnif=6
3.515,1.0,1079000000.0,124000000.0,578000000.0,8620.237948,Sphere_15.0_1.0_20250616-214530,Carbon cubic,15.0,0.5,0.06666666666666667,12823.342868880141,2.2040016,2.3036073,2.3398046,2.5106125,2.7113458,2.9988813,3,2,2,3,3,1,https://zibramax.github.io/FEMViewer/?mesh=https://raw.githubusercontent.com/ZibraMax/non-local-frequencies-nanostructures/refs/heads/main/Esferas_cubic_material_2\Sphere_15.0_1.0_0.5_20250616-214530.json&mode=6&magnif=6
5.323,1.0,128900000.0,48300000.0,67099999.99999999,8635.840861,Sphere_15.0_1.0_20250616-214907,Germanium cubic,15.0,0.5,0.06666666666666667,3550.446942624478,1.9512023,1.9974536,2.3247827,2.5179799,2.717805,2.8048431,3,2,2,3,3,1,https://zibramax.github.io/FEMViewer/?mesh=https://raw.githubusercontent.com/ZibraMax/non-local-frequencies-nanostructures/refs/heads/main/Esferas_cubic_material_2\Sphere_15.0_1.0_0.5_20250616-214907.json&mode=6&magnif=6
2.329,1.0,166000000.0,63900000.0,79600000.0,8620.667539,Sphere_15.0_1.0_20250616-214911,Silicon cubic,15.0,0.5,0.06666666666666667,5846.174706140654,2.0030567,2.0629715,2.3283628,2.5260186,2.8061461,2.8948499,3,2,2,3,3,1,https://zibramax.github.io/FEMViewer/?mesh=https://raw.githubusercontent.com/ZibraMax/non-local-frequencies-nanostructures/refs/heads/main/Esferas_cubic_material_2\Sphere_15.0_1.0_0.5_20250616-214911.json&mode=6&magnif=6
3.515,1.0,1079000000.0,124000000.0,578000000.0,8620.237948,Sphere_15.0_1.0_20250616-214530,Carbon cubic,15.0,0.6,0.06666666666666667,12823.342868880141,2.2359832,2.3236854,2.3728866,2.5332172,2.7490473,3.0256278,3,2,2,3,3,1,https://zibramax.github.io/FEMViewer/?mesh=https://raw.githubusercontent.com/ZibraMax/non-local-frequencies-nanostructures/refs/heads/main/Esferas_cubic_material_2\Sphere_15.0_1.0_0.6_20250616-214530.json&mode=6&magnif=6
5.323,1.0,128900000.0,48300000.0,67099999.99999999,8635.840861,Sphere_15.0_1.0_20250616-214907,Germanium cubic,15.0,0.6,0.06666666666666667,3550.446942624478,1.979822,2.0144411,2.3572442,2.5398456,2.7540051,2.8584749,3,2,2,3,3,1,https://zibramax.github.io/FEMViewer/?mesh=https://raw.githubusercontent.com/ZibraMax/non-local-frequencies-nanostructures/refs/heads/main/Esferas_cubic_material_2\Sphere_15.0_1.0_0.6_20250616-214907.json&mode=6&magnif=6
2.329,1.0,166000000.0,63900000.0,79600000.0,8620.667539,Sphere_15.0_1.0_20250616-214911,Silicon cubic,15.0,0.6,0.06666666666666667,5846.174706140654,2.0323883,2.0804692,2.3609689,2.547769,2.8433496,2.9500279,3,2,2,3,3,1,https://zibramax.github.io/FEMViewer/?mesh=https://raw.githubusercontent.com/ZibraMax/non-local-frequencies-nanostructures/refs/heads/main/Esferas_cubic_material_2\Sphere_15.0_1.0_0.6_20250616-214911.json&mode=6&magnif=6
3.515,1.0,1079000000.0,124000000.0,578000000.0,8620.237948,Sphere_15.0_1.0_20250616-214530,Carbon cubic,15.0,0.7,0.06666666666666667,12823.342868880141,2.2674882,2.3434022,2.4054833,2.5553495,2.7861807,3.0521121,3,2,2,3,3,1,https://zibramax.github.io/FEMViewer/?mesh=https://raw.githubusercontent.com/ZibraMax/non-local-frequencies-nanostructures/refs/heads/main/Esferas_cubic_material_2\Sphere_15.0_1.0_0.7_20250616-214530.json&mode=6&magnif=6
5.323,1.0,128900000.0,48300000.0,67099999.99999999,8635.840861,Sphere_15.0_1.0_20250616-214907,Germanium cubic,15.0,0.7,0.06666666666666667,3550.446942624478,2.0080111,2.0311859,2.3892337,2.5613108,2.789594,2.9110667,3,2,2,3,3,1,https://zibramax.github.io/FEMViewer/?mesh=https://raw.githubusercontent.com/ZibraMax/non-local-frequencies-nanostructures/refs/heads/main/Esferas_cubic_material_2\Sphere_15.0_1.0_0.7_20250616-214907.json&mode=6&magnif=6
2.329,1.0,166000000.0,63900000.0,79600000.0,8620.667539,Sphere_15.0_1.0_20250616-214911,Silicon cubic,15.0,0.7,0.06666666666666667,5846.174706140654,2.0612794,2.0977183,2.3931001,2.5691418,2.8799329,3.0041381,3,2,2,3,3,1,https://zibramax.github.io/FEMViewer/?mesh=https://raw.githubusercontent.com/ZibraMax/non-local-frequencies-nanostructures/refs/heads/main/Esferas_cubic_material_2\Sphere_15.0_1.0_0.7_20250616-214911.json&mode=6&magnif=6
3.515,1.0,1079000000.0,124000000.0,578000000.0,8620.237948,Sphere_15.0_1.0_20250616-214530,Carbon cubic,15.0,0.8,0.06666666666666667,12823.342868880141,2.298541,2.3627969,2.4376203,2.5770648,2.8227789,3.0783476,3,2,2,3,3,1,https://zibramax.github.io/FEMViewer/?mesh=https://raw.githubusercontent.com/ZibraMax/non-local-frequencies-nanostructures/refs/heads/main/Esferas_cubic_material_2\Sphere_15.0_1.0_0.8_20250616-214530.json&mode=6&magnif=6
5.323,1.0,128900000.0,48300000.0,67099999.99999999,8635.840861,Sphere_15.0_1.0_20250616-214907,Germanium cubic,15.0,0.8,0.06666666666666667,3550.446942624478,2.0357919,2.0477104,2.4207765,2.5824202,2.8246222,2.9626852,3,2,2,3,3,1,https://zibramax.github.io/FEMViewer/?mesh=https://raw.githubusercontent.com/ZibraMax/non-local-frequencies-nanostructures/refs/heads/main/Esferas_cubic_material_2\Sphere_15.0_1.0_0.8_20250616-214907.json&mode=6&magnif=6
2.329,1.0,166000000.0,63900000.0,79600000.0,8620.667539,Sphere_15.0_1.0_20250616-214911,Silicon cubic,15.0,0.8,0.06666666666666667,5846.174706140654,2.0897527,2.1147417,2.4247815,2.5901778,2.9159465,3.057249,3,2,2,3,3,1,https://zibramax.github.io/FEMViewer/?mesh=https://raw.githubusercontent.com/ZibraMax/non-local-frequencies-nanostructures/refs/heads/main/Esferas_cubic_material_2\Sphere_15.0_1.0_0.8_20250616-214911.json&mode=6&magnif=6
3.515,1.0,1079000000.0,124000000.0,578000000.0,8620.237948,Sphere_15.0_1.0_20250616-214530,Carbon cubic,15.0,0.9,0.06666666666666667,12823.342868880141,2.3291632,2.3819006,2.4693199,2.5984076,2.8588698,3.1043451,3,2,2,3,3,1,https://zibramax.github.io/FEMViewer/?mesh=https://raw.githubusercontent.com/ZibraMax/non-local-frequencies-nanostructures/refs/heads/main/Esferas_cubic_material_2\Sphere_15.0_1.0_0.9_20250616-214530.json&mode=6&magnif=6
5.323,1.0,128900000.0,48300000.0,67099999.99999999,8635.840861,Sphere_15.0_1.0_20250616-214907,Germanium cubic,15.0,0.9,0.06666666666666667,3550.446942624478,2.0631838,2.0640324,2.4518942,2.603209,2.8591297,3.0133881,3,2,2,3,3,1,https://zibramax.github.io/FEMViewer/?mesh=https://raw.githubusercontent.com/ZibraMax/non-local-frequencies-nanostructures/refs/heads/main/Esferas_cubic_material_2\Sphere_15.0_1.0_0.9_20250616-214907.json&mode=6&magnif=6
2.329,1.0,166000000.0,63900000.0,79600000.0,8620.667539,Sphere_15.0_1.0_20250616-214911,Silicon cubic,15.0,0.9,0.06666666666666667,5846.174706140654,2.1178281,2.1315576,2.456035,2.6109092,2.9514308,3.10942,3,2,2,3,3,1,https://zibramax.github.io/FEMViewer/?mesh=https://raw.githubusercontent.com/ZibraMax/non-local-frequencies-nanostructures/refs/heads/main/Esferas_cubic_material_2\Sphere_15.0_1.0_0.9_20250616-214911.json&mode=6&magnif=6
3.515,1.0,1079000000.0,124000000.0,578000000.0,8620.237948,Sphere_15.0_1.0_20250616-214530,Carbon cubic,15.0,1.0,0.06666666666666667,12823.342868880141,2.359374,2.4007391,2.5006015,2.6194139,2.8944777,3.1301136,3,2,2,3,3,1,https://zibramax.github.io/FEMViewer/?mesh=https://raw.githubusercontent.com/ZibraMax/non-local-frequencies-nanostructures/refs/heads/main/Esferas_cubic_material_2\Sphere_15.0_1.0_1.0_20250616-214530.json&mode=6&magnif=6
5.323,1.0,128900000.0,48300000.0,67099999.99999999,8635.840861,Sphere_15.0_1.0_20250616-214907,Germanium cubic,15.0,1.0,0.06666666666666667,3550.446942624478,2.0801668,2.0902042,2.4826058,2.6237061,2.8931494,3.0632264,2,3,2,3,3,1,https://zibramax.github.io/FEMViewer/?mesh=https://raw.githubusercontent.com/ZibraMax/non-local-frequencies-nanostructures/refs/heads/main/Esferas_cubic_material_2\Sphere_15.0_1.0_1.0_20250616-214907.json&mode=6&magnif=6
2.329,1.0,166000000.0,63900000.0,79600000.0,8620.667539,Sphere_15.0_1.0_20250616-214911,Silicon cubic,15.0,1.0,0.06666666666666667,5846.174706140654,2.1455233,2.1481811,2.4868797,2.6313624,2.9864188,3.1607034,3,2,2,3,3,1,https://zibramax.github.io/FEMViewer/?mesh=https://raw.githubusercontent.com/ZibraMax/non-local-frequencies-nanostructures/refs/heads/main/Esferas_cubic_material_2\Sphere_15.0_1.0_1.0_20250616-214911.json&mode=6&magnif=6
2.329,12.0,166000000.0,63900000.0,79600000.0,13995.683886,Sphere_15.0_12.0_20250616-153521,Silicon cubic,15.0,0.0,0.8,5846.174706140654,0.0556434,0.0557582,0.0559426,0.0562284,0.0563638,0.0566048,3,2,3,3,2,1,https://zibramax.github.io/FEMViewer/?mesh=https://raw.githubusercontent.com/ZibraMax/non-local-frequencies-nanostructures/refs/heads/main/Esferas_cubic_material_2\Sphere_15.0_12.0_0.0_20250616-153521.json&mode=6&magnif=6
5.323,12.0,128900000.0,48300000.0,67099999.99999999,13841.036791,Sphere_15.0_12.0_20250616-153530,Germanium cubic,15.0,0.0,0.8,3550.446942624478,0.0548332,0.0549453,0.0551028,0.0551471,0.05528,0.0555042,3,2,3,3,2,1,https://zibramax.github.io/FEMViewer/?mesh=https://raw.githubusercontent.com/ZibraMax/non-local-frequencies-nanostructures/refs/heads/main/Esferas_cubic_material_2\Sphere_15.0_12.0_0.0_20250616-153530.json&mode=6&magnif=6
3.515,12.0,1079000000.0,124000000.0,578000000.0,13871.573458,Sphere_15.0_12.0_20250616-153546,Carbon cubic,15.0,0.0,0.8,12823.342868880141,0.0547612,0.0548522,0.0549994,0.0554837,0.0557963,0.0558923,3,2,3,3,2,1,https://zibramax.github.io/FEMViewer/?mesh=https://raw.githubusercontent.com/ZibraMax/non-local-frequencies-nanostructures/refs/heads/main/Esferas_cubic_material_2\Sphere_15.0_12.0_0.0_20250616-153546.json&mode=6&magnif=6
2.329,12.0,166000000.0,63900000.0,79600000.0,13995.683886,Sphere_15.0_12.0_20250616-153521,Silicon cubic,15.0,0.1,0.8,5846.174706140654,0.7520745,0.8615198,0.8638277,1.0330593,1.0453279,1.0482306,3,2,2,3,3,1,https://zibramax.github.io/FEMViewer/?mesh=https://raw.githubusercontent.com/ZibraMax/non-local-frequencies-nanostructures/refs/heads/main/Esferas_cubic_material_2\Sphere_15.0_12.0_0.1_20250616-153521.json&mode=6&magnif=6
5.323,12.0,128900000.0,48300000.0,67099999.99999999,13841.036791,Sphere_15.0_12.0_20250616-153530,Germanium cubic,15.0,0.1,0.8,3550.446942624478,0.732812,0.8344483,0.8623361,1.0129961,1.016278,1.0250007,3,2,2,3,1,1,https://zibramax.github.io/FEMViewer/?mesh=https://raw.githubusercontent.com/ZibraMax/non-local-frequencies-nanostructures/refs/heads/main/Esferas_cubic_material_2\Sphere_15.0_12.0_0.1_20250616-153530.json&mode=6&magnif=6
3.515,12.0,1079000000.0,124000000.0,578000000.0,13871.573458,Sphere_15.0_12.0_20250616-153546,Carbon cubic,15.0,0.1,0.8,12823.342868880141,0.8259046,0.8684508,0.9424023,1.0106935,1.0225208,1.1762367,3,2,2,3,3,1,https://zibramax.github.io/FEMViewer/?mesh=https://raw.githubusercontent.com/ZibraMax/non-local-frequencies-nanostructures/refs/heads/main/Esferas_cubic_material_2\Sphere_15.0_12.0_0.1_20250616-153546.json&mode=6&magnif=6
2.329,12.0,166000000.0,63900000.0,79600000.0,13995.683886,Sphere_15.0_12.0_20250616-153521,Silicon cubic,15.0,0.2,0.8,5846.174706140654,1.0166171,1.1062839,1.1673357,1.3431421,1.4188033,1.4616863,3,2,2,3,3,1,https://zibramax.github.io/FEMViewer/?mesh=https://raw.githubusercontent.com/ZibraMax/non-local-frequencies-nanostructures/refs/heads/main/Esferas_cubic_material_2\Sphere_15.0_12.0_0.2_20250616-153521.json&mode=6&magnif=6
5.323,12.0,128900000.0,48300000.0,67099999.99999999,13841.036791,Sphere_15.0_12.0_20250616-153530,Germanium cubic,15.0,0.2,0.8,3550.446942624478,0.9906014,1.0714592,1.1654492,1.3366261,1.3750147,1.4171471,3,2,2,3,3,1,https://zibramax.github.io/FEMViewer/?mesh=https://raw.githubusercontent.com/ZibraMax/non-local-frequencies-nanostructures/refs/heads/main/Esferas_cubic_material_2\Sphere_15.0_12.0_0.2_20250616-153530.json&mode=6&magnif=6
3.515,12.0,1079000000.0,124000000.0,578000000.0,13871.573458,Sphere_15.0_12.0_20250616-153546,Carbon cubic,15.0,0.2,0.8,12823.342868880141,1.1162924,1.1732121,1.2236383,1.3342217,1.3673486,1.6375822,3,2,2,3,3,1,https://zibramax.github.io/FEMViewer/?mesh=https://raw.githubusercontent.com/ZibraMax/non-local-frequencies-nanostructures/refs/heads/main/Esferas_cubic_material_2\Sphere_15.0_12.0_0.2_20250616-153546.json&mode=6&magnif=6
2.329,12.0,166000000.0,63900000.0,79600000.0,13995.683886,Sphere_15.0_12.0_20250616-153521,Silicon cubic,15.0,0.3,0.8,5846.174706140654,1.2251862,1.2960208,1.4066148,1.5796384,1.712085,1.7816291,3,2,2,3,3,1,https://zibramax.github.io/FEMViewer/?mesh=https://raw.githubusercontent.com/ZibraMax/non-local-frequencies-nanostructures/refs/heads/main/Esferas_cubic_material_2\Sphere_15.0_12.0_0.3_20250616-153521.json&mode=6&magnif=6
5.323,12.0,128900000.0,48300000.0,67099999.99999999,13841.036791,Sphere_15.0_12.0_20250616-153530,Germanium cubic,15.0,0.3,0.8,3550.446942624478,1.1938435,1.2551807,1.404392,1.5733321,1.6592802,1.7273483,3,2,2,3,3,1,https://zibramax.github.io/FEMViewer/?mesh=https://raw.githubusercontent.com/ZibraMax/non-local-frequencies-nanostructures/refs/heads/main/Esferas_cubic_material_2\Sphere_15.0_12.0_0.3_20250616-153530.json&mode=6&magnif=6
3.515,12.0,1079000000.0,124000000.0,578000000.0,13871.573458,Sphere_15.0_12.0_20250616-153546,Carbon cubic,15.0,0.3,0.8,12823.342868880141,1.3452512,1.4135499,1.4388715,1.5714771,1.6482895,1.89765,3,2,2,3,3,1,https://zibramax.github.io/FEMViewer/?mesh=https://raw.githubusercontent.com/ZibraMax/non-local-frequencies-nanostructures/refs/heads/main/Esferas_cubic_material_2\Sphere_15.0_12.0_0.3_20250616-153546.json&mode=6&magnif=6
2.329,12.0,166000000.0,63900000.0,79600000.0,13995.683886,Sphere_15.0_12.0_20250616-153521,Silicon cubic,15.0,0.4,0.8,5846.174706140654,1.4030574,1.4587732,1.6106864,1.7813336,1.9618764,2.052282,3,2,2,3,3,1,https://zibramax.github.io/FEMViewer/?mesh=https://raw.githubusercontent.com/ZibraMax/non-local-frequencies-nanostructures/refs/heads/main/Esferas_cubic_material_2\Sphere_15.0_12.0_0.4_20250616-153521.json&mode=6&magnif=6
5.323,12.0,128900000.0,48300000.0,67099999.99999999,13841.036791,Sphere_15.0_12.0_20250616-153530,Germanium cubic,15.0,0.4,0.8,3550.446942624478,1.3671708,1.4127762,1.6081696,1.7749307,1.9013871,1.9897596,3,2,2,3,3,1,https://zibramax.github.io/FEMViewer/?mesh=https://raw.githubusercontent.com/ZibraMax/non-local-frequencies-nanostructures/refs/heads/main/Esferas_cubic_material_2\Sphere_15.0_12.0_0.4_20250616-153530.json&mode=6&magnif=6
3.515,12.0,1079000000.0,124000000.0,578000000.0,13871.573458,Sphere_15.0_12.0_20250616-153546,Carbon cubic,15.0,0.4,0.8,12823.342868880141,1.5405168,1.6185448,1.6225169,1.7734414,1.8878141,2.1244959,3,2,2,3,3,1,https://zibramax.github.io/FEMViewer/?mesh=https://raw.githubusercontent.com/ZibraMax/non-local-frequencies-nanostructures/refs/heads/main/Esferas_cubic_material_2\Sphere_15.0_12.0_0.4_20250616-153546.json&mode=6&magnif=6
2.329,12.0,166000000.0,63900000.0,79600000.0,13995.683886,Sphere_15.0_12.0_20250616-153521,Silicon cubic,15.0,0.5,0.8,5846.174706140654,1.5607774,1.6041305,1.7916464,1.9609732,2.183227,2.2911818,3,2,2,3,3,1,https://zibramax.github.io/FEMViewer/?mesh=https://raw.githubusercontent.com/ZibraMax/non-local-frequencies-nanostructures/refs/heads/main/Esferas_cubic_material_2\Sphere_15.0_12.0_0.5_20250616-153521.json&mode=6&magnif=6
5.323,12.0,128900000.0,48300000.0,67099999.99999999,13841.036791,Sphere_15.0_12.0_20250616-153530,Germanium cubic,15.0,0.5,0.8,3550.446942624478,1.5208612,1.55353,1.7888657,1.9543711,2.115926,2.2213844,3,2,2,3,3,1,https://zibramax.github.io/FEMViewer/?mesh=https://raw.githubusercontent.com/ZibraMax/non-local-frequencies-nanostructures/refs/heads/main/Esferas_cubic_material_2\Sphere_15.0_12.0_0.5_20250616-153530.json&mode=6&magnif=6
3.515,12.0,1079000000.0,124000000.0,578000000.0,13871.573458,Sphere_15.0_12.0_20250616-153546,Carbon cubic,15.0,0.5,0.8,12823.342868880141,1.7136635,1.7861009,1.8003327,1.9531345,2.1001744,2.328738,3,2,2,3,3,1,https://zibramax.github.io/FEMViewer/?mesh=https://raw.githubusercontent.com/ZibraMax/non-local-frequencies-nanostructures/refs/heads/main/Esferas_cubic_material_2\Sphere_15.0_12.0_0.5_20250616-153546.json&mode=6&magnif=6
2.329,12.0,166000000.0,63900000.0,79600000.0,13995.683886,Sphere_15.0_12.0_20250616-153521,Silicon cubic,15.0,0.6,0.8,5846.174706140654,1.7039559,1.7369063,1.9559277,2.1248044,2.3840933,2.5074217,3,2,2,3,3,1,https://zibramax.github.io/FEMViewer/?mesh=https://raw.githubusercontent.com/ZibraMax/non-local-frequencies-nanostructures/refs/heads/main/Esferas_cubic_material_2\Sphere_15.0_12.0_0.6_20250616-153521.json&mode=6&magnif=6
5.323,12.0,128900000.0,48300000.0,67099999.99999999,13841.036791,Sphere_15.0_12.0_20250616-153530,Germanium cubic,15.0,0.6,0.8,3550.446942624478,1.6603812,1.6821023,1.9529058,2.1179631,2.3106096,2.4310391,3,2,2,3,3,1,https://zibramax.github.io/FEMViewer/?mesh=https://raw.githubusercontent.com/ZibraMax/non-local-frequencies-nanostructures/refs/heads/main/Esferas_cubic_material_2\Sphere_15.0_12.0_0.6_20250616-153530.json&mode=6&magnif=6
3.515,12.0,1079000000.0,124000000.0,578000000.0,13871.573458,Sphere_15.0_12.0_20250616-153546,Carbon cubic,15.0,0.6,0.8,12823.342868880141,1.8708482,1.9352967,1.9653706,2.116913,2.2929406,2.5161686,3,2,2,3,3,1,https://zibramax.github.io/FEMViewer/?mesh=https://raw.githubusercontent.com/ZibraMax/non-local-frequencies-nanostructures/refs/heads/main/Esferas_cubic_material_2\Sphere_15.0_12.0_0.6_20250616-153546.json&mode=6&magnif=6
2.329,12.0,166000000.0,63900000.0,79600000.0,13995.683886,Sphere_15.0_12.0_20250616-153521,Silicon cubic,15.0,0.7,0.8,5846.174706140654,1.836,1.8599784,2.1074374,2.2765093,2.5692925,2.7064389,3,2,2,3,3,1,https://zibramax.github.io/FEMViewer/?mesh=https://raw.githubusercontent.com/ZibraMax/non-local-frequencies-nanostructures/refs/heads/main/Esferas_cubic_material_2\Sphere_15.0_12.0_0.7_20250616-153521.json&mode=6&magnif=6
5.323,12.0,128900000.0,48300000.0,67099999.99999999,13841.036791,Sphere_15.0_12.0_20250616-153530,Germanium cubic,15.0,0.7,0.8,3550.446942624478,1.789051,1.8012792,2.104192,2.2694133,2.4901076,2.6239954,3,2,2,3,3,1,https://zibramax.github.io/FEMViewer/?mesh=https://raw.githubusercontent.com/ZibraMax/non-local-frequencies-nanostructures/refs/heads/main/Esferas_cubic_material_2\Sphere_15.0_12.0_0.7_20250616-153530.json&mode=6&magnif=6
3.515,12.0,1079000000.0,124000000.0,578000000.0,13871.573458,Sphere_15.0_12.0_20250616-153546,Carbon cubic,15.0,0.7,0.8,12823.342868880141,2.0158104,2.073453,2.1175812,2.2685081,2.4707072,2.6904181,3,2,2,3,3,1,https://zibramax.github.io/FEMViewer/?mesh=https://raw.githubusercontent.com/ZibraMax/non-local-frequencies-nanostructures/refs/heads/main/Esferas_cubic_material_2\Sphere_15.0_12.0_0.7_20250616-153546.json&mode=6&magnif=6
2.329,12.0,166000000.0,63900000.0,79600000.0,13995.683886,Sphere_15.0_12.0_20250616-153521,Silicon cubic,15.0,0.8,0.8,5846.174706140654,1.9591631,1.9752487,2.24876,2.4184988,2.7420049,2.8917915,3,2,2,3,3,1,https://zibramax.github.io/FEMViewer/?mesh=https://raw.githubusercontent.com/ZibraMax/non-local-frequencies-nanostructures/refs/heads/main/Esferas_cubic_material_2\Sphere_15.0_12.0_0.8_20250616-153521.json&mode=6&magnif=6
5.323,12.0,128900000.0,48300000.0,67099999.99999999,13841.036791,Sphere_15.0_12.0_20250616-153530,Germanium cubic,15.0,0.8,0.8,3550.446942624478,1.9090668,1.9129019,2.2453052,2.4111431,2.6575027,2.8037032,3,2,2,3,3,1,https://zibramax.github.io/FEMViewer/?mesh=https://raw.githubusercontent.com/ZibraMax/non-local-frequencies-nanostructures/refs/heads/main/Esferas_cubic_material_2\Sphere_15.0_12.0_0.8_20250616-153530.json&mode=6&magnif=6
3.515,12.0,1079000000.0,124000000.0,578000000.0,13871.573458,Sphere_15.0_12.0_20250616-153546,Carbon cubic,15.0,0.8,0.8,12823.342868880141,2.1510237,2.2027632,2.2595595,2.4103552,2.6365119,2.8539564,3,2,2,3,3,1,https://zibramax.github.io/FEMViewer/?mesh=https://raw.githubusercontent.com/ZibraMax/non-local-frequencies-nanostructures/refs/heads/main/Esferas_cubic_material_2\Sphere_15.0_12.0_0.8_20250616-153546.json&mode=6&magnif=6
2.329,12.0,166000000.0,63900000.0,79600000.0,13995.683886,Sphere_15.0_12.0_20250616-153521,Silicon cubic,15.0,0.9,0.8,5846.174706140654,2.0750279,2.0840585,2.3817101,2.5524628,2.904461,3.0659589,3,2,2,3,3,1,https://zibramax.github.io/FEMViewer/?mesh=https://raw.githubusercontent.com/ZibraMax/non-local-frequencies-nanostructures/refs/heads/main/Esferas_cubic_material_2\Sphere_15.0_12.0_0.9_20250616-153521.json&mode=6&magnif=6
5.323,12.0,128900000.0,48300000.0,67099999.99999999,13841.036791,Sphere_15.0_12.0_20250616-153530,Germanium cubic,15.0,0.9,0.8,3550.446942624478,2.0182691,2.0219705,2.378058,2.5448478,2.814957,2.9725663,2,3,2,3,3,1,https://zibramax.github.io/FEMViewer/?mesh=https://raw.githubusercontent.com/ZibraMax/non-local-frequencies-nanostructures/refs/heads/main/Esferas_cubic_material_2\Sphere_15.0_12.0_0.9_20250616-153530.json&mode=6&magnif=6
3.515,12.0,1079000000.0,124000000.0,578000000.0,13871.573458,Sphere_15.0_12.0_20250616-153546,Carbon cubic,15.0,0.9,0.8,12823.342868880141,2.2782251,2.3247659,2.393128,2.5441578,2.7924872,3.0085597,3,2,2,3,3,1,https://zibramax.github.io/FEMViewer/?mesh=https://raw.githubusercontent.com/ZibraMax/non-local-frequencies-nanostructures/refs/heads/main/Esferas_cubic_material_2\Sphere_15.0_12.0_0.9_20250616-153546.json&mode=6&magnif=6
2.329,12.0,166000000.0,63900000.0,79600000.0,13995.683886,Sphere_15.0_12.0_20250616-153521,Silicon cubic,15.0,1.0,0.8,5846.174706140654,2.1847559,2.1873989,2.5076203,2.6796447,3.058297,3.2307505,3,2,2,3,3,1,https://zibramax.github.io/FEMViewer/?mesh=https://raw.githubusercontent.com/ZibraMax/non-local-frequencies-nanostructures/refs/heads/main/Esferas_cubic_material_2\Sphere_15.0_12.0_1.0_20250616-153521.json&mode=6&magnif=6
5.323,12.0,128900000.0,48300000.0,67099999.99999999,13841.036791,Sphere_15.0_12.0_20250616-153530,Germanium cubic,15.0,1.0,0.8,3550.446942624478,2.1183404,2.1288943,2.503781,2.6717733,2.9640562,3.1323392,2,3,2,3,3,1,https://zibramax.github.io/FEMViewer/?mesh=https://raw.githubusercontent.com/ZibraMax/non-local-frequencies-nanostructures/refs/heads/main/Esferas_cubic_material_2\Sphere_15.0_12.0_1.0_20250616-153530.json&mode=6&magnif=6
3.515,12.0,1079000000.0,124000000.0,578000000.0,13871.573458,Sphere_15.0_12.0_20250616-153546,Carbon cubic,15.0,1.0,0.8,12823.342868880141,2.3986898,2.4405927,2.5196249,2.6711669,2.9401984,3.1555582,3,2,2,3,3,1,https://zibramax.github.io/FEMViewer/?mesh=https://raw.githubusercontent.com/ZibraMax/non-local-frequencies-nanostructures/refs/heads/main/Esferas_cubic_material_2\Sphere_15.0_12.0_1.0_20250616-153546.json&mode=6&magnif=6
3.515,2.0,1079000000.0,124000000.0,578000000.0,1190.75694,Sphere_15.0_2.0_20250616-230137,Carbon cubic,15.0,0.0,0.13333333333333333,12823.342868880141,1.7523784,1.8284381,1.8323448,1.8354602,1.8460402,1.850556,3,3,3,2,2,1,https://zibramax.github.io/FEMViewer/?mesh=https://raw.githubusercontent.com/ZibraMax/non-local-frequencies-nanostructures/refs/heads/main/Esferas_cubic_material_2\Sphere_15.0_2.0_0.0_20250616-230137.json&mode=6&magnif=6
5.323,2.0,128900000.0,48300000.0,67099999.99999999,1164.43915,Sphere_15.0_2.0_20250616-230639,Germanium cubic,15.0,0.0,0.13333333333333333,3550.446942624478,1.55006,1.7216494,1.8286588,1.834204,1.8386537,1.8415603,3,2,3,3,2,1,https://zibramax.github.io/FEMViewer/?mesh=https://raw.githubusercontent.com/ZibraMax/non-local-frequencies-nanostructures/refs/heads/main/Esferas_cubic_material_2\Sphere_15.0_2.0_0.0_20250616-230639.json&mode=6&magnif=6
2.329,2.0,166000000.0,63900000.0,79600000.0,1152.142075,Sphere_15.0_2.0_20250616-230840,Silicon cubic,15.0,0.0,0.13333333333333333,5846.174706140654,1.5917118,1.7786884,1.84509,1.8571646,1.8635296,1.8665684,3,2,2,3,3,1,https://zibramax.github.io/FEMViewer/?mesh=https://raw.githubusercontent.com/ZibraMax/non-local-frequencies-nanostructures/refs/heads/main/Esferas_cubic_material_2\Sphere_15.0_2.0_0.0_20250616-230840.json&mode=6&magnif=6
3.515,2.0,1079000000.0,124000000.0,578000000.0,1190.75694,Sphere_15.0_2.0_20250616-230137,Carbon cubic,15.0,0.1,0.13333333333333333,12823.342868880141,1.8339875,1.9416371,2.0275642,2.1949492,2.2566327,2.4828588,3,2,2,3,3,1,https://zibramax.github.io/FEMViewer/?mesh=https://raw.githubusercontent.com/ZibraMax/non-local-frequencies-nanostructures/refs/heads/main/Esferas_cubic_material_2\Sphere_15.0_2.0_0.1_20250616-230137.json&mode=6&magnif=6
5.323,2.0,128900000.0,48300000.0,67099999.99999999,1164.43915,Sphere_15.0_2.0_20250616-230639,Germanium cubic,15.0,0.1,0.13333333333333333,3550.446942624478,1.6224729,1.7805607,1.9306253,2.1319343,2.2091969,2.2469212,3,2,2,1,3,1,https://zibramax.github.io/FEMViewer/?mesh=https://raw.githubusercontent.com/ZibraMax/non-local-frequencies-nanostructures/refs/heads/main/Esferas_cubic_material_2\Sphere_15.0_2.0_0.1_20250616-230639.json&mode=6&magnif=6
2.329,2.0,166000000.0,63900000.0,79600000.0,1152.142075,Sphere_15.0_2.0_20250616-230840,Silicon cubic,15.0,0.1,0.13333333333333333,5846.174706140654,1.6658505,1.8393153,1.9333499,2.2006749,2.2252767,2.3215685,3,2,2,1,3,1,https://zibramax.github.io/FEMViewer/?mesh=https://raw.githubusercontent.com/ZibraMax/non-local-frequencies-nanostructures/refs/heads/main/Esferas_cubic_material_2\Sphere_15.0_2.0_0.1_20250616-230840.json&mode=6&magnif=6
3.515,2.0,1079000000.0,124000000.0,578000000.0,1190.75694,Sphere_15.0_2.0_20250616-230137,Carbon cubic,15.0,0.2,0.13333333333333333,12823.342868880141,1.9059053,2.0153436,2.0905211,2.2702571,2.344974,2.6364339,3,2,2,3,3,1,https://zibramax.github.io/FEMViewer/?mesh=https://raw.githubusercontent.com/ZibraMax/non-local-frequencies-nanostructures/refs/heads/main/Esferas_cubic_material_2\Sphere_15.0_2.0_0.2_20250616-230137.json&mode=6&magnif=6
5.323,2.0,128900000.0,48300000.0,67099999.99999999,1164.43915,Sphere_15.0_2.0_20250616-230639,Germanium cubic,15.0,0.2,0.13333333333333333,3550.446942624478,1.6870874,1.8291011,2.0039132,2.2665441,2.2822112,2.3496298,3,2,2,1,3,1,https://zibramax.github.io/FEMViewer/?mesh=https://raw.githubusercontent.com/ZibraMax/non-local-frequencies-nanostructures/refs/heads/main/Esferas_cubic_material_2\Sphere_15.0_2.0_0.2_20250616-230639.json&mode=6&magnif=6
2.329,2.0,166000000.0,63900000.0,79600000.0,1152.142075,Sphere_15.0_2.0_20250616-230840,Silicon cubic,15.0,0.2,0.13333333333333333,5846.174706140654,1.7320346,1.8892713,2.0067215,2.2952711,2.3392787,2.426799,3,2,2,3,1,1,https://zibramax.github.io/FEMViewer/?mesh=https://raw.githubusercontent.com/ZibraMax/non-local-frequencies-nanostructures/refs/heads/main/Esferas_cubic_material_2\Sphere_15.0_2.0_0.2_20250616-230840.json&mode=6&magnif=6
3.515,2.0,1079000000.0,124000000.0,578000000.0,1190.75694,Sphere_15.0_2.0_20250616-230137,Carbon cubic,15.0,0.3,0.13333333333333333,12823.342868880141,1.9746135,2.0855884,2.145372,2.33484,2.4284396,2.7800766,3,2,2,3,3,1,https://zibramax.github.io/FEMViewer/?mesh=https://raw.githubusercontent.com/ZibraMax/non-local-frequencies-nanostructures/refs/heads/main/Esferas_cubic_material_2\Sphere_15.0_2.0_0.3_20250616-230137.json&mode=6&magnif=6
5.323,2.0,128900000.0,48300000.0,67099999.99999999,1164.43915,Sphere_15.0_2.0_20250616-230639,Germanium cubic,15.0,0.3,0.13333333333333333,3550.446942624478,1.7487825,1.8724735,2.0736342,2.3443528,2.3925702,2.4401737,3,2,2,3,1,1,https://zibramax.github.io/FEMViewer/?mesh=https://raw.githubusercontent.com/ZibraMax/non-local-frequencies-nanostructures/refs/heads/main/Esferas_cubic_material_2\Sphere_15.0_2.0_0.3_20250616-230639.json&mode=6&magnif=6
2.329,2.0,166000000.0,63900000.0,79600000.0,1152.142075,Sphere_15.0_2.0_20250616-230840,Silicon cubic,15.0,0.3,0.13333333333333333,5846.174706140654,1.7952374,1.9339382,2.076558,2.355639,2.4690252,2.5196506,3,2,2,3,1,1,https://zibramax.github.io/FEMViewer/?mesh=https://raw.githubusercontent.com/ZibraMax/non-local-frequencies-nanostructures/refs/heads/main/Esferas_cubic_material_2\Sphere_15.0_2.0_0.3_20250616-230840.json&mode=6&magnif=6
3.515,2.0,1079000000.0,124000000.0,578000000.0,1190.75694,Sphere_15.0_2.0_20250616-230137,Carbon cubic,15.0,0.4,0.13333333333333333,12823.342868880141,2.0407865,2.1532232,2.1949792,2.3925103,2.5084974,2.8671668,3,2,2,3,3,1,https://zibramax.github.io/FEMViewer/?mesh=https://raw.githubusercontent.com/ZibraMax/non-local-frequencies-nanostructures/refs/heads/main/Esferas_cubic_material_2\Sphere_15.0_2.0_0.4_20250616-230137.json&mode=6&magnif=6
5.323,2.0,128900000.0,48300000.0,67099999.99999999,1164.43915,Sphere_15.0_2.0_20250616-230639,Germanium cubic,15.0,0.4,0.13333333333333333,3550.446942624478,1.8081658,1.912518,2.1407084,2.3999313,2.5119218,2.524333,3,2,2,3,1,1,https://zibramax.github.io/FEMViewer/?mesh=https://raw.githubusercontent.com/ZibraMax/non-local-frequencies-nanostructures/refs/heads/main/Esferas_cubic_material_2\Sphere_15.0_2.0_0.4_20250616-230639.json&mode=6&magnif=6
2.329,2.0,166000000.0,63900000.0,79600000.0,1152.142075,Sphere_15.0_2.0_20250616-230840,Silicon cubic,15.0,0.4,0.13333333333333333,5846.174706140654,1.8560785,1.9751966,2.1437603,2.4100854,2.5919013,2.606053,3,2,2,3,1,1,https://zibramax.github.io/FEMViewer/?mesh=https://raw.githubusercontent.com/ZibraMax/non-local-frequencies-nanostructures/refs/heads/main/Esferas_cubic_material_2\Sphere_15.0_2.0_0.4_20250616-230840.json&mode=6&magnif=6
3.515,2.0,1079000000.0,124000000.0,578000000.0,1190.75694,Sphere_15.0_2.0_20250616-230137,Carbon cubic,15.0,0.5,0.13333333333333333,12823.342868880141,2.1047708,2.2186415,2.2409466,2.445411,2.5857634,2.9175991,3,2,2,3,3,1,https://zibramax.github.io/FEMViewer/?mesh=https://raw.githubusercontent.com/ZibraMax/non-local-frequencies-nanostructures/refs/heads/main/Esferas_cubic_material_2\Sphere_15.0_2.0_0.5_20250616-230137.json&mode=6&magnif=6
5.323,2.0,128900000.0,48300000.0,67099999.99999999,1164.43915,Sphere_15.0_2.0_20250616-230639,Germanium cubic,15.0,0.5,0.13333333333333333,3550.446942624478,1.8655555,1.9502193,2.2055557,2.4511159,2.6042261,2.6256833,3,2,2,3,3,1,https://zibramax.github.io/FEMViewer/?mesh=https://raw.githubusercontent.com/ZibraMax/non-local-frequencies-nanostructures/refs/heads/main/Esferas_cubic_material_2\Sphere_15.0_2.0_0.5_20250616-230639.json&mode=6&magnif=6
2.329,2.0,166000000.0,63900000.0,79600000.0,1152.142075,Sphere_15.0_2.0_20250616-230840,Silicon cubic,15.0,0.5,0.13333333333333333,5846.174706140654,1.9148821,2.0140527,2.2087404,2.460508,2.6881422,2.7090279,3,2,2,3,3,1,https://zibramax.github.io/FEMViewer/?mesh=https://raw.githubusercontent.com/ZibraMax/non-local-frequencies-nanostructures/refs/heads/main/Esferas_cubic_material_2\Sphere_15.0_2.0_0.5_20250616-230840.json&mode=6&magnif=6
3.515,2.0,1079000000.0,124000000.0,578000000.0,1190.75694,Sphere_15.0_2.0_20250616-230137,Carbon cubic,15.0,0.6,0.13333333333333333,12823.342868880141,2.1668048,2.2820977,2.2842461,2.4948481,2.6606058,2.9669496,3,2,2,3,3,1,https://zibramax.github.io/FEMViewer/?mesh=https://raw.githubusercontent.com/ZibraMax/non-local-frequencies-nanostructures/refs/heads/main/Esferas_cubic_material_2\Sphere_15.0_2.0_0.6_20250616-230137.json&mode=6&magnif=6
5.323,2.0,128900000.0,48300000.0,67099999.99999999,1164.43915,Sphere_15.0_2.0_20250616-230639,Germanium cubic,15.0,0.6,0.13333333333333333,3550.446942624478,1.9211714,1.9861646,2.2684421,2.499148,2.6808685,2.7346222,3,2,2,3,3,1,https://zibramax.github.io/FEMViewer/?mesh=https://raw.githubusercontent.com/ZibraMax/non-local-frequencies-nanostructures/refs/heads/main/Esferas_cubic_material_2\Sphere_15.0_2.0_0.6_20250616-230639.json&mode=6&magnif=6
2.329,2.0,166000000.0,63900000.0,79600000.0,1152.142075,Sphere_15.0_2.0_20250616-230840,Silicon cubic,15.0,0.6,0.13333333333333333,5846.174706140654,1.9718723,2.0511069,2.2717607,2.5080093,2.7669357,2.8211953,3,2,2,3,3,1,https://zibramax.github.io/FEMViewer/?mesh=https://raw.githubusercontent.com/ZibraMax/non-local-frequencies-nanostructures/refs/heads/main/Esferas_cubic_material_2\Sphere_15.0_2.0_0.6_20250616-230840.json&mode=6&magnif=6
3.515,2.0,1079000000.0,124000000.0,578000000.0,1190.75694,Sphere_15.0_2.0_20250616-230137,Carbon cubic,15.0,0.7,0.13333333333333333,12823.342868880141,2.2270731,2.3255009,2.3437825,2.54166,2.7332854,3.015343,3,2,2,3,3,1,https://zibramax.github.io/FEMViewer/?mesh=https://raw.githubusercontent.com/ZibraMax/non-local-frequencies-nanostructures/refs/heads/main/Esferas_cubic_material_2\Sphere_15.0_2.0_0.7_20250616-230137.json&mode=6&magnif=6
5.323,2.0,128900000.0,48300000.0,67099999.99999999,1164.43915,Sphere_15.0_2.0_20250616-230639,Germanium cubic,15.0,0.7,0.13333333333333333,3550.446942624478,1.975184,2.02073,2.3295641,2.5447972,2.7548433,2.839327,3,2,2,3,3,1,https://zibramax.github.io/FEMViewer/?mesh=https://raw.githubusercontent.com/ZibraMax/non-local-frequencies-nanostructures/refs/heads/main/Esferas_cubic_material_2\Sphere_15.0_2.0_0.7_20250616-230639.json&mode=6&magnif=6
2.329,2.0,166000000.0,63900000.0,79600000.0,1152.142075,Sphere_15.0_2.0_20250616-230840,Silicon cubic,15.0,0.7,0.13333333333333333,5846.174706140654,2.0272229,2.0867438,2.3330159,2.5532804,2.8430172,2.929009,3,2,2,3,3,1,https://zibramax.github.io/FEMViewer/?mesh=https://raw.githubusercontent.com/ZibraMax/non-local-frequencies-nanostructures/refs/heads/main/Esferas_cubic_material_2\Sphere_15.0_2.0_0.7_20250616-230840.json&mode=6&magnif=6
3.515,2.0,1079000000.0,124000000.0,578000000.0,1190.75694,Sphere_15.0_2.0_20250616-230137,Carbon cubic,15.0,0.8,0.13333333333333333,12823.342868880141,2.2857275,2.3651291,2.4038494,2.5864084,2.8040047,3.0628667,3,2,2,3,3,1,https://zibramax.github.io/FEMViewer/?mesh=https://raw.githubusercontent.com/ZibraMax/non-local-frequencies-nanostructures/refs/heads/main/Esferas_cubic_material_2\Sphere_15.0_2.0_0.8_20250616-230137.json&mode=6&magnif=6
5.323,2.0,128900000.0,48300000.0,67099999.99999999,1164.43915,Sphere_15.0_2.0_20250616-230639,Germanium cubic,15.0,0.8,0.13333333333333333,3550.446942624478,2.0277328,2.0541694,2.3890779,2.588569,2.82653,2.9402682,3,2,2,3,3,1,https://zibramax.github.io/FEMViewer/?mesh=https://raw.githubusercontent.com/ZibraMax/non-local-frequencies-nanostructures/refs/heads/main/Esferas_cubic_material_2\Sphere_15.0_2.0_0.8_20250616-230639.json&mode=6&magnif=6
2.329,2.0,166000000.0,63900000.0,79600000.0,1152.142075,Sphere_15.0_2.0_20250616-230840,Silicon cubic,15.0,0.8,0.13333333333333333,5846.174706140654,2.0810762,2.1212238,2.3926611,2.5967796,2.9167675,3.0329527,3,2,2,3,3,1,https://zibramax.github.io/FEMViewer/?mesh=https://raw.githubusercontent.com/ZibraMax/non-local-frequencies-nanostructures/refs/heads/main/Esferas_cubic_material_2\Sphere_15.0_2.0_0.8_20250616-230840.json&mode=6&magnif=6
3.515,2.0,1079000000.0,124000000.0,578000000.0,1190.75694,Sphere_15.0_2.0_20250616-230137,Carbon cubic,15.0,0.9,0.13333333333333333,12823.342868880141,2.3428961,2.4034227,2.4624267,2.6294839,2.8729293,3.1095873,3,2,2,3,3,1,https://zibramax.github.io/FEMViewer/?mesh=https://raw.githubusercontent.com/ZibraMax/non-local-frequencies-nanostructures/refs/heads/main/Esferas_cubic_material_2\Sphere_15.0_2.0_0.9_20250616-230137.json&mode=6&magnif=6
5.323,2.0,128900000.0,48300000.0,67099999.99999999,1164.43915,Sphere_15.0_2.0_20250616-230639,Germanium cubic,15.0,0.9,0.13333333333333333,3550.446942624478,2.0789357,2.0866625,2.4471133,2.6308115,2.8961993,3.0378315,3,2,2,3,3,1,https://zibramax.github.io/FEMViewer/?mesh=https://raw.githubusercontent.com/ZibraMax/non-local-frequencies-nanostructures/refs/heads/main/Esferas_cubic_material_2\Sphere_15.0_2.0_0.9_20250616-230639.json&mode=6&magnif=6
2.329,2.0,166000000.0,63900000.0,79600000.0,1152.142075,Sphere_15.0_2.0_20250616-230840,Silicon cubic,15.0,0.9,0.13333333333333333,5846.174706140654,2.1335527,2.1547306,2.4508258,2.6388247,2.9884584,3.1334228,3,2,2,3,3,1,https://zibramax.github.io/FEMViewer/?mesh=https://raw.githubusercontent.com/ZibraMax/non-local-frequencies-nanostructures/refs/heads/main/Esferas_cubic_material_2\Sphere_15.0_2.0_0.9_20250616-230840.json&mode=6&magnif=6
3.515,2.0,1079000000.0,124000000.0,578000000.0,1190.75694,Sphere_15.0_2.0_20250616-230137,Carbon cubic,15.0,1.0,0.13333333333333333,12823.342868880141,2.3986898,2.4405927,2.5196249,2.6711669,2.9401984,3.1555582,3,2,2,3,3,1,https://zibramax.github.io/FEMViewer/?mesh=https://raw.githubusercontent.com/ZibraMax/non-local-frequencies-nanostructures/refs/heads/main/Esferas_cubic_material_2\Sphere_15.0_2.0_1.0_20250616-230137.json&mode=6&magnif=6
5.323,2.0,128900000.0,48300000.0,67099999.99999999,1164.43915,Sphere_15.0_2.0_20250616-230639,Germanium cubic,15.0,1.0,0.13333333333333333,3550.446942624478,2.1183404,2.1288943,2.503781,2.6717733,2.9640562,3.1323392,2,3,2,3,3,1,https://zibramax.github.io/FEMViewer/?mesh=https://raw.githubusercontent.com/ZibraMax/non-local-frequencies-nanostructures/refs/heads/main/Esferas_cubic_material_2\Sphere_15.0_2.0_1.0_20250616-230639.json&mode=6&magnif=6
2.329,2.0,166000000.0,63900000.0,79600000.0,1152.142075,Sphere_15.0_2.0_20250616-230840,Silicon cubic,15.0,1.0,0.13333333333333333,5846.174706140654,2.1847559,2.1873989,2.5076203,2.6796447,3.058297,3.2307505,3,2,2,3,3,1,https://zibramax.github.io/FEMViewer/?mesh=https://raw.githubusercontent.com/ZibraMax/non-local-frequencies-nanostructures/refs/heads/main/Esferas_cubic_material_2\Sphere_15.0_2.0_1.0_20250616-230840.json&mode=6&magnif=6
2.329,3.0,166000000.0,63900000.0,79600000.0,9693.525326,Sphere_15.0_3.0_20250616-153517,Silicon cubic,15.0,0.0,0.2,5846.174706140654,0.862173,0.8638638,0.8656238,0.8681095,0.8721313,-,2,3,3,3,3,-,https://zibramax.github.io/FEMViewer/?mesh=https://raw.githubusercontent.com/ZibraMax/non-local-frequencies-nanostructures/refs/heads/main/Esferas_cubic_material_2\Sphere_15.0_3.0_0.0_20250616-153517.json&mode=6&magnif=6
5.323,3.0,128900000.0,48300000.0,67099999.99999999,9672.869427,Sphere_15.0_3.0_20250616-153524,Germanium cubic,15.0,0.0,0.2,3550.446942624478,0.8494018,0.8505662,0.8509977,0.8548534,0.8563363,-,2,3,3,3,3,-,https://zibramax.github.io/FEMViewer/?mesh=https://raw.githubusercontent.com/ZibraMax/non-local-frequencies-nanostructures/refs/heads/main/Esferas_cubic_material_2\Sphere_15.0_3.0_0.0_20250616-153524.json&mode=6&magnif=6
3.515,3.0,1079000000.0,124000000.0,578000000.0,9719.001169,Sphere_15.0_3.0_20250616-153535,Carbon cubic,15.0,0.0,0.2,12823.342868880141,0.8483023,0.8495297,0.8533402,0.8540973,0.8588965,-,2,3,3,3,3,-,https://zibramax.github.io/FEMViewer/?mesh=https://raw.githubusercontent.com/ZibraMax/non-local-frequencies-nanostructures/refs/heads/main/Esferas_cubic_material_2\Sphere_15.0_3.0_0.0_20250616-153535.json&mode=6&magnif=6
2.329,3.0,166000000.0,63900000.0,79600000.0,9693.525326,Sphere_15.0_3.0_20250616-153517,Silicon cubic,15.0,0.1,0.2,5846.174706140654,1.4317838,1.6116122,1.6561197,1.7833901,1.8965363,1.9315974,3,2,2,1,3,1,https://zibramax.github.io/FEMViewer/?mesh=https://raw.githubusercontent.com/ZibraMax/non-local-frequencies-nanostructures/refs/heads/main/Esferas_cubic_material_2\Sphere_15.0_3.0_0.1_20250616-153517.json&mode=6&magnif=6
5.323,3.0,128900000.0,48300000.0,67099999.99999999,9672.869427,Sphere_15.0_3.0_20250616-153524,Germanium cubic,15.0,0.1,0.2,3550.446942624478,1.3945789,1.5600879,1.6528907,1.728179,1.868196,1.869828,3,2,2,1,3,1,https://zibramax.github.io/FEMViewer/?mesh=https://raw.githubusercontent.com/ZibraMax/non-local-frequencies-nanostructures/refs/heads/main/Esferas_cubic_material_2\Sphere_15.0_3.0_0.1_20250616-153524.json&mode=6&magnif=6
3.515,3.0,1079000000.0,124000000.0,578000000.0,9719.001169,Sphere_15.0_3.0_20250616-153535,Carbon cubic,15.0,0.1,0.2,12823.342868880141,1.5756368,1.665604,1.7459285,1.8748915,1.9259624,2.0084206,3,2,2,3,3,1,https://zibramax.github.io/FEMViewer/?mesh=https://raw.githubusercontent.com/ZibraMax/non-local-frequencies-nanostructures/refs/heads/main/Esferas_cubic_material_2\Sphere_15.0_3.0_0.1_20250616-153535.json&mode=6&magnif=6
2.329,3.0,166000000.0,63900000.0,79600000.0,9693.525326,Sphere_15.0_3.0_20250616-153517,Silicon cubic,15.0,0.2,0.2,5846.174706140654,1.5362081,1.7123018,1.7749405,1.9999765,2.0541732,2.123161,3,2,2,1,3,1,https://zibramax.github.io/FEMViewer/?mesh=https://raw.githubusercontent.com/ZibraMax/non-local-frequencies-nanostructures/refs/heads/main/Esferas_cubic_material_2\Sphere_15.0_3.0_0.2_20250616-153517.json&mode=6&magnif=6
5.323,3.0,128900000.0,48300000.0,67099999.99999999,9672.869427,Sphere_15.0_3.0_20250616-153524,Germanium cubic,15.0,0.2,0.2,3550.446942624478,1.4964546,1.6578524,1.7718963,1.938266,2.0350193,2.055735,3,2,2,1,3,1,https://zibramax.github.io/FEMViewer/?mesh=https://raw.githubusercontent.com/ZibraMax/non-local-frequencies-nanostructures/refs/heads/main/Esferas_cubic_material_2\Sphere_15.0_3.0_0.2_20250616-153524.json&mode=6&magnif=6
3.515,3.0,1079000000.0,124000000.0,578000000.0,9719.001169,Sphere_15.0_3.0_20250616-153535,Carbon cubic,15.0,0.2,0.2,12823.342868880141,1.6896029,1.7841409,1.8757935,2.0277693,2.0711953,2.2502872,3,2,2,3,3,1,https://zibramax.github.io/FEMViewer/?mesh=https://raw.githubusercontent.com/ZibraMax/non-local-frequencies-nanostructures/refs/heads/main/Esferas_cubic_material_2\Sphere_15.0_3.0_0.2_20250616-153535.json&mode=6&magnif=6
2.329,3.0,166000000.0,63900000.0,79600000.0,9693.525326,Sphere_15.0_3.0_20250616-153517,Silicon cubic,15.0,0.3,0.2,5846.174706140654,1.6323837,1.7924469,1.8837366,2.1683876,2.1930868,2.2723477,3,2,2,3,1,1,https://zibramax.github.io/FEMViewer/?mesh=https://raw.githubusercontent.com/ZibraMax/non-local-frequencies-nanostructures/refs/heads/main/Esferas_cubic_material_2\Sphere_15.0_3.0_0.3_20250616-153517.json&mode=6&magnif=6
5.323,3.0,128900000.0,48300000.0,67099999.99999999,9672.869427,Sphere_15.0_3.0_20250616-153524,Germanium cubic,15.0,0.3,0.2,3550.446942624478,1.5902623,1.7355945,1.8806816,2.1256234,2.1542154,2.200895,3,2,2,1,3,1,https://zibramax.github.io/FEMViewer/?mesh=https://raw.githubusercontent.com/ZibraMax/non-local-frequencies-nanostructures/refs/heads/main/Esferas_cubic_material_2\Sphere_15.0_3.0_0.3_20250616-153524.json&mode=6&magnif=6
3.515,3.0,1079000000.0,124000000.0,578000000.0,9719.001169,Sphere_15.0_3.0_20250616-153535,Carbon cubic,15.0,0.3,0.2,12823.342868880141,1.7946461,1.8930914,1.9765045,2.1456362,2.2013247,2.4657956,3,2,2,3,3,1,https://zibramax.github.io/FEMViewer/?mesh=https://raw.githubusercontent.com/ZibraMax/non-local-frequencies-nanostructures/refs/heads/main/Esferas_cubic_material_2\Sphere_15.0_3.0_0.3_20250616-153535.json&mode=6&magnif=6
2.329,3.0,166000000.0,63900000.0,79600000.0,9693.525326,Sphere_15.0_3.0_20250616-153517,Silicon cubic,15.0,0.4,0.2,5846.174706140654,1.7226346,1.8616089,1.9856614,2.262238,2.3698236,2.4050582,3,2,2,3,1,1,https://zibramax.github.io/FEMViewer/?mesh=https://raw.githubusercontent.com/ZibraMax/non-local-frequencies-nanostructures/refs/heads/main/Esferas_cubic_material_2\Sphere_15.0_3.0_0.4_20250616-153517.json&mode=6&magnif=6
5.323,3.0,128900000.0,48300000.0,67099999.99999999,9672.869427,Sphere_15.0_3.0_20250616-153524,Germanium cubic,15.0,0.4,0.2,3550.446942624478,1.6782809,1.8026473,1.9825291,2.2505972,2.2970996,2.3299071,3,2,2,3,1,1,https://zibramax.github.io/FEMViewer/?mesh=https://raw.githubusercontent.com/ZibraMax/non-local-frequencies-nanostructures/refs/heads/main/Esferas_cubic_material_2\Sphere_15.0_3.0_0.4_20250616-153524.json&mode=6&magnif=6
3.515,3.0,1079000000.0,124000000.0,578000000.0,9719.001169,Sphere_15.0_3.0_20250616-153535,Carbon cubic,15.0,0.4,0.2,12823.342868880141,1.8932679,1.9953225,2.0610238,2.243387,2.3225476,2.6630614,3,2,2,3,3,1,https://zibramax.github.io/FEMViewer/?mesh=https://raw.githubusercontent.com/ZibraMax/non-local-frequencies-nanostructures/refs/heads/main/Esferas_cubic_material_2\Sphere_15.0_3.0_0.4_20250616-153535.json&mode=6&magnif=6
2.329,3.0,166000000.0,63900000.0,79600000.0,9693.525326,Sphere_15.0_3.0_20250616-153517,Silicon cubic,15.0,0.5,0.2,5846.174706140654,1.8081203,1.9240817,2.0821656,2.3446217,2.5279398,2.5339642,3,2,2,3,3,1,https://zibramax.github.io/FEMViewer/?mesh=https://raw.githubusercontent.com/ZibraMax/non-local-frequencies-nanostructures/refs/heads/main/Esferas_cubic_material_2\Sphere_15.0_3.0_0.5_20250616-153517.json&mode=6&magnif=6
5.323,3.0,128900000.0,48300000.0,67099999.99999999,9672.869427,Sphere_15.0_3.0_20250616-153524,Germanium cubic,15.0,0.5,0.2,3550.446942624478,1.761646,1.8631974,2.0789289,2.334423,2.44928,2.456352,3,2,2,3,3,1,https://zibramax.github.io/FEMViewer/?mesh=https://raw.githubusercontent.com/ZibraMax/non-local-frequencies-nanostructures/refs/heads/main/Esferas_cubic_material_2\Sphere_15.0_3.0_0.5_20250616-153524.json&mode=6&magnif=6
3.515,3.0,1079000000.0,124000000.0,578000000.0,9719.001169,Sphere_15.0_3.0_20250616-153535,Carbon cubic,15.0,0.5,0.2,12823.342868880141,1.9867159,2.0921939,2.1357256,2.3288278,2.4370239,2.803279,3,2,2,3,3,1,https://zibramax.github.io/FEMViewer/?mesh=https://raw.githubusercontent.com/ZibraMax/non-local-frequencies-nanostructures/refs/heads/main/Esferas_cubic_material_2\Sphere_15.0_3.0_0.5_20250616-153535.json&mode=6&magnif=6
2.329,3.0,166000000.0,63900000.0,79600000.0,9693.525326,Sphere_15.0_3.0_20250616-153517,Silicon cubic,15.0,0.6,0.2,5846.174706140654,1.8895968,1.982048,2.1741497,2.4196827,2.643706,2.6879459,3,2,2,3,3,1,https://zibramax.github.io/FEMViewer/?mesh=https://raw.githubusercontent.com/ZibraMax/non-local-frequencies-nanostructures/refs/heads/main/Esferas_cubic_material_2\Sphere_15.0_3.0_0.6_20250616-153517.json&mode=6&magnif=6
5.323,3.0,128900000.0,48300000.0,67099999.99999999,9672.869427,Sphere_15.0_3.0_20250616-153524,Germanium cubic,15.0,0.6,0.2,3550.446942624478,1.8410972,1.919371,2.1707968,2.410377,2.5616911,2.6057443,3,2,2,3,3,1,https://zibramax.github.io/FEMViewer/?mesh=https://raw.githubusercontent.com/ZibraMax/non-local-frequencies-nanostructures/refs/heads/main/Esferas_cubic_material_2\Sphere_15.0_3.0_0.6_20250616-153524.json&mode=6&magnif=6
3.515,3.0,1079000000.0,124000000.0,578000000.0,9719.001169,Sphere_15.0_3.0_20250616-153535,Carbon cubic,15.0,0.6,0.2,12823.342868880141,2.0758056,2.1845698,2.2039561,2.4061876,2.545973,2.8778922,3,2,2,3,3,1,https://zibramax.github.io/FEMViewer/?mesh=https://raw.githubusercontent.com/ZibraMax/non-local-frequencies-nanostructures/refs/heads/main/Esferas_cubic_material_2\Sphere_15.0_3.0_0.6_20250616-153535.json&mode=6&magnif=6
2.329,3.0,166000000.0,63900000.0,79600000.0,9693.525326,Sphere_15.0_3.0_20250616-153517,Silicon cubic,15.0,0.7,0.2,5846.174706140654,1.9676146,2.0367346,2.2622512,2.4896337,2.7538203,2.8334833,3,2,2,3,3,1,https://zibramax.github.io/FEMViewer/?mesh=https://raw.githubusercontent.com/ZibraMax/non-local-frequencies-nanostructures/refs/heads/main/Esferas_cubic_material_2\Sphere_15.0_3.0_0.7_20250616-153517.json&mode=6&magnif=6
5.323,3.0,128900000.0,48300000.0,67099999.99999999,9672.869427,Sphere_15.0_3.0_20250616-153524,Germanium cubic,15.0,0.7,0.2,3550.446942624478,1.9171724,1.9723614,2.2587772,2.4809114,2.6685834,2.7469403,3,2,2,3,3,1,https://zibramax.github.io/FEMViewer/?mesh=https://raw.githubusercontent.com/ZibraMax/non-local-frequencies-nanostructures/refs/heads/main/Esferas_cubic_material_2\Sphere_15.0_3.0_0.7_20250616-153524.json&mode=6&magnif=6
3.515,3.0,1079000000.0,124000000.0,578000000.0,9719.001169,Sphere_15.0_3.0_20250616-153535,Carbon cubic,15.0,0.7,0.2,12823.342868880141,2.1611317,2.267604,2.273071,2.4778815,2.6502187,2.9501613,3,2,2,3,3,1,https://zibramax.github.io/FEMViewer/?mesh=https://raw.githubusercontent.com/ZibraMax/non-local-frequencies-nanostructures/refs/heads/main/Esferas_cubic_material_2\Sphere_15.0_3.0_0.7_20250616-153535.json&mode=6&magnif=6
2.329,3.0,166000000.0,63900000.0,79600000.0,9693.525326,Sphere_15.0_3.0_20250616-153517,Silicon cubic,15.0,0.8,0.2,5846.174706140654,2.0425979,2.088889,2.3469535,2.5557747,2.8592135,2.9718468,3,2,2,3,3,1,https://zibramax.github.io/FEMViewer/?mesh=https://raw.githubusercontent.com/ZibraMax/non-local-frequencies-nanostructures/refs/heads/main/Esferas_cubic_material_2\Sphere_15.0_3.0_0.8_20250616-153517.json&mode=6&magnif=6
5.323,3.0,128900000.0,48300000.0,67099999.99999999,9672.869427,Sphere_15.0_3.0_20250616-153524,Germanium cubic,15.0,0.8,0.2,3550.446942624478,1.9902862,2.0228954,2.3433571,2.5474463,2.7708727,2.881173,3,2,2,3,3,1,https://zibramax.github.io/FEMViewer/?mesh=https://raw.githubusercontent.com/ZibraMax/non-local-frequencies-nanostructures/refs/heads/main/Esferas_cubic_material_2\Sphere_15.0_3.0_0.8_20250616-153524.json&mode=6&magnif=6
3.515,3.0,1079000000.0,124000000.0,578000000.0,9719.001169,Sphere_15.0_3.0_20250616-153535,Carbon cubic,15.0,0.8,0.2,12823.342868880141,2.2431539,2.3278106,2.3581731,2.5453708,2.7503703,3.0203888,3,2,2,3,3,1,https://zibramax.github.io/FEMViewer/?mesh=https://raw.githubusercontent.com/ZibraMax/non-local-frequencies-nanostructures/refs/heads/main/Esferas_cubic_material_2\Sphere_15.0_3.0_0.8_20250616-153535.json&mode=6&magnif=6
2.329,3.0,166000000.0,63900000.0,79600000.0,9693.525326,Sphere_15.0_3.0_20250616-153517,Silicon cubic,15.0,0.9,0.2,5846.174706140654,2.1148858,2.1389986,2.4286394,2.618928,2.9605412,3.1040123,3,2,2,3,3,1,https://zibramax.github.io/FEMViewer/?mesh=https://raw.githubusercontent.com/ZibraMax/non-local-frequencies-nanostructures/refs/heads/main/Esferas_cubic_material_2\Sphere_15.0_3.0_0.9_20250616-153517.json&mode=6&magnif=6
5.323,3.0,128900000.0,48300000.0,67099999.99999999,9672.869427,Sphere_15.0_3.0_20250616-153524,Germanium cubic,15.0,0.9,0.2,3550.446942624478,2.0607698,2.0714465,2.4249209,2.6108701,2.8692026,3.0093899,3,2,2,3,3,1,https://zibramax.github.io/FEMViewer/?mesh=https://raw.githubusercontent.com/ZibraMax/non-local-frequencies-nanostructures/refs/heads/main/Esferas_cubic_material_2\Sphere_15.0_3.0_0.9_20250616-153524.json&mode=6&magnif=6
3.515,3.0,1079000000.0,124000000.0,578000000.0,9719.001169,Sphere_15.0_3.0_20250616-153535,Carbon cubic,15.0,0.9,0.2,12823.342868880141,2.3222395,2.3853083,2.4402546,2.60959,2.8469027,3.0887969,3,2,2,3,3,1,https://zibramax.github.io/FEMViewer/?mesh=https://raw.githubusercontent.com/ZibraMax/non-local-frequencies-nanostructures/refs/heads/main/Esferas_cubic_material_2\Sphere_15.0_3.0_0.9_20250616-153535.json&mode=6&magnif=6
2.329,3.0,166000000.0,63900000.0,79600000.0,9693.525326,Sphere_15.0_3.0_20250616-153517,Silicon cubic,15.0,1.0,0.2,5846.174706140654,2.1847559,2.1873989,2.5076203,2.6796447,3.058297,3.2307505,3,2,2,3,3,1,https://zibramax.github.io/FEMViewer/?mesh=https://raw.githubusercontent.com/ZibraMax/non-local-frequencies-nanostructures/refs/heads/main/Esferas_cubic_material_2\Sphere_15.0_3.0_1.0_20250616-153517.json&mode=6&magnif=6
5.323,3.0,128900000.0,48300000.0,67099999.99999999,9672.869427,Sphere_15.0_3.0_20250616-153524,Germanium cubic,15.0,1.0,0.2,3550.446942624478,2.1183404,2.1288943,2.503781,2.6717733,2.9640562,3.1323392,2,3,2,3,3,1,https://zibramax.github.io/FEMViewer/?mesh=https://raw.githubusercontent.com/ZibraMax/non-local-frequencies-nanostructures/refs/heads/main/Esferas_cubic_material_2\Sphere_15.0_3.0_1.0_20250616-153524.json&mode=6&magnif=6
3.515,3.0,1079000000.0,124000000.0,578000000.0,9719.001169,Sphere_15.0_3.0_20250616-153535,Carbon cubic,15.0,1.0,0.2,12823.342868880141,2.3986898,2.4405927,2.5196249,2.6711669,2.9401984,3.1555582,3,2,2,3,3,1,https://zibramax.github.io/FEMViewer/?mesh=https://raw.githubusercontent.com/ZibraMax/non-local-frequencies-nanostructures/refs/heads/main/Esferas_cubic_material_2\Sphere_15.0_3.0_1.0_20250616-153535.json&mode=6&magnif=6
2.329,7.5,166000000.0,63900000.0,79600000.0,13835.574117,Sphere_15.0_7.5_20250616-153519,Silicon cubic,15.0,0.0,0.5,5846.174706140654,0.1419607,0.1422488,0.1427106,0.1434476,0.143825,0.1444096,3,2,3,3,2,1,https://zibramax.github.io/FEMViewer/?mesh=https://raw.githubusercontent.com/ZibraMax/non-local-frequencies-nanostructures/refs/heads/main/Esferas_cubic_material_2\Sphere_15.0_7.5_0.0_20250616-153519.json&mode=6&magnif=6
5.323,7.5,128900000.0,48300000.0,67099999.99999999,13810.859505,Sphere_15.0_7.5_20250616-153527,Germanium cubic,15.0,0.0,0.5,3550.446942624478,0.1398917,0.1401687,0.1405667,0.1407006,0.1410658,0.141609,3,2,3,3,2,1,https://zibramax.github.io/FEMViewer/?mesh=https://raw.githubusercontent.com/ZibraMax/non-local-frequencies-nanostructures/refs/heads/main/Esferas_cubic_material_2\Sphere_15.0_7.5_0.0_20250616-153527.json&mode=6&magnif=6
3.515,7.5,1079000000.0,124000000.0,578000000.0,13816.819267,Sphere_15.0_7.5_20250616-153541,Carbon cubic,15.0,0.0,0.5,12823.342868880141,0.1397069,0.1399414,0.1402988,0.1415178,0.1422824,0.14253,3,2,3,3,2,1,https://zibramax.github.io/FEMViewer/?mesh=https://raw.githubusercontent.com/ZibraMax/non-local-frequencies-nanostructures/refs/heads/main/Esferas_cubic_material_2\Sphere_15.0_7.5_0.0_20250616-153541.json&mode=6&magnif=6
2.329,7.5,166000000.0,63900000.0,79600000.0,13835.574117,Sphere_15.0_7.5_20250616-153519,Silicon cubic,15.0,0.1,0.5,5846.174706140654,0.8834919,1.015738,1.0214113,1.1363666,1.1942121,1.2100499,3,2,2,1,3,1,https://zibramax.github.io/FEMViewer/?mesh=https://raw.githubusercontent.com/ZibraMax/non-local-frequencies-nanostructures/refs/heads/main/Esferas_cubic_material_2\Sphere_15.0_7.5_0.1_20250616-153519.json&mode=6&magnif=6
5.323,7.5,128900000.0,48300000.0,67099999.99999999,13810.859505,Sphere_15.0_7.5_20250616-153527,Germanium cubic,15.0,0.1,0.5,3550.446942624478,0.8607844,0.9891966,1.0136353,1.1016477,1.1721856,1.1774538,3,2,2,1,3,1,https://zibramax.github.io/FEMViewer/?mesh=https://raw.githubusercontent.com/ZibraMax/non-local-frequencies-nanostructures/refs/heads/main/Esferas_cubic_material_2\Sphere_15.0_7.5_0.1_20250616-153527.json&mode=6&magnif=6
3.515,7.5,1079000000.0,124000000.0,578000000.0,13816.819267,Sphere_15.0_7.5_20250616-153541,Carbon cubic,15.0,0.1,0.5,12823.342868880141,0.9706659,1.0221132,1.0992295,1.1824393,1.184509,1.2757797,3,2,2,3,3,1,https://zibramax.github.io/FEMViewer/?mesh=https://raw.githubusercontent.com/ZibraMax/non-local-frequencies-nanostructures/refs/heads/main/Esferas_cubic_material_2\Sphere_15.0_7.5_0.1_20250616-153541.json&mode=6&magnif=6
2.329,7.5,166000000.0,63900000.0,79600000.0,13835.574117,Sphere_15.0_7.5_20250616-153519,Silicon cubic,15.0,0.2,0.5,5846.174706140654,1.1077973,1.248869,1.2732879,1.5006384,1.5194581,1.5377686,3,2,2,3,1,1,https://zibramax.github.io/FEMViewer/?mesh=https://raw.githubusercontent.com/ZibraMax/non-local-frequencies-nanostructures/refs/heads/main/Esferas_cubic_material_2\Sphere_15.0_7.5_0.2_20250616-153519.json&mode=6&magnif=6
5.323,7.5,128900000.0,48300000.0,67099999.99999999,13810.859505,Sphere_15.0_7.5_20250616-153527,Germanium cubic,15.0,0.2,0.5,3550.446942624478,1.0793886,1.2095369,1.2710524,1.4730963,1.4893241,1.4900676,3,2,2,1,3,1,https://zibramax.github.io/FEMViewer/?mesh=https://raw.githubusercontent.com/ZibraMax/non-local-frequencies-nanostructures/refs/heads/main/Esferas_cubic_material_2\Sphere_15.0_7.5_0.2_20250616-153527.json&mode=6&magnif=6
3.515,7.5,1079000000.0,124000000.0,578000000.0,13816.819267,Sphere_15.0_7.5_20250616-153541,Carbon cubic,15.0,0.2,0.5,12823.342868880141,1.2167649,1.2801889,1.3688913,1.4854049,1.4889458,1.7053596,3,2,2,3,3,1,https://zibramax.github.io/FEMViewer/?mesh=https://raw.githubusercontent.com/ZibraMax/non-local-frequencies-nanostructures/refs/heads/main/Esferas_cubic_material_2\Sphere_15.0_7.5_0.2_20250616-153541.json&mode=6&magnif=6
2.329,7.5,166000000.0,63900000.0,79600000.0,13835.574117,Sphere_15.0_7.5_20250616-153519,Silicon cubic,15.0,0.3,0.5,5846.174706140654,1.2928223,1.4147839,1.4853682,1.7148379,1.8013904,1.8235191,3,2,2,3,3,1,https://zibramax.github.io/FEMViewer/?mesh=https://raw.githubusercontent.com/ZibraMax/non-local-frequencies-nanostructures/refs/heads/main/Esferas_cubic_material_2\Sphere_15.0_7.5_0.3_20250616-153519.json&mode=6&magnif=6
5.323,7.5,128900000.0,48300000.0,67099999.99999999,13810.859505,Sphere_15.0_7.5_20250616-153527,Germanium cubic,15.0,0.3,0.5,3550.446942624478,1.2597033,1.3702057,1.4829046,1.7056739,1.7456717,1.7679143,3,2,2,3,3,1,https://zibramax.github.io/FEMViewer/?mesh=https://raw.githubusercontent.com/ZibraMax/non-local-frequencies-nanostructures/refs/heads/main/Esferas_cubic_material_2\Sphere_15.0_7.5_0.3_20250616-153527.json&mode=6&magnif=6
3.515,7.5,1079000000.0,124000000.0,578000000.0,13816.819267,Sphere_15.0_7.5_20250616-153541,Carbon cubic,15.0,0.3,0.5,12823.342868880141,1.4197919,1.4930155,1.5625355,1.7018173,1.738734,2.0463494,3,2,2,3,3,1,https://zibramax.github.io/FEMViewer/?mesh=https://raw.githubusercontent.com/ZibraMax/non-local-frequencies-nanostructures/refs/heads/main/Esferas_cubic_material_2\Sphere_15.0_7.5_0.3_20250616-153541.json&mode=6&magnif=6
2.329,7.5,166000000.0,63900000.0,79600000.0,13835.574117,Sphere_15.0_7.5_20250616-153519,Silicon cubic,15.0,0.4,0.5,5846.174706140654,1.4542719,1.5548142,1.6703834,1.8922204,2.0298879,2.0836137,3,2,2,3,3,1,https://zibramax.github.io/FEMViewer/?mesh=https://raw.githubusercontent.com/ZibraMax/non-local-frequencies-nanostructures/refs/heads/main/Esferas_cubic_material_2\Sphere_15.0_7.5_0.4_20250616-153519.json&mode=6&magnif=6
5.323,7.5,128900000.0,48300000.0,67099999.99999999,13810.859505,Sphere_15.0_7.5_20250616-153527,Germanium cubic,15.0,0.4,0.5,3550.446942624478,1.4170397,1.5057981,1.6676912,1.8839271,1.967188,2.0201001,3,2,2,3,3,1,https://zibramax.github.io/FEMViewer/?mesh=https://raw.githubusercontent.com/ZibraMax/non-local-frequencies-nanostructures/refs/heads/main/Esferas_cubic_material_2\Sphere_15.0_7.5_0.4_20250616-153527.json&mode=6&magnif=6
3.515,7.5,1079000000.0,124000000.0,578000000.0,13816.819267,Sphere_15.0_7.5_20250616-153541,Carbon cubic,15.0,0.4,0.5,12823.342868880141,1.5969644,1.6787629,1.7237258,1.8808489,1.9563928,2.2823432,3,2,2,3,3,1,https://zibramax.github.io/FEMViewer/?mesh=https://raw.githubusercontent.com/ZibraMax/non-local-frequencies-nanostructures/refs/heads/main/Esferas_cubic_material_2\Sphere_15.0_7.5_0.4_20250616-153541.json&mode=6&magnif=6
2.329,7.5,166000000.0,63900000.0,79600000.0,13835.574117,Sphere_15.0_7.5_20250616-153519,Silicon cubic,15.0,0.5,0.5,5846.174706140654,1.5994232,1.6797406,1.8367233,2.0489787,2.2347211,2.3146428,3,2,2,3,3,1,https://zibramax.github.io/FEMViewer/?mesh=https://raw.githubusercontent.com/ZibraMax/non-local-frequencies-nanostructures/refs/heads/main/Esferas_cubic_material_2\Sphere_15.0_7.5_0.5_20250616-153519.json&mode=6&magnif=6
5.323,7.5,128900000.0,48300000.0,67099999.99999999,13810.859505,Sphere_15.0_7.5_20250616-153527,Germanium cubic,15.0,0.5,0.5,3550.446942624478,1.5584912,1.6267643,1.8338134,2.0410727,2.16575,2.2441027,3,2,2,3,3,1,https://zibramax.github.io/FEMViewer/?mesh=https://raw.githubusercontent.com/ZibraMax/non-local-frequencies-nanostructures/refs/heads/main/Esferas_cubic_material_2\Sphere_15.0_7.5_0.5_20250616-153527.json&mode=6&magnif=6
3.515,7.5,1079000000.0,124000000.0,578000000.0,13816.819267,Sphere_15.0_7.5_20250616-153541,Carbon cubic,15.0,0.5,0.5,12823.342868880141,1.7562605,1.8457945,1.8663621,2.0386641,2.1519657,2.4511357,3,2,2,3,3,1,https://zibramax.github.io/FEMViewer/?mesh=https://raw.githubusercontent.com/ZibraMax/non-local-frequencies-nanostructures/refs/heads/main/Esferas_cubic_material_2\Sphere_15.0_7.5_0.5_20250616-153541.json&mode=6&magnif=6
2.329,7.5,166000000.0,63900000.0,79600000.0,13835.574117,Sphere_15.0_7.5_20250616-153519,Silicon cubic,15.0,0.6,0.5,5846.174706140654,1.7324162,1.794264,1.9891394,2.1919133,2.4221,2.5246082,3,2,2,3,3,1,https://zibramax.github.io/FEMViewer/?mesh=https://raw.githubusercontent.com/ZibraMax/non-local-frequencies-nanostructures/refs/heads/main/Esferas_cubic_material_2\Sphere_15.0_7.5_0.6_20250616-153519.json&mode=6&magnif=6
5.323,7.5,128900000.0,48300000.0,67099999.99999999,13810.859505,Sphere_15.0_7.5_20250616-153527,Germanium cubic,15.0,0.6,0.5,3550.446942624478,1.6880933,1.7376579,1.9860238,2.1841711,2.3473854,2.4476814,3,2,2,3,3,1,https://zibramax.github.io/FEMViewer/?mesh=https://raw.githubusercontent.com/ZibraMax/non-local-frequencies-nanostructures/refs/heads/main/Esferas_cubic_material_2\Sphere_15.0_7.5_0.6_20250616-153527.json&mode=6&magnif=6
3.515,7.5,1079000000.0,124000000.0,578000000.0,13816.819267,Sphere_15.0_7.5_20250616-153541,Carbon cubic,15.0,0.6,0.5,12823.342868880141,1.9022195,1.996478,1.9988617,2.1822874,2.3311028,2.6080805,3,2,2,3,3,1,https://zibramax.github.io/FEMViewer/?mesh=https://raw.githubusercontent.com/ZibraMax/non-local-frequencies-nanostructures/refs/heads/main/Esferas_cubic_material_2\Sphere_15.0_7.5_0.6_20250616-153541.json&mode=6&magnif=6
2.329,7.5,166000000.0,63900000.0,79600000.0,13835.574117,Sphere_15.0_7.5_20250616-153519,Silicon cubic,15.0,0.7,0.5,5846.174706140654,1.8558821,1.900936,2.1306467,2.3246035,2.5958855,2.7183991,3,2,2,3,3,1,https://zibramax.github.io/FEMViewer/?mesh=https://raw.githubusercontent.com/ZibraMax/non-local-frequencies-nanostructures/refs/heads/main/Esferas_cubic_material_2\Sphere_15.0_7.5_0.7_20250616-153519.json&mode=6&magnif=6
5.323,7.5,128900000.0,48300000.0,67099999.99999999,13810.859505,Sphere_15.0_7.5_20250616-153527,Germanium cubic,15.0,0.7,0.5,3550.446942624478,1.8084104,1.8409499,2.1273365,2.3169073,2.5158403,2.6355768,3,2,2,3,3,1,https://zibramax.github.io/FEMViewer/?mesh=https://raw.githubusercontent.com/ZibraMax/non-local-frequencies-nanostructures/refs/heads/main/Esferas_cubic_material_2\Sphere_15.0_7.5_0.7_20250616-153527.json&mode=6&magnif=6
3.515,7.5,1079000000.0,124000000.0,578000000.0,13816.819267,Sphere_15.0_7.5_20250616-153541,Carbon cubic,15.0,0.7,0.5,12823.342868880141,2.0377268,2.1172906,2.1409835,2.3154395,2.4973776,2.7555744,3,2,2,3,3,1,https://zibramax.github.io/FEMViewer/?mesh=https://raw.githubusercontent.com/ZibraMax/non-local-frequencies-nanostructures/refs/heads/main/Esferas_cubic_material_2\Sphere_15.0_7.5_0.7_20250616-153541.json&mode=6&magnif=6
2.329,7.5,166000000.0,63900000.0,79600000.0,13835.574117,Sphere_15.0_7.5_20250616-153519,Silicon cubic,15.0,0.8,0.5,5846.174706140654,1.971619,2.0013446,2.2633039,2.4492232,2.7586847,2.8992625,3,2,2,3,3,1,https://zibramax.github.io/FEMViewer/?mesh=https://raw.githubusercontent.com/ZibraMax/non-local-frequencies-nanostructures/refs/heads/main/Esferas_cubic_material_2\Sphere_15.0_7.5_0.8_20250616-153519.json&mode=6&magnif=6
5.323,7.5,128900000.0,48300000.0,67099999.99999999,13810.859505,Sphere_15.0_7.5_20250616-153527,Germanium cubic,15.0,0.8,0.5,3550.446942624478,1.9211951,1.9381778,2.259809,2.4415051,2.6736433,2.8109375,3,2,2,3,3,1,https://zibramax.github.io/FEMViewer/?mesh=https://raw.githubusercontent.com/ZibraMax/non-local-frequencies-nanostructures/refs/heads/main/Esferas_cubic_material_2\Sphere_15.0_7.5_0.8_20250616-153527.json&mode=6&magnif=6
3.515,7.5,1079000000.0,124000000.0,578000000.0,13816.819267,Sphere_15.0_7.5_20250616-153541,Carbon cubic,15.0,0.8,0.5,12823.342868880141,2.1647543,2.2307653,2.2742234,2.4403755,2.6532255,2.8952446,3,2,2,3,3,1,https://zibramax.github.io/FEMViewer/?mesh=https://raw.githubusercontent.com/ZibraMax/non-local-frequencies-nanostructures/refs/heads/main/Esferas_cubic_material_2\Sphere_15.0_7.5_0.8_20250616-153541.json&mode=6&magnif=6
2.329,7.5,166000000.0,63900000.0,79600000.0,13835.574117,Sphere_15.0_7.5_20250616-153519,Silicon cubic,15.0,0.9,0.5,5846.174706140654,2.0809208,2.0965711,2.3885924,2.5672248,2.9123596,3.0694853,3,2,2,3,3,1,https://zibramax.github.io/FEMViewer/?mesh=https://raw.githubusercontent.com/ZibraMax/non-local-frequencies-nanostructures/refs/heads/main/Esferas_cubic_material_2\Sphere_15.0_7.5_0.9_20250616-153519.json&mode=6&magnif=6
5.323,7.5,128900000.0,48300000.0,67099999.99999999,13810.859505,Sphere_15.0_7.5_20250616-153527,Germanium cubic,15.0,0.9,0.5,3550.446942624478,2.0277085,2.0303886,2.3849214,2.5594433,2.8226004,2.975981,3,2,2,3,3,1,https://zibramax.github.io/FEMViewer/?mesh=https://raw.githubusercontent.com/ZibraMax/non-local-frequencies-nanostructures/refs/heads/main/Esferas_cubic_material_2\Sphere_15.0_7.5_0.9_20250616-153527.json&mode=6&magnif=6
3.515,7.5,1079000000.0,124000000.0,578000000.0,13816.819267,Sphere_15.0_7.5_20250616-153541,Carbon cubic,15.0,0.9,0.5,12823.342868880141,2.2847213,2.3382189,2.4000666,2.5585959,2.8003963,3.0282732,3,2,2,3,3,1,https://zibramax.github.io/FEMViewer/?mesh=https://raw.githubusercontent.com/ZibraMax/non-local-frequencies-nanostructures/refs/heads/main/Esferas_cubic_material_2\Sphere_15.0_7.5_0.9_20250616-153541.json&mode=6&magnif=6
2.329,7.5,166000000.0,63900000.0,79600000.0,13835.574117,Sphere_15.0_7.5_20250616-153519,Silicon cubic,15.0,1.0,0.5,5846.174706140654,2.1847559,2.1873989,2.5076203,2.6796447,3.058297,3.2307505,3,2,2,3,3,1,https://zibramax.github.io/FEMViewer/?mesh=https://raw.githubusercontent.com/ZibraMax/non-local-frequencies-nanostructures/refs/heads/main/Esferas_cubic_material_2\Sphere_15.0_7.5_1.0_20250616-153519.json&mode=6&magnif=6
5.323,7.5,128900000.0,48300000.0,67099999.99999999,13810.859505,Sphere_15.0_7.5_20250616-153527,Germanium cubic,15.0,1.0,0.5,3550.446942624478,2.1183404,2.1288943,2.503781,2.6717733,2.9640562,3.1323392,2,3,2,3,3,1,https://zibramax.github.io/FEMViewer/?mesh=https://raw.githubusercontent.com/ZibraMax/non-local-frequencies-nanostructures/refs/heads/main/Esferas_cubic_material_2\Sphere_15.0_7.5_1.0_20250616-153527.json&mode=6&magnif=6
3.515,7.5,1079000000.0,124000000.0,578000000.0,13816.819267,Sphere_15.0_7.5_20250616-153541,Carbon cubic,15.0,1.0,0.5,12823.342868880141,2.3986898,2.4405927,2.5196249,2.6711669,2.9401984,3.1555582,3,2,2,3,3,1,https://zibramax.github.io/FEMViewer/?mesh=https://raw.githubusercontent.com/ZibraMax/non-local-frequencies-nanostructures/refs/heads/main/Esferas_cubic_material_2\Sphere_15.0_7.5_1.0_20250616-153541.json&mode=6&magnif=6
2.329,0.5,166000000.0,63900000.0,79600000.0,9675.1971,Sphere_2.5_0.5_20250616-153516,Silicon cubic,2.5,0.0,0.2,5846.174706140654,0.862173,0.8638638,0.8656238,0.8681095,0.8721313,-,2,3,3,3,3,-,https://zibramax.github.io/FEMViewer/?mesh=https://raw.githubusercontent.com/ZibraMax/non-local-frequencies-nanostructures/refs/heads/main/Esferas_cubic_material_2\Sphere_2.5_0.5_0.0_20250616-153516.json&mode=6&magnif=6
5.323,0.5,128900000.0,48300000.0,67099999.99999999,9712.643957,Sphere_2.5_0.5_20250616-153522,Germanium cubic,2.5,0.0,0.2,3550.446942624478,0.8494018,0.8505662,0.8509977,0.8548534,0.8563363,-,2,3,3,3,3,-,https://zibramax.github.io/FEMViewer/?mesh=https://raw.githubusercontent.com/ZibraMax/non-local-frequencies-nanostructures/refs/heads/main/Esferas_cubic_material_2\Sphere_2.5_0.5_0.0_20250616-153522.json&mode=6&magnif=6
3.515,0.5,1079000000.0,124000000.0,578000000.0,9725.092739,Sphere_2.5_0.5_20250616-153531,Carbon cubic,2.5,0.0,0.2,12823.342868880141,0.8483023,0.8495297,0.8533402,0.8540973,0.8588965,-,2,3,3,3,3,-,https://zibramax.github.io/FEMViewer/?mesh=https://raw.githubusercontent.com/ZibraMax/non-local-frequencies-nanostructures/refs/heads/main/Esferas_cubic_material_2\Sphere_2.5_0.5_0.0_20250616-153531.json&mode=6&magnif=6
2.329,0.5,166000000.0,63900000.0,79600000.0,9675.1971,Sphere_2.5_0.5_20250616-153516,Silicon cubic,2.5,0.1,0.2,5846.174706140654,1.4317838,1.6116122,1.6561197,1.7833901,1.8965363,1.9315974,3,2,2,1,3,1,https://zibramax.github.io/FEMViewer/?mesh=https://raw.githubusercontent.com/ZibraMax/non-local-frequencies-nanostructures/refs/heads/main/Esferas_cubic_material_2\Sphere_2.5_0.5_0.1_20250616-153516.json&mode=6&magnif=6
5.323,0.5,128900000.0,48300000.0,67099999.99999999,9712.643957,Sphere_2.5_0.5_20250616-153522,Germanium cubic,2.5,0.1,0.2,3550.446942624478,1.3945789,1.5600879,1.6528907,1.728179,1.868196,1.869828,3,2,2,1,3,1,https://zibramax.github.io/FEMViewer/?mesh=https://raw.githubusercontent.com/ZibraMax/non-local-frequencies-nanostructures/refs/heads/main/Esferas_cubic_material_2\Sphere_2.5_0.5_0.1_20250616-153522.json&mode=6&magnif=6
3.515,0.5,1079000000.0,124000000.0,578000000.0,9725.092739,Sphere_2.5_0.5_20250616-153531,Carbon cubic,2.5,0.1,0.2,12823.342868880141,1.5756368,1.665604,1.7459285,1.8748915,1.9259624,2.0084206,3,2,2,3,3,1,https://zibramax.github.io/FEMViewer/?mesh=https://raw.githubusercontent.com/ZibraMax/non-local-frequencies-nanostructures/refs/heads/main/Esferas_cubic_material_2\Sphere_2.5_0.5_0.1_20250616-153531.json&mode=6&magnif=6
2.329,0.5,166000000.0,63900000.0,79600000.0,9675.1971,Sphere_2.5_0.5_20250616-153516,Silicon cubic,2.5,0.2,0.2,5846.174706140654,1.5362081,1.7123018,1.7749405,1.9999765,2.0541732,2.123161,3,2,2,1,3,1,https://zibramax.github.io/FEMViewer/?mesh=https://raw.githubusercontent.com/ZibraMax/non-local-frequencies-nanostructures/refs/heads/main/Esferas_cubic_material_2\Sphere_2.5_0.5_0.2_20250616-153516.json&mode=6&magnif=6
5.323,0.5,128900000.0,48300000.0,67099999.99999999,9712.643957,Sphere_2.5_0.5_20250616-153522,Germanium cubic,2.5,0.2,0.2,3550.446942624478,1.4964546,1.6578524,1.7718963,1.938266,2.0350193,2.055735,3,2,2,1,3,1,https://zibramax.github.io/FEMViewer/?mesh=https://raw.githubusercontent.com/ZibraMax/non-local-frequencies-nanostructures/refs/heads/main/Esferas_cubic_material_2\Sphere_2.5_0.5_0.2_20250616-153522.json&mode=6&magnif=6
3.515,0.5,1079000000.0,124000000.0,578000000.0,9725.092739,Sphere_2.5_0.5_20250616-153531,Carbon cubic,2.5,0.2,0.2,12823.342868880141,1.6896029,1.7841409,1.8757935,2.0277693,2.0711953,2.2502872,3,2,2,3,3,1,https://zibramax.github.io/FEMViewer/?mesh=https://raw.githubusercontent.com/ZibraMax/non-local-frequencies-nanostructures/refs/heads/main/Esferas_cubic_material_2\Sphere_2.5_0.5_0.2_20250616-153531.json&mode=6&magnif=6
2.329,0.5,166000000.0,63900000.0,79600000.0,9675.1971,Sphere_2.5_0.5_20250616-153516,Silicon cubic,2.5,0.3,0.2,5846.174706140654,1.6323837,1.7924469,1.8837366,2.1683876,2.1930868,2.2723477,3,2,2,3,1,1,https://zibramax.github.io/FEMViewer/?mesh=https://raw.githubusercontent.com/ZibraMax/non-local-frequencies-nanostructures/refs/heads/main/Esferas_cubic_material_2\Sphere_2.5_0.5_0.3_20250616-153516.json&mode=6&magnif=6
5.323,0.5,128900000.0,48300000.0,67099999.99999999,9712.643957,Sphere_2.5_0.5_20250616-153522,Germanium cubic,2.5,0.3,0.2,3550.446942624478,1.5902623,1.7355945,1.8806816,2.1256234,2.1542154,2.200895,3,2,2,1,3,1,https://zibramax.github.io/FEMViewer/?mesh=https://raw.githubusercontent.com/ZibraMax/non-local-frequencies-nanostructures/refs/heads/main/Esferas_cubic_material_2\Sphere_2.5_0.5_0.3_20250616-153522.json&mode=6&magnif=6
3.515,0.5,1079000000.0,124000000.0,578000000.0,9725.092739,Sphere_2.5_0.5_20250616-153531,Carbon cubic,2.5,0.3,0.2,12823.342868880141,1.7946461,1.8930914,1.9765045,2.1456362,2.2013247,2.4657956,3,2,2,3,3,1,https://zibramax.github.io/FEMViewer/?mesh=https://raw.githubusercontent.com/ZibraMax/non-local-frequencies-nanostructures/refs/heads/main/Esferas_cubic_material_2\Sphere_2.5_0.5_0.3_20250616-153531.json&mode=6&magnif=6
2.329,0.5,166000000.0,63900000.0,79600000.0,9675.1971,Sphere_2.5_0.5_20250616-153516,Silicon cubic,2.5,0.4,0.2,5846.174706140654,1.7226346,1.8616089,1.9856614,2.262238,2.3698236,2.4050582,3,2,2,3,1,1,https://zibramax.github.io/FEMViewer/?mesh=https://raw.githubusercontent.com/ZibraMax/non-local-frequencies-nanostructures/refs/heads/main/Esferas_cubic_material_2\Sphere_2.5_0.5_0.4_20250616-153516.json&mode=6&magnif=6
5.323,0.5,128900000.0,48300000.0,67099999.99999999,9712.643957,Sphere_2.5_0.5_20250616-153522,Germanium cubic,2.5,0.4,0.2,3550.446942624478,1.6782809,1.8026473,1.9825291,2.2505972,2.2970996,2.3299071,3,2,2,3,1,1,https://zibramax.github.io/FEMViewer/?mesh=https://raw.githubusercontent.com/ZibraMax/non-local-frequencies-nanostructures/refs/heads/main/Esferas_cubic_material_2\Sphere_2.5_0.5_0.4_20250616-153522.json&mode=6&magnif=6
3.515,0.5,1079000000.0,124000000.0,578000000.0,9725.092739,Sphere_2.5_0.5_20250616-153531,Carbon cubic,2.5,0.4,0.2,12823.342868880141,1.8932679,1.9953225,2.0610238,2.243387,2.3225476,2.6630614,3,2,2,3,3,1,https://zibramax.github.io/FEMViewer/?mesh=https://raw.githubusercontent.com/ZibraMax/non-local-frequencies-nanostructures/refs/heads/main/Esferas_cubic_material_2\Sphere_2.5_0.5_0.4_20250616-153531.json&mode=6&magnif=6
2.329,0.5,166000000.0,63900000.0,79600000.0,9675.1971,Sphere_2.5_0.5_20250616-153516,Silicon cubic,2.5,0.5,0.2,5846.174706140654,1.8081203,1.9240817,2.0821656,2.3446217,2.5279398,2.5339642,3,2,2,3,3,1,https://zibramax.github.io/FEMViewer/?mesh=https://raw.githubusercontent.com/ZibraMax/non-local-frequencies-nanostructures/refs/heads/main/Esferas_cubic_material_2\Sphere_2.5_0.5_0.5_20250616-153516.json&mode=6&magnif=6
5.323,0.5,128900000.0,48300000.0,67099999.99999999,9712.643957,Sphere_2.5_0.5_20250616-153522,Germanium cubic,2.5,0.5,0.2,3550.446942624478,1.761646,1.8631974,2.0789289,2.334423,2.44928,2.456352,3,2,2,3,3,1,https://zibramax.github.io/FEMViewer/?mesh=https://raw.githubusercontent.com/ZibraMax/non-local-frequencies-nanostructures/refs/heads/main/Esferas_cubic_material_2\Sphere_2.5_0.5_0.5_20250616-153522.json&mode=6&magnif=6
3.515,0.5,1079000000.0,124000000.0,578000000.0,9725.092739,Sphere_2.5_0.5_20250616-153531,Carbon cubic,2.5,0.5,0.2,12823.342868880141,1.9867159,2.0921939,2.1357256,2.3288278,2.4370239,2.803279,3,2,2,3,3,1,https://zibramax.github.io/FEMViewer/?mesh=https://raw.githubusercontent.com/ZibraMax/non-local-frequencies-nanostructures/refs/heads/main/Esferas_cubic_material_2\Sphere_2.5_0.5_0.5_20250616-153531.json&mode=6&magnif=6
2.329,0.5,166000000.0,63900000.0,79600000.0,9675.1971,Sphere_2.5_0.5_20250616-153516,Silicon cubic,2.5,0.6,0.2,5846.174706140654,1.8895968,1.982048,2.1741497,2.4196827,2.643706,2.6879459,3,2,2,3,3,1,https://zibramax.github.io/FEMViewer/?mesh=https://raw.githubusercontent.com/ZibraMax/non-local-frequencies-nanostructures/refs/heads/main/Esferas_cubic_material_2\Sphere_2.5_0.5_0.6_20250616-153516.json&mode=6&magnif=6
5.323,0.5,128900000.0,48300000.0,67099999.99999999,9712.643957,Sphere_2.5_0.5_20250616-153522,Germanium cubic,2.5,0.6,0.2,3550.446942624478,1.8410972,1.919371,2.1707968,2.410377,2.5616911,2.6057443,3,2,2,3,3,1,https://zibramax.github.io/FEMViewer/?mesh=https://raw.githubusercontent.com/ZibraMax/non-local-frequencies-nanostructures/refs/heads/main/Esferas_cubic_material_2\Sphere_2.5_0.5_0.6_20250616-153522.json&mode=6&magnif=6
3.515,0.5,1079000000.0,124000000.0,578000000.0,9725.092739,Sphere_2.5_0.5_20250616-153531,Carbon cubic,2.5,0.6,0.2,12823.342868880141,2.0758056,2.1845698,2.2039561,2.4061876,2.545973,2.8778922,3,2,2,3,3,1,https://zibramax.github.io/FEMViewer/?mesh=https://raw.githubusercontent.com/ZibraMax/non-local-frequencies-nanostructures/refs/heads/main/Esferas_cubic_material_2\Sphere_2.5_0.5_0.6_20250616-153531.json&mode=6&magnif=6
2.329,0.5,166000000.0,63900000.0,79600000.0,9675.1971,Sphere_2.5_0.5_20250616-153516,Silicon cubic,2.5,0.7,0.2,5846.174706140654,1.9676146,2.0367346,2.2622512,2.4896337,2.7538203,2.8334833,3,2,2,3,3,1,https://zibramax.github.io/FEMViewer/?mesh=https://raw.githubusercontent.com/ZibraMax/non-local-frequencies-nanostructures/refs/heads/main/Esferas_cubic_material_2\Sphere_2.5_0.5_0.7_20250616-153516.json&mode=6&magnif=6
5.323,0.5,128900000.0,48300000.0,67099999.99999999,9712.643957,Sphere_2.5_0.5_20250616-153522,Germanium cubic,2.5,0.7,0.2,3550.446942624478,1.9171724,1.9723614,2.2587772,2.4809114,2.6685834,2.7469403,3,2,2,3,3,1,https://zibramax.github.io/FEMViewer/?mesh=https://raw.githubusercontent.com/ZibraMax/non-local-frequencies-nanostructures/refs/heads/main/Esferas_cubic_material_2\Sphere_2.5_0.5_0.7_20250616-153522.json&mode=6&magnif=6
3.515,0.5,1079000000.0,124000000.0,578000000.0,9725.092739,Sphere_2.5_0.5_20250616-153531,Carbon cubic,2.5,0.7,0.2,12823.342868880141,2.1611317,2.267604,2.273071,2.4778815,2.6502187,2.9501613,3,2,2,3,3,1,https://zibramax.github.io/FEMViewer/?mesh=https://raw.githubusercontent.com/ZibraMax/non-local-frequencies-nanostructures/refs/heads/main/Esferas_cubic_material_2\Sphere_2.5_0.5_0.7_20250616-153531.json&mode=6&magnif=6
2.329,0.5,166000000.0,63900000.0,79600000.0,9675.1971,Sphere_2.5_0.5_20250616-153516,Silicon cubic,2.5,0.8,0.2,5846.174706140654,2.0425979,2.088889,2.3469535,2.5557747,2.8592135,2.9718468,3,2,2,3,3,1,https://zibramax.github.io/FEMViewer/?mesh=https://raw.githubusercontent.com/ZibraMax/non-local-frequencies-nanostructures/refs/heads/main/Esferas_cubic_material_2\Sphere_2.5_0.5_0.8_20250616-153516.json&mode=6&magnif=6
5.323,0.5,128900000.0,48300000.0,67099999.99999999,9712.643957,Sphere_2.5_0.5_20250616-153522,Germanium cubic,2.5,0.8,0.2,3550.446942624478,1.9902862,2.0228954,2.3433571,2.5474463,2.7708727,2.881173,3,2,2,3,3,1,https://zibramax.github.io/FEMViewer/?mesh=https://raw.githubusercontent.com/ZibraMax/non-local-frequencies-nanostructures/refs/heads/main/Esferas_cubic_material_2\Sphere_2.5_0.5_0.8_20250616-153522.json&mode=6&magnif=6
3.515,0.5,1079000000.0,124000000.0,578000000.0,9725.092739,Sphere_2.5_0.5_20250616-153531,Carbon cubic,2.5,0.8,0.2,12823.342868880141,2.2431539,2.3278106,2.3581731,2.5453708,2.7503703,3.0203888,3,2,2,3,3,1,https://zibramax.github.io/FEMViewer/?mesh=https://raw.githubusercontent.com/ZibraMax/non-local-frequencies-nanostructures/refs/heads/main/Esferas_cubic_material_2\Sphere_2.5_0.5_0.8_20250616-153531.json&mode=6&magnif=6
2.329,0.5,166000000.0,63900000.0,79600000.0,9675.1971,Sphere_2.5_0.5_20250616-153516,Silicon cubic,2.5,0.9,0.2,5846.174706140654,2.1148858,2.1389986,2.4286394,2.618928,2.9605412,3.1040123,3,2,2,3,3,1,https://zibramax.github.io/FEMViewer/?mesh=https://raw.githubusercontent.com/ZibraMax/non-local-frequencies-nanostructures/refs/heads/main/Esferas_cubic_material_2\Sphere_2.5_0.5_0.9_20250616-153516.json&mode=6&magnif=6
5.323,0.5,128900000.0,48300000.0,67099999.99999999,9712.643957,Sphere_2.5_0.5_20250616-153522,Germanium cubic,2.5,0.9,0.2,3550.446942624478,2.0607698,2.0714465,2.4249209,2.6108701,2.8692026,3.0093899,3,2,2,3,3,1,https://zibramax.github.io/FEMViewer/?mesh=https://raw.githubusercontent.com/ZibraMax/non-local-frequencies-nanostructures/refs/heads/main/Esferas_cubic_material_2\Sphere_2.5_0.5_0.9_20250616-153522.json&mode=6&magnif=6
3.515,0.5,1079000000.0,124000000.0,578000000.0,9725.092739,Sphere_2.5_0.5_20250616-153531,Carbon cubic,2.5,0.9,0.2,12823.342868880141,2.3222395,2.3853083,2.4402546,2.60959,2.8469027,3.0887969,3,2,2,3,3,1,https://zibramax.github.io/FEMViewer/?mesh=https://raw.githubusercontent.com/ZibraMax/non-local-frequencies-nanostructures/refs/heads/main/Esferas_cubic_material_2\Sphere_2.5_0.5_0.9_20250616-153531.json&mode=6&magnif=6
2.329,0.5,166000000.0,63900000.0,79600000.0,9675.1971,Sphere_2.5_0.5_20250616-153516,Silicon cubic,2.5,1.0,0.2,5846.174706140654,2.1847559,2.1873989,2.5076203,2.6796447,3.058297,3.2307505,3,2,2,3,3,1,https://zibramax.github.io/FEMViewer/?mesh=https://raw.githubusercontent.com/ZibraMax/non-local-frequencies-nanostructures/refs/heads/main/Esferas_cubic_material_2\Sphere_2.5_0.5_1.0_20250616-153516.json&mode=6&magnif=6
5.323,0.5,128900000.0,48300000.0,67099999.99999999,9712.643957,Sphere_2.5_0.5_20250616-153522,Germanium cubic,2.5,1.0,0.2,3550.446942624478,2.1183404,2.1288943,2.503781,2.6717733,2.9640562,3.1323392,2,3,2,3,3,1,https://zibramax.github.io/FEMViewer/?mesh=https://raw.githubusercontent.com/ZibraMax/non-local-frequencies-nanostructures/refs/heads/main/Esferas_cubic_material_2\Sphere_2.5_0.5_1.0_20250616-153522.json&mode=6&magnif=6
3.515,0.5,1079000000.0,124000000.0,578000000.0,9725.092739,Sphere_2.5_0.5_20250616-153531,Carbon cubic,2.5,1.0,0.2,12823.342868880141,2.3986898,2.4405927,2.5196249,2.6711669,2.9401984,3.1555582,3,2,2,3,3,1,https://zibramax.github.io/FEMViewer/?mesh=https://raw.githubusercontent.com/ZibraMax/non-local-frequencies-nanostructures/refs/heads/main/Esferas_cubic_material_2\Sphere_2.5_0.5_1.0_20250616-153531.json&mode=6&magnif=6
3.515,1.0,1079000000.0,124000000.0,578000000.0,8141.919253,Sphere_2.5_1.0_20250616-182153,Carbon cubic,2.5,0.0,0.4,12823.342868880141,0.2176036,0.2179724,0.2185032,0.2203791,0.2215234,0.2219129,3,2,3,3,2,1,https://zibramax.github.io/FEMViewer/?mesh=https://raw.githubusercontent.com/ZibraMax/non-local-frequencies-nanostructures/refs/heads/main/Esferas_cubic_material_2\Sphere_2.5_1.0_0.0_20250616-182153.json&mode=6&magnif=6
2.329,1.0,166000000.0,63900000.0,79600000.0,8020.236731,Sphere_2.5_1.0_20250616-182410,Silicon cubic,2.5,0.0,0.4,5846.174706140654,0.2211175,0.2215593,0.2222667,0.2234237,0.22406,0.2249235,3,2,3,3,2,1,https://zibramax.github.io/FEMViewer/?mesh=https://raw.githubusercontent.com/ZibraMax/non-local-frequencies-nanostructures/refs/heads/main/Esferas_cubic_material_2\Sphere_2.5_1.0_0.0_20250616-182410.json&mode=6&magnif=6
5.323,1.0,128900000.0,48300000.0,67099999.99999999,7961.500802,Sphere_2.5_1.0_20250616-182536,Germanium cubic,2.5,0.0,0.4,3550.446942624478,0.2178918,0.2183107,0.2189248,0.2191625,0.2197704,0.2205732,3,2,3,3,2,1,https://zibramax.github.io/FEMViewer/?mesh=https://raw.githubusercontent.com/ZibraMax/non-local-frequencies-nanostructures/refs/heads/main/Esferas_cubic_material_2\Sphere_2.5_1.0_0.0_20250616-182536.json&mode=6&magnif=6
3.515,1.0,1079000000.0,124000000.0,578000000.0,8141.919253,Sphere_2.5_1.0_20250616-182153,Carbon cubic,2.5,0.1,0.4,12823.342868880141,1.0854605,1.1439089,1.2105519,1.2979213,1.3223819,1.3794458,3,2,2,3,3,1,https://zibramax.github.io/FEMViewer/?mesh=https://raw.githubusercontent.com/ZibraMax/non-local-frequencies-nanostructures/refs/heads/main/Esferas_cubic_material_2\Sphere_2.5_1.0_0.1_20250616-182153.json&mode=6&magnif=6
2.329,1.0,166000000.0,63900000.0,79600000.0,8020.236731,Sphere_2.5_1.0_20250616-182410,Silicon cubic,2.5,0.1,0.4,5846.174706140654,0.9876318,1.1303719,1.1362409,1.228115,1.3069879,1.3373606,3,2,2,1,3,1,https://zibramax.github.io/FEMViewer/?mesh=https://raw.githubusercontent.com/ZibraMax/non-local-frequencies-nanostructures/refs/heads/main/Esferas_cubic_material_2\Sphere_2.5_1.0_0.1_20250616-182410.json&mode=6&magnif=6
5.323,1.0,128900000.0,48300000.0,67099999.99999999,7961.500802,Sphere_2.5_1.0_20250616-182536,Germanium cubic,2.5,0.1,0.4,3550.446942624478,0.9621806,1.0945833,1.133667,1.1905157,1.2859548,1.2951746,3,2,2,1,3,1,https://zibramax.github.io/FEMViewer/?mesh=https://raw.githubusercontent.com/ZibraMax/non-local-frequencies-nanostructures/refs/heads/main/Esferas_cubic_material_2\Sphere_2.5_1.0_0.1_20250616-182536.json&mode=6&magnif=6
3.515,1.0,1079000000.0,124000000.0,578000000.0,8141.919253,Sphere_2.5_1.0_20250616-182153,Carbon cubic,2.5,0.2,0.4,12823.342868880141,1.3013887,1.3702772,1.4648603,1.5854111,1.5918074,1.7764438,3,2,2,3,3,1,https://zibramax.github.io/FEMViewer/?mesh=https://raw.githubusercontent.com/ZibraMax/non-local-frequencies-nanostructures/refs/heads/main/Esferas_cubic_material_2\Sphere_2.5_1.0_0.2_20250616-182153.json&mode=6&magnif=6
2.329,1.0,166000000.0,63900000.0,79600000.0,8020.236731,Sphere_2.5_1.0_20250616-182410,Silicon cubic,2.5,0.2,0.4,5846.174706140654,1.1845473,1.3417795,1.3626264,1.5822761,1.6035515,1.6385073,3,2,2,1,3,1,https://zibramax.github.io/FEMViewer/?mesh=https://raw.githubusercontent.com/ZibraMax/non-local-frequencies-nanostructures/refs/heads/main/Esferas_cubic_material_2\Sphere_2.5_1.0_0.2_20250616-182410.json&mode=6&magnif=6
5.323,1.0,128900000.0,48300000.0,67099999.99999999,7961.500802,Sphere_2.5_1.0_20250616-182536,Germanium cubic,2.5,0.2,0.4,3550.446942624478,1.1541167,1.2994499,1.3601297,1.5339247,1.5874276,1.5888121,3,2,2,1,3,1,https://zibramax.github.io/FEMViewer/?mesh=https://raw.githubusercontent.com/ZibraMax/non-local-frequencies-nanostructures/refs/heads/main/Esferas_cubic_material_2\Sphere_2.5_1.0_0.2_20250616-182536.json&mode=6&magnif=6
3.515,1.0,1079000000.0,124000000.0,578000000.0,8141.919253,Sphere_2.5_1.0_20250616-182153,Carbon cubic,2.5,0.3,0.4,12823.342868880141,1.4843843,1.5618957,1.6449396,1.7886146,1.8175397,2.0988067,3,2,2,3,3,1,https://zibramax.github.io/FEMViewer/?mesh=https://raw.githubusercontent.com/ZibraMax/non-local-frequencies-nanostructures/refs/heads/main/Esferas_cubic_material_2\Sphere_2.5_1.0_0.3_20250616-182153.json&mode=6&magnif=6
2.329,1.0,166000000.0,63900000.0,79600000.0,8020.236731,Sphere_2.5_1.0_20250616-182410,Silicon cubic,2.5,0.3,0.4,5846.174706140654,1.3513939,1.4931547,1.5537324,1.8046319,1.8698492,1.8797918,3,2,2,3,1,1,https://zibramax.github.io/FEMViewer/?mesh=https://raw.githubusercontent.com/ZibraMax/non-local-frequencies-nanostructures/refs/heads/main/Esferas_cubic_material_2\Sphere_2.5_1.0_0.3_20250616-182410.json&mode=6&magnif=6
5.323,1.0,128900000.0,48300000.0,67099999.99999999,7961.500802,Sphere_2.5_1.0_20250616-182536,Germanium cubic,2.5,0.3,0.4,3550.446942624478,1.3167307,1.4460678,1.5510917,1.7935129,1.8127721,1.8214785,3,2,2,3,1,1,https://zibramax.github.io/FEMViewer/?mesh=https://raw.githubusercontent.com/ZibraMax/non-local-frequencies-nanostructures/refs/heads/main/Esferas_cubic_material_2\Sphere_2.5_1.0_0.3_20250616-182536.json&mode=6&magnif=6
3.515,1.0,1079000000.0,124000000.0,578000000.0,8141.919253,Sphere_2.5_1.0_20250616-182153,Carbon cubic,2.5,0.4,0.4,12823.342868880141,1.6466937,1.731847,1.7922929,1.9536264,2.0171789,2.377659,3,2,2,3,3,1,https://zibramax.github.io/FEMViewer/?mesh=https://raw.githubusercontent.com/ZibraMax/non-local-frequencies-nanostructures/refs/heads/main/Esferas_cubic_material_2\Sphere_2.5_1.0_0.4_20250616-182153.json&mode=6&magnif=6
2.329,1.0,166000000.0,63900000.0,79600000.0,8020.236731,Sphere_2.5_1.0_20250616-182410,Silicon cubic,2.5,0.4,0.4,5846.174706140654,1.4993602,1.6192382,1.7230927,1.9672585,2.0907977,2.118582,3,2,2,3,3,1,https://zibramax.github.io/FEMViewer/?mesh=https://raw.githubusercontent.com/ZibraMax/non-local-frequencies-nanostructures/refs/heads/main/Esferas_cubic_material_2\Sphere_2.5_1.0_0.4_20250616-182410.json&mode=6&magnif=6
5.323,1.0,128900000.0,48300000.0,67099999.99999999,7961.500802,Sphere_2.5_1.0_20250616-182536,Germanium cubic,2.5,0.4,0.4,3550.446942624478,1.4609386,1.5681667,1.7202727,1.9577351,2.0260958,2.0539551,3,2,2,3,3,1,https://zibramax.github.io/FEMViewer/?mesh=https://raw.githubusercontent.com/ZibraMax/non-local-frequencies-nanostructures/refs/heads/main/Esferas_cubic_material_2\Sphere_2.5_1.0_0.4_20250616-182536.json&mode=6&magnif=6
3.515,1.0,1079000000.0,124000000.0,578000000.0,8141.919253,Sphere_2.5_1.0_20250616-182153,Carbon cubic,2.5,0.5,0.4,12823.342868880141,1.7941957,1.8863161,1.92155,2.0975368,2.1983883,2.5311067,3,2,2,3,3,1,https://zibramax.github.io/FEMViewer/?mesh=https://raw.githubusercontent.com/ZibraMax/non-local-frequencies-nanostructures/refs/heads/main/Esferas_cubic_material_2\Sphere_2.5_1.0_0.5_20250616-182153.json&mode=6&magnif=6
2.329,1.0,166000000.0,63900000.0,79600000.0,8020.236731,Sphere_2.5_1.0_20250616-182410,Silicon cubic,2.5,0.5,0.4,5846.174706140654,1.6338152,1.7311814,1.8769694,2.109467,2.2814298,2.3409749,3,2,2,3,3,1,https://zibramax.github.io/FEMViewer/?mesh=https://raw.githubusercontent.com/ZibraMax/non-local-frequencies-nanostructures/refs/heads/main/Esferas_cubic_material_2\Sphere_2.5_1.0_0.5_20250616-182410.json&mode=6&magnif=6
5.323,1.0,128900000.0,48300000.0,67099999.99999999,7961.500802,Sphere_2.5_1.0_20250616-182536,Germanium cubic,2.5,0.5,0.4,3550.446942624478,1.5919756,1.6765664,1.873966,2.1007449,2.2109296,2.2695955,3,2,2,3,3,1,https://zibramax.github.io/FEMViewer/?mesh=https://raw.githubusercontent.com/ZibraMax/non-local-frequencies-nanostructures/refs/heads/main/Esferas_cubic_material_2\Sphere_2.5_1.0_0.5_20250616-182536.json&mode=6&magnif=6
3.515,1.0,1079000000.0,124000000.0,578000000.0,8141.919253,Sphere_2.5_1.0_20250616-182153,Carbon cubic,2.5,0.6,0.4,12823.342868880141,1.9303715,2.0289474,2.0390637,2.2278724,2.3655798,2.6688009,3,2,2,3,3,1,https://zibramax.github.io/FEMViewer/?mesh=https://raw.githubusercontent.com/ZibraMax/non-local-frequencies-nanostructures/refs/heads/main/Esferas_cubic_material_2\Sphere_2.5_1.0_0.6_20250616-182153.json&mode=6&magnif=6
2.329,1.0,166000000.0,63900000.0,79600000.0,8020.236731,Sphere_2.5_1.0_20250616-182410,Silicon cubic,2.5,0.6,0.4,5846.174706140654,1.7579372,1.8337415,2.0190259,2.2386199,2.456882,2.5439723,3,2,2,3,3,1,https://zibramax.github.io/FEMViewer/?mesh=https://raw.githubusercontent.com/ZibraMax/non-local-frequencies-nanostructures/refs/heads/main/Esferas_cubic_material_2\Sphere_2.5_1.0_0.6_20250616-182410.json&mode=6&magnif=6
5.323,1.0,128900000.0,48300000.0,67099999.99999999,7961.500802,Sphere_2.5_1.0_20250616-182536,Germanium cubic,2.5,0.6,0.4,3550.446942624478,1.7129405,1.7758788,2.0158429,2.2303307,2.3810317,2.4664278,3,2,2,3,3,1,https://zibramax.github.io/FEMViewer/?mesh=https://raw.githubusercontent.com/ZibraMax/non-local-frequencies-nanostructures/refs/heads/main/Esferas_cubic_material_2\Sphere_2.5_1.0_0.6_20250616-182536.json&mode=6&magnif=6
3.515,1.0,1079000000.0,124000000.0,578000000.0,8141.919253,Sphere_2.5_1.0_20250616-182153,Carbon cubic,2.5,0.7,0.4,12823.342868880141,2.057506,2.1481109,2.1621288,2.3485108,2.521614,2.7990068,3,2,2,3,3,1,https://zibramax.github.io/FEMViewer/?mesh=https://raw.githubusercontent.com/ZibraMax/non-local-frequencies-nanostructures/refs/heads/main/Esferas_cubic_material_2\Sphere_2.5_1.0_0.7_20250616-182153.json&mode=6&magnif=6
2.329,1.0,166000000.0,63900000.0,79600000.0,8020.236731,Sphere_2.5_1.0_20250616-182410,Silicon cubic,2.5,0.7,0.4,5846.174706140654,1.8738119,1.9293946,2.1516547,2.3584173,2.620382,2.7319124,3,2,2,3,3,1,https://zibramax.github.io/FEMViewer/?mesh=https://raw.githubusercontent.com/ZibraMax/non-local-frequencies-nanostructures/refs/heads/main/Esferas_cubic_material_2\Sphere_2.5_1.0_0.7_20250616-182410.json&mode=6&magnif=6
5.323,1.0,128900000.0,48300000.0,67099999.99999999,7961.500802,Sphere_2.5_1.0_20250616-182536,Germanium cubic,2.5,0.7,0.4,3550.446942624478,1.8258668,1.868503,2.1482982,2.3503654,2.5395384,2.6486588,3,2,2,3,3,1,https://zibramax.github.io/FEMViewer/?mesh=https://raw.githubusercontent.com/ZibraMax/non-local-frequencies-nanostructures/refs/heads/main/Esferas_cubic_material_2\Sphere_2.5_1.0_0.7_20250616-182536.json&mode=6&magnif=6
3.515,1.0,1079000000.0,124000000.0,578000000.0,8141.919253,Sphere_2.5_1.0_20250616-182153,Carbon cubic,2.5,0.8,0.4,12823.342868880141,2.1772004,2.2506156,2.2875328,2.4617141,2.6684826,2.9229712,3,2,2,3,3,1,https://zibramax.github.io/FEMViewer/?mesh=https://raw.githubusercontent.com/ZibraMax/non-local-frequencies-nanostructures/refs/heads/main/Esferas_cubic_material_2\Sphere_2.5_1.0_0.8_20250616-182153.json&mode=6&magnif=6
2.329,1.0,166000000.0,63900000.0,79600000.0,8020.236731,Sphere_2.5_1.0_20250616-182410,Silicon cubic,2.5,0.8,0.4,5846.174706140654,1.9829009,2.01962,2.2765281,2.4710056,2.7741268,2.9077215,3,2,2,3,3,1,https://zibramax.github.io/FEMViewer/?mesh=https://raw.githubusercontent.com/ZibraMax/non-local-frequencies-nanostructures/refs/heads/main/Esferas_cubic_material_2\Sphere_2.5_1.0_0.8_20250616-182410.json&mode=6&magnif=6
5.323,1.0,128900000.0,48300000.0,67099999.99999999,7961.500802,Sphere_2.5_1.0_20250616-182536,Germanium cubic,2.5,0.8,0.4,3550.446942624478,1.9321791,1.9558719,2.2730045,2.4630769,2.6885828,2.8191264,3,2,2,3,3,1,https://zibramax.github.io/FEMViewer/?mesh=https://raw.githubusercontent.com/ZibraMax/non-local-frequencies-nanostructures/refs/heads/main/Esferas_cubic_material_2\Sphere_2.5_1.0_0.8_20250616-182536.json&mode=6&magnif=6
3.515,1.0,1079000000.0,124000000.0,578000000.0,8141.919253,Sphere_2.5_1.0_20250616-182153,Carbon cubic,2.5,0.9,0.4,12823.342868880141,2.2906302,2.3478217,2.4063869,2.568933,2.8076423,3.0415937,3,2,2,3,3,1,https://zibramax.github.io/FEMViewer/?mesh=https://raw.githubusercontent.com/ZibraMax/non-local-frequencies-nanostructures/refs/heads/main/Esferas_cubic_material_2\Sphere_2.5_1.0_0.9_20250616-182153.json&mode=6&magnif=6
2.329,1.0,166000000.0,63900000.0,79600000.0,8020.236731,Sphere_2.5_1.0_20250616-182410,Silicon cubic,2.5,0.9,0.4,5846.174706140654,2.086277,2.105392,2.3948727,2.5777634,2.9197012,3.0734848,3,2,2,3,3,1,https://zibramax.github.io/FEMViewer/?mesh=https://raw.githubusercontent.com/ZibraMax/non-local-frequencies-nanostructures/refs/heads/main/Esferas_cubic_material_2\Sphere_2.5_1.0_0.9_20250616-182410.json&mode=6&magnif=6
5.323,1.0,128900000.0,48300000.0,67099999.99999999,7961.500802,Sphere_2.5_1.0_20250616-182536,Germanium cubic,2.5,0.9,0.4,3550.446942624478,2.0329232,2.0389289,2.3911883,2.5698867,2.8297033,2.9798527,3,2,2,3,3,1,https://zibramax.github.io/FEMViewer/?mesh=https://raw.githubusercontent.com/ZibraMax/non-local-frequencies-nanostructures/refs/heads/main/Esferas_cubic_material_2\Sphere_2.5_1.0_0.9_20250616-182536.json&mode=6&magnif=6
3.515,1.0,1079000000.0,124000000.0,578000000.0,8141.919253,Sphere_2.5_1.0_20250616-182153,Carbon cubic,2.5,1.0,0.4,12823.342868880141,2.3986898,2.4405927,2.5196249,2.6711669,2.9401984,3.1555582,3,2,2,3,3,1,https://zibramax.github.io/FEMViewer/?mesh=https://raw.githubusercontent.com/ZibraMax/non-local-frequencies-nanostructures/refs/heads/main/Esferas_cubic_material_2\Sphere_2.5_1.0_1.0_20250616-182153.json&mode=6&magnif=6
2.329,1.0,166000000.0,63900000.0,79600000.0,8020.236731,Sphere_2.5_1.0_20250616-182410,Silicon cubic,2.5,1.0,0.4,5846.174706140654,2.1847559,2.1873989,2.5076203,2.6796447,3.058297,3.2307505,3,2,2,3,3,1,https://zibramax.github.io/FEMViewer/?mesh=https://raw.githubusercontent.com/ZibraMax/non-local-frequencies-nanostructures/refs/heads/main/Esferas_cubic_material_2\Sphere_2.5_1.0_1.0_20250616-182410.json&mode=6&magnif=6
5.323,1.0,128900000.0,48300000.0,67099999.99999999,7961.500802,Sphere_2.5_1.0_20250616-182536,Germanium cubic,2.5,1.0,0.4,3550.446942624478,2.1183404,2.1288943,2.503781,2.6717733,2.9640562,3.1323392,2,3,2,3,3,1,https://zibramax.github.io/FEMViewer/?mesh=https://raw.githubusercontent.com/ZibraMax/non-local-frequencies-nanostructures/refs/heads/main/Esferas_cubic_material_2\Sphere_2.5_1.0_1.0_20250616-182536.json&mode=6&magnif=6
2.329,1.25,166000000.0,63900000.0,79600000.0,13815.792644,Sphere_2.5_1.25_20250616-153517,Silicon cubic,2.5,0.0,0.5,5846.174706140654,0.1419607,0.1422488,0.1427106,0.1434476,0.143825,0.1444096,3,2,3,3,2,1,https://zibramax.github.io/FEMViewer/?mesh=https://raw.githubusercontent.com/ZibraMax/non-local-frequencies-nanostructures/refs/heads/main/Esferas_cubic_material_2\Sphere_2.5_1.25_0.0_20250616-153517.json&mode=6&magnif=6
5.323,1.25,128900000.0,48300000.0,67099999.99999999,13826.514443,Sphere_2.5_1.25_20250616-153524,Germanium cubic,2.5,0.0,0.5,3550.446942624478,0.1398917,0.1401687,0.1405667,0.1407006,0.1410658,0.141609,3,2,3,3,2,1,https://zibramax.github.io/FEMViewer/?mesh=https://raw.githubusercontent.com/ZibraMax/non-local-frequencies-nanostructures/refs/heads/main/Esferas_cubic_material_2\Sphere_2.5_1.25_0.0_20250616-153524.json&mode=6&magnif=6
3.515,1.25,1079000000.0,124000000.0,578000000.0,13839.880939,Sphere_2.5_1.25_20250616-153537,Carbon cubic,2.5,0.0,0.5,12823.342868880141,0.1397069,0.1399414,0.1402988,0.1415178,0.1422824,0.14253,3,2,3,3,2,1,https://zibramax.github.io/FEMViewer/?mesh=https://raw.githubusercontent.com/ZibraMax/non-local-frequencies-nanostructures/refs/heads/main/Esferas_cubic_material_2\Sphere_2.5_1.25_0.0_20250616-153537.json&mode=6&magnif=6
2.329,1.25,166000000.0,63900000.0,79600000.0,13815.792644,Sphere_2.5_1.25_20250616-153517,Silicon cubic,2.5,0.1,0.5,5846.174706140654,0.8834919,1.015738,1.0214113,1.1363666,1.1942121,1.2100499,3,2,2,1,3,1,https://zibramax.github.io/FEMViewer/?mesh=https://raw.githubusercontent.com/ZibraMax/non-local-frequencies-nanostructures/refs/heads/main/Esferas_cubic_material_2\Sphere_2.5_1.25_0.1_20250616-153517.json&mode=6&magnif=6
5.323,1.25,128900000.0,48300000.0,67099999.99999999,13826.514443,Sphere_2.5_1.25_20250616-153524,Germanium cubic,2.5,0.1,0.5,3550.446942624478,0.8607844,0.9891966,1.0136353,1.1016477,1.1721856,1.1774538,3,2,2,1,3,1,https://zibramax.github.io/FEMViewer/?mesh=https://raw.githubusercontent.com/ZibraMax/non-local-frequencies-nanostructures/refs/heads/main/Esferas_cubic_material_2\Sphere_2.5_1.25_0.1_20250616-153524.json&mode=6&magnif=6
3.515,1.25,1079000000.0,124000000.0,578000000.0,13839.880939,Sphere_2.5_1.25_20250616-153537,Carbon cubic,2.5,0.1,0.5,12823.342868880141,0.9706659,1.0221132,1.0992295,1.1824393,1.184509,1.2757797,3,2,2,3,3,1,https://zibramax.github.io/FEMViewer/?mesh=https://raw.githubusercontent.com/ZibraMax/non-local-frequencies-nanostructures/refs/heads/main/Esferas_cubic_material_2\Sphere_2.5_1.25_0.1_20250616-153537.json&mode=6&magnif=6
2.329,1.25,166000000.0,63900000.0,79600000.0,13815.792644,Sphere_2.5_1.25_20250616-153517,Silicon cubic,2.5,0.2,0.5,5846.174706140654,1.1077973,1.248869,1.2732879,1.5006384,1.5194581,1.5377686,3,2,2,3,1,1,https://zibramax.github.io/FEMViewer/?mesh=https://raw.githubusercontent.com/ZibraMax/non-local-frequencies-nanostructures/refs/heads/main/Esferas_cubic_material_2\Sphere_2.5_1.25_0.2_20250616-153517.json&mode=6&magnif=6
5.323,1.25,128900000.0,48300000.0,67099999.99999999,13826.514443,Sphere_2.5_1.25_20250616-153524,Germanium cubic,2.5,0.2,0.5,3550.446942624478,1.0793886,1.2095369,1.2710524,1.4730963,1.4893241,1.4900676,3,2,2,1,3,1,https://zibramax.github.io/FEMViewer/?mesh=https://raw.githubusercontent.com/ZibraMax/non-local-frequencies-nanostructures/refs/heads/main/Esferas_cubic_material_2\Sphere_2.5_1.25_0.2_20250616-153524.json&mode=6&magnif=6
3.515,1.25,1079000000.0,124000000.0,578000000.0,13839.880939,Sphere_2.5_1.25_20250616-153537,Carbon cubic,2.5,0.2,0.5,12823.342868880141,1.2167649,1.2801889,1.3688913,1.4854049,1.4889458,1.7053596,3,2,2,3,3,1,https://zibramax.github.io/FEMViewer/?mesh=https://raw.githubusercontent.com/ZibraMax/non-local-frequencies-nanostructures/refs/heads/main/Esferas_cubic_material_2\Sphere_2.5_1.25_0.2_20250616-153537.json&mode=6&magnif=6
2.329,1.25,166000000.0,63900000.0,79600000.0,13815.792644,Sphere_2.5_1.25_20250616-153517,Silicon cubic,2.5,0.3,0.5,5846.174706140654,1.2928223,1.4147839,1.4853682,1.7148379,1.8013904,1.8235191,3,2,2,3,3,1,https://zibramax.github.io/FEMViewer/?mesh=https://raw.githubusercontent.com/ZibraMax/non-local-frequencies-nanostructures/refs/heads/main/Esferas_cubic_material_2\Sphere_2.5_1.25_0.3_20250616-153517.json&mode=6&magnif=6
5.323,1.25,128900000.0,48300000.0,67099999.99999999,13826.514443,Sphere_2.5_1.25_20250616-153524,Germanium cubic,2.5,0.3,0.5,3550.446942624478,1.2597033,1.3702057,1.4829046,1.7056739,1.7456717,1.7679143,3,2,2,3,3,1,https://zibramax.github.io/FEMViewer/?mesh=https://raw.githubusercontent.com/ZibraMax/non-local-frequencies-nanostructures/refs/heads/main/Esferas_cubic_material_2\Sphere_2.5_1.25_0.3_20250616-153524.json&mode=6&magnif=6
3.515,1.25,1079000000.0,124000000.0,578000000.0,13839.880939,Sphere_2.5_1.25_20250616-153537,Carbon cubic,2.5,0.3,0.5,12823.342868880141,1.4197919,1.4930155,1.5625355,1.7018173,1.738734,2.0463494,3,2,2,3,3,1,https://zibramax.github.io/FEMViewer/?mesh=https://raw.githubusercontent.com/ZibraMax/non-local-frequencies-nanostructures/refs/heads/main/Esferas_cubic_material_2\Sphere_2.5_1.25_0.3_20250616-153537.json&mode=6&magnif=6
2.329,1.25,166000000.0,63900000.0,79600000.0,13815.792644,Sphere_2.5_1.25_20250616-153517,Silicon cubic,2.5,0.4,0.5,5846.174706140654,1.4542719,1.5548142,1.6703834,1.8922204,2.0298879,2.0836137,3,2,2,3,3,1,https://zibramax.github.io/FEMViewer/?mesh=https://raw.githubusercontent.com/ZibraMax/non-local-frequencies-nanostructures/refs/heads/main/Esferas_cubic_material_2\Sphere_2.5_1.25_0.4_20250616-153517.json&mode=6&magnif=6
5.323,1.25,128900000.0,48300000.0,67099999.99999999,13826.514443,Sphere_2.5_1.25_20250616-153524,Germanium cubic,2.5,0.4,0.5,3550.446942624478,1.4170397,1.5057981,1.6676912,1.8839271,1.967188,2.0201001,3,2,2,3,3,1,https://zibramax.github.io/FEMViewer/?mesh=https://raw.githubusercontent.com/ZibraMax/non-local-frequencies-nanostructures/refs/heads/main/Esferas_cubic_material_2\Sphere_2.5_1.25_0.4_20250616-153524.json&mode=6&magnif=6
3.515,1.25,1079000000.0,124000000.0,578000000.0,13839.880939,Sphere_2.5_1.25_20250616-153537,Carbon cubic,2.5,0.4,0.5,12823.342868880141,1.5969644,1.6787629,1.7237258,1.8808489,1.9563928,2.2823432,3,2,2,3,3,1,https://zibramax.github.io/FEMViewer/?mesh=https://raw.githubusercontent.com/ZibraMax/non-local-frequencies-nanostructures/refs/heads/main/Esferas_cubic_material_2\Sphere_2.5_1.25_0.4_20250616-153537.json&mode=6&magnif=6
2.329,1.25,166000000.0,63900000.0,79600000.0,13815.792644,Sphere_2.5_1.25_20250616-153517,Silicon cubic,2.5,0.5,0.5,5846.174706140654,1.5994232,1.6797406,1.8367233,2.0489787,2.2347211,2.3146428,3,2,2,3,3,1,https://zibramax.github.io/FEMViewer/?mesh=https://raw.githubusercontent.com/ZibraMax/non-local-frequencies-nanostructures/refs/heads/main/Esferas_cubic_material_2\Sphere_2.5_1.25_0.5_20250616-153517.json&mode=6&magnif=6
5.323,1.25,128900000.0,48300000.0,67099999.99999999,13826.514443,Sphere_2.5_1.25_20250616-153524,Germanium cubic,2.5,0.5,0.5,3550.446942624478,1.5584912,1.6267643,1.8338134,2.0410727,2.16575,2.2441027,3,2,2,3,3,1,https://zibramax.github.io/FEMViewer/?mesh=https://raw.githubusercontent.com/ZibraMax/non-local-frequencies-nanostructures/refs/heads/main/Esferas_cubic_material_2\Sphere_2.5_1.25_0.5_20250616-153524.json&mode=6&magnif=6
3.515,1.25,1079000000.0,124000000.0,578000000.0,13839.880939,Sphere_2.5_1.25_20250616-153537,Carbon cubic,2.5,0.5,0.5,12823.342868880141,1.7562605,1.8457945,1.8663621,2.0386641,2.1519657,2.4511357,3,2,2,3,3,1,https://zibramax.github.io/FEMViewer/?mesh=https://raw.githubusercontent.com/ZibraMax/non-local-frequencies-nanostructures/refs/heads/main/Esferas_cubic_material_2\Sphere_2.5_1.25_0.5_20250616-153537.json&mode=6&magnif=6
2.329,1.25,166000000.0,63900000.0,79600000.0,13815.792644,Sphere_2.5_1.25_20250616-153517,Silicon cubic,2.5,0.6,0.5,5846.174706140654,1.7324162,1.794264,1.9891394,2.1919133,2.4221,2.5246082,3,2,2,3,3,1,https://zibramax.github.io/FEMViewer/?mesh=https://raw.githubusercontent.com/ZibraMax/non-local-frequencies-nanostructures/refs/heads/main/Esferas_cubic_material_2\Sphere_2.5_1.25_0.6_20250616-153517.json&mode=6&magnif=6
5.323,1.25,128900000.0,48300000.0,67099999.99999999,13826.514443,Sphere_2.5_1.25_20250616-153524,Germanium cubic,2.5,0.6,0.5,3550.446942624478,1.6880933,1.7376579,1.9860238,2.1841711,2.3473854,2.4476814,3,2,2,3,3,1,https://zibramax.github.io/FEMViewer/?mesh=https://raw.githubusercontent.com/ZibraMax/non-local-frequencies-nanostructures/refs/heads/main/Esferas_cubic_material_2\Sphere_2.5_1.25_0.6_20250616-153524.json&mode=6&magnif=6
3.515,1.25,1079000000.0,124000000.0,578000000.0,13839.880939,Sphere_2.5_1.25_20250616-153537,Carbon cubic,2.5,0.6,0.5,12823.342868880141,1.9022195,1.996478,1.9988617,2.1822874,2.3311028,2.6080805,3,2,2,3,3,1,https://zibramax.github.io/FEMViewer/?mesh=https://raw.githubusercontent.com/ZibraMax/non-local-frequencies-nanostructures/refs/heads/main/Esferas_cubic_material_2\Sphere_2.5_1.25_0.6_20250616-153537.json&mode=6&magnif=6
2.329,1.25,166000000.0,63900000.0,79600000.0,13815.792644,Sphere_2.5_1.25_20250616-153517,Silicon cubic,2.5,0.7,0.5,5846.174706140654,1.8558821,1.900936,2.1306467,2.3246035,2.5958855,2.7183991,3,2,2,3,3,1,https://zibramax.github.io/FEMViewer/?mesh=https://raw.githubusercontent.com/ZibraMax/non-local-frequencies-nanostructures/refs/heads/main/Esferas_cubic_material_2\Sphere_2.5_1.25_0.7_20250616-153517.json&mode=6&magnif=6
5.323,1.25,128900000.0,48300000.0,67099999.99999999,13826.514443,Sphere_2.5_1.25_20250616-153524,Germanium cubic,2.5,0.7,0.5,3550.446942624478,1.8084104,1.8409499,2.1273365,2.3169073,2.5158403,2.6355768,3,2,2,3,3,1,https://zibramax.github.io/FEMViewer/?mesh=https://raw.githubusercontent.com/ZibraMax/non-local-frequencies-nanostructures/refs/heads/main/Esferas_cubic_material_2\Sphere_2.5_1.25_0.7_20250616-153524.json&mode=6&magnif=6
3.515,1.25,1079000000.0,124000000.0,578000000.0,13839.880939,Sphere_2.5_1.25_20250616-153537,Carbon cubic,2.5,0.7,0.5,12823.342868880141,2.0377268,2.1172906,2.1409835,2.3154395,2.4973776,2.7555744,3,2,2,3,3,1,https://zibramax.github.io/FEMViewer/?mesh=https://raw.githubusercontent.com/ZibraMax/non-local-frequencies-nanostructures/refs/heads/main/Esferas_cubic_material_2\Sphere_2.5_1.25_0.7_20250616-153537.json&mode=6&magnif=6
2.329,1.25,166000000.0,63900000.0,79600000.0,13815.792644,Sphere_2.5_1.25_20250616-153517,Silicon cubic,2.5,0.8,0.5,5846.174706140654,1.971619,2.0013446,2.2633039,2.4492232,2.7586847,2.8992625,3,2,2,3,3,1,https://zibramax.github.io/FEMViewer/?mesh=https://raw.githubusercontent.com/ZibraMax/non-local-frequencies-nanostructures/refs/heads/main/Esferas_cubic_material_2\Sphere_2.5_1.25_0.8_20250616-153517.json&mode=6&magnif=6
5.323,1.25,128900000.0,48300000.0,67099999.99999999,13826.514443,Sphere_2.5_1.25_20250616-153524,Germanium cubic,2.5,0.8,0.5,3550.446942624478,1.9211951,1.9381778,2.259809,2.4415051,2.6736433,2.8109375,3,2,2,3,3,1,https://zibramax.github.io/FEMViewer/?mesh=https://raw.githubusercontent.com/ZibraMax/non-local-frequencies-nanostructures/refs/heads/main/Esferas_cubic_material_2\Sphere_2.5_1.25_0.8_20250616-153524.json&mode=6&magnif=6
3.515,1.25,1079000000.0,124000000.0,578000000.0,13839.880939,Sphere_2.5_1.25_20250616-153537,Carbon cubic,2.5,0.8,0.5,12823.342868880141,2.1647543,2.2307653,2.2742234,2.4403755,2.6532255,2.8952446,3,2,2,3,3,1,https://zibramax.github.io/FEMViewer/?mesh=https://raw.githubusercontent.com/ZibraMax/non-local-frequencies-nanostructures/refs/heads/main/Esferas_cubic_material_2\Sphere_2.5_1.25_0.8_20250616-153537.json&mode=6&magnif=6
2.329,1.25,166000000.0,63900000.0,79600000.0,13815.792644,Sphere_2.5_1.25_20250616-153517,Silicon cubic,2.5,0.9,0.5,5846.174706140654,2.0809208,2.0965711,2.3885924,2.5672248,2.9123596,3.0694853,3,2,2,3,3,1,https://zibramax.github.io/FEMViewer/?mesh=https://raw.githubusercontent.com/ZibraMax/non-local-frequencies-nanostructures/refs/heads/main/Esferas_cubic_material_2\Sphere_2.5_1.25_0.9_20250616-153517.json&mode=6&magnif=6
5.323,1.25,128900000.0,48300000.0,67099999.99999999,13826.514443,Sphere_2.5_1.25_20250616-153524,Germanium cubic,2.5,0.9,0.5,3550.446942624478,2.0277085,2.0303886,2.3849214,2.5594433,2.8226004,2.975981,3,2,2,3,3,1,https://zibramax.github.io/FEMViewer/?mesh=https://raw.githubusercontent.com/ZibraMax/non-local-frequencies-nanostructures/refs/heads/main/Esferas_cubic_material_2\Sphere_2.5_1.25_0.9_20250616-153524.json&mode=6&magnif=6
3.515,1.25,1079000000.0,124000000.0,578000000.0,13839.880939,Sphere_2.5_1.25_20250616-153537,Carbon cubic,2.5,0.9,0.5,12823.342868880141,2.2847213,2.3382189,2.4000666,2.5585959,2.8003963,3.0282732,3,2,2,3,3,1,https://zibramax.github.io/FEMViewer/?mesh=https://raw.githubusercontent.com/ZibraMax/non-local-frequencies-nanostructures/refs/heads/main/Esferas_cubic_material_2\Sphere_2.5_1.25_0.9_20250616-153537.json&mode=6&magnif=6
2.329,1.25,166000000.0,63900000.0,79600000.0,13815.792644,Sphere_2.5_1.25_20250616-153517,Silicon cubic,2.5,1.0,0.5,5846.174706140654,2.1847559,2.1873989,2.5076203,2.6796447,3.058297,3.2307505,3,2,2,3,3,1,https://zibramax.github.io/FEMViewer/?mesh=https://raw.githubusercontent.com/ZibraMax/non-local-frequencies-nanostructures/refs/heads/main/Esferas_cubic_material_2\Sphere_2.5_1.25_1.0_20250616-153517.json&mode=6&magnif=6
5.323,1.25,128900000.0,48300000.0,67099999.99999999,13826.514443,Sphere_2.5_1.25_20250616-153524,Germanium cubic,2.5,1.0,0.5,3550.446942624478,2.1183404,2.1288943,2.503781,2.6717733,2.9640562,3.1323392,2,3,2,3,3,1,https://zibramax.github.io/FEMViewer/?mesh=https://raw.githubusercontent.com/ZibraMax/non-local-frequencies-nanostructures/refs/heads/main/Esferas_cubic_material_2\Sphere_2.5_1.25_1.0_20250616-153524.json&mode=6&magnif=6
3.515,1.25,1079000000.0,124000000.0,578000000.0,13839.880939,Sphere_2.5_1.25_20250616-153537,Carbon cubic,2.5,1.0,0.5,12823.342868880141,2.3986898,2.4405927,2.5196249,2.6711669,2.9401984,3.1555582,3,2,2,3,3,1,https://zibramax.github.io/FEMViewer/?mesh=https://raw.githubusercontent.com/ZibraMax/non-local-frequencies-nanostructures/refs/heads/main/Esferas_cubic_material_2\Sphere_2.5_1.25_1.0_20250616-153537.json&mode=6&magnif=6
3.515,2.0,1079000000.0,124000000.0,578000000.0,7986.677734,Sphere_2.5_2.0_20250616-182515,Carbon cubic,2.5,0.0,0.8,12823.342868880141,0.0547612,0.0548522,0.0549994,0.0554837,0.0557963,0.0558923,3,2,3,3,2,1,https://zibramax.github.io/FEMViewer/?mesh=https://raw.githubusercontent.com/ZibraMax/non-local-frequencies-nanostructures/refs/heads/main/Esferas_cubic_material_2\Sphere_2.5_2.0_0.0_20250616-182515.json&mode=6&magnif=6
2.329,2.0,166000000.0,63900000.0,79600000.0,7974.350975,Sphere_2.5_2.0_20250616-182529,Silicon cubic,2.5,0.0,0.8,5846.174706140654,0.0556434,0.0557582,0.0559426,0.0562284,0.0563638,0.0566048,3,2,3,3,2,1,https://zibramax.github.io/FEMViewer/?mesh=https://raw.githubusercontent.com/ZibraMax/non-local-frequencies-nanostructures/refs/heads/main/Esferas_cubic_material_2\Sphere_2.5_2.0_0.0_20250616-182529.json&mode=6&magnif=6
5.323,2.0,128900000.0,48300000.0,67099999.99999999,7965.174652,Sphere_2.5_2.0_20250616-182550,Germanium cubic,2.5,0.0,0.8,3550.446942624478,0.0548332,0.0549453,0.0551028,0.0551471,0.05528,0.0555042,3,2,3,3,2,1,https://zibramax.github.io/FEMViewer/?mesh=https://raw.githubusercontent.com/ZibraMax/non-local-frequencies-nanostructures/refs/heads/main/Esferas_cubic_material_2\Sphere_2.5_2.0_0.0_20250616-182550.json&mode=6&magnif=6
3.515,2.0,1079000000.0,124000000.0,578000000.0,7986.677734,Sphere_2.5_2.0_20250616-182515,Carbon cubic,2.5,0.1,0.8,12823.342868880141,0.8259046,0.8684508,0.9424023,1.0106935,1.0225208,1.1762367,3,2,2,3,3,1,https://zibramax.github.io/FEMViewer/?mesh=https://raw.githubusercontent.com/ZibraMax/non-local-frequencies-nanostructures/refs/heads/main/Esferas_cubic_material_2\Sphere_2.5_2.0_0.1_20250616-182515.json&mode=6&magnif=6
2.329,2.0,166000000.0,63900000.0,79600000.0,7974.350975,Sphere_2.5_2.0_20250616-182529,Silicon cubic,2.5,0.1,0.8,5846.174706140654,0.7520745,0.8615198,0.8638277,1.0330593,1.0453279,1.0482306,3,2,2,3,3,1,https://zibramax.github.io/FEMViewer/?mesh=https://raw.githubusercontent.com/ZibraMax/non-local-frequencies-nanostructures/refs/heads/main/Esferas_cubic_material_2\Sphere_2.5_2.0_0.1_20250616-182529.json&mode=6&magnif=6
5.323,2.0,128900000.0,48300000.0,67099999.99999999,7965.174652,Sphere_2.5_2.0_20250616-182550,Germanium cubic,2.5,0.1,0.8,3550.446942624478,0.732812,0.8344483,0.8623361,1.0129961,1.016278,1.0250007,3,2,2,3,1,1,https://zibramax.github.io/FEMViewer/?mesh=https://raw.githubusercontent.com/ZibraMax/non-local-frequencies-nanostructures/refs/heads/main/Esferas_cubic_material_2\Sphere_2.5_2.0_0.1_20250616-182550.json&mode=6&magnif=6
3.515,2.0,1079000000.0,124000000.0,578000000.0,7986.677734,Sphere_2.5_2.0_20250616-182515,Carbon cubic,2.5,0.2,0.8,12823.342868880141,1.1162924,1.1732121,1.2236383,1.3342217,1.3673486,1.6375822,3,2,2,3,3,1,https://zibramax.github.io/FEMViewer/?mesh=https://raw.githubusercontent.com/ZibraMax/non-local-frequencies-nanostructures/refs/heads/main/Esferas_cubic_material_2\Sphere_2.5_2.0_0.2_20250616-182515.json&mode=6&magnif=6
2.329,2.0,166000000.0,63900000.0,79600000.0,7974.350975,Sphere_2.5_2.0_20250616-182529,Silicon cubic,2.5,0.2,0.8,5846.174706140654,1.0166171,1.1062839,1.1673357,1.3431421,1.4188033,1.4616863,3,2,2,3,3,1,https://zibramax.github.io/FEMViewer/?mesh=https://raw.githubusercontent.com/ZibraMax/non-local-frequencies-nanostructures/refs/heads/main/Esferas_cubic_material_2\Sphere_2.5_2.0_0.2_20250616-182529.json&mode=6&magnif=6
5.323,2.0,128900000.0,48300000.0,67099999.99999999,7965.174652,Sphere_2.5_2.0_20250616-182550,Germanium cubic,2.5,0.2,0.8,3550.446942624478,0.9906014,1.0714592,1.1654492,1.3366261,1.3750147,1.4171471,3,2,2,3,3,1,https://zibramax.github.io/FEMViewer/?mesh=https://raw.githubusercontent.com/ZibraMax/non-local-frequencies-nanostructures/refs/heads/main/Esferas_cubic_material_2\Sphere_2.5_2.0_0.2_20250616-182550.json&mode=6&magnif=6
3.515,2.0,1079000000.0,124000000.0,578000000.0,7986.677734,Sphere_2.5_2.0_20250616-182515,Carbon cubic,2.5,0.3,0.8,12823.342868880141,1.3452512,1.4135499,1.4388715,1.5714771,1.6482895,1.89765,3,2,2,3,3,1,https://zibramax.github.io/FEMViewer/?mesh=https://raw.githubusercontent.com/ZibraMax/non-local-frequencies-nanostructures/refs/heads/main/Esferas_cubic_material_2\Sphere_2.5_2.0_0.3_20250616-182515.json&mode=6&magnif=6
2.329,2.0,166000000.0,63900000.0,79600000.0,7974.350975,Sphere_2.5_2.0_20250616-182529,Silicon cubic,2.5,0.3,0.8,5846.174706140654,1.2251862,1.2960208,1.4066148,1.5796384,1.712085,1.7816291,3,2,2,3,3,1,https://zibramax.github.io/FEMViewer/?mesh=https://raw.githubusercontent.com/ZibraMax/non-local-frequencies-nanostructures/refs/heads/main/Esferas_cubic_material_2\Sphere_2.5_2.0_0.3_20250616-182529.json&mode=6&magnif=6
5.323,2.0,128900000.0,48300000.0,67099999.99999999,7965.174652,Sphere_2.5_2.0_20250616-182550,Germanium cubic,2.5,0.3,0.8,3550.446942624478,1.1938435,1.2551807,1.404392,1.5733321,1.6592802,1.7273483,3,2,2,3,3,1,https://zibramax.github.io/FEMViewer/?mesh=https://raw.githubusercontent.com/ZibraMax/non-local-frequencies-nanostructures/refs/heads/main/Esferas_cubic_material_2\Sphere_2.5_2.0_0.3_20250616-182550.json&mode=6&magnif=6
3.515,2.0,1079000000.0,124000000.0,578000000.0,7986.677734,Sphere_2.5_2.0_20250616-182515,Carbon cubic,2.5,0.4,0.8,12823.342868880141,1.5405168,1.6185448,1.6225169,1.7734414,1.8878141,2.1244959,3,2,2,3,3,1,https://zibramax.github.io/FEMViewer/?mesh=https://raw.githubusercontent.com/ZibraMax/non-local-frequencies-nanostructures/refs/heads/main/Esferas_cubic_material_2\Sphere_2.5_2.0_0.4_20250616-182515.json&mode=6&magnif=6
2.329,2.0,166000000.0,63900000.0,79600000.0,7974.350975,Sphere_2.5_2.0_20250616-182529,Silicon cubic,2.5,0.4,0.8,5846.174706140654,1.4030574,1.4587732,1.6106864,1.7813336,1.9618764,2.052282,3,2,2,3,3,1,https://zibramax.github.io/FEMViewer/?mesh=https://raw.githubusercontent.com/ZibraMax/non-local-frequencies-nanostructures/refs/heads/main/Esferas_cubic_material_2\Sphere_2.5_2.0_0.4_20250616-182529.json&mode=6&magnif=6
5.323,2.0,128900000.0,48300000.0,67099999.99999999,7965.174652,Sphere_2.5_2.0_20250616-182550,Germanium cubic,2.5,0.4,0.8,3550.446942624478,1.3671708,1.4127762,1.6081696,1.7749307,1.9013871,1.9897596,3,2,2,3,3,1,https://zibramax.github.io/FEMViewer/?mesh=https://raw.githubusercontent.com/ZibraMax/non-local-frequencies-nanostructures/refs/heads/main/Esferas_cubic_material_2\Sphere_2.5_2.0_0.4_20250616-182550.json&mode=6&magnif=6
3.515,2.0,1079000000.0,124000000.0,578000000.0,7986.677734,Sphere_2.5_2.0_20250616-182515,Carbon cubic,2.5,0.5,0.8,12823.342868880141,1.7136635,1.7861009,1.8003327,1.9531345,2.1001744,2.328738,3,2,2,3,3,1,https://zibramax.github.io/FEMViewer/?mesh=https://raw.githubusercontent.com/ZibraMax/non-local-frequencies-nanostructures/refs/heads/main/Esferas_cubic_material_2\Sphere_2.5_2.0_0.5_20250616-182515.json&mode=6&magnif=6
2.329,2.0,166000000.0,63900000.0,79600000.0,7974.350975,Sphere_2.5_2.0_20250616-182529,Silicon cubic,2.5,0.5,0.8,5846.174706140654,1.5607774,1.6041305,1.7916464,1.9609732,2.183227,2.2911818,3,2,2,3,3,1,https://zibramax.github.io/FEMViewer/?mesh=https://raw.githubusercontent.com/ZibraMax/non-local-frequencies-nanostructures/refs/heads/main/Esferas_cubic_material_2\Sphere_2.5_2.0_0.5_20250616-182529.json&mode=6&magnif=6
5.323,2.0,128900000.0,48300000.0,67099999.99999999,7965.174652,Sphere_2.5_2.0_20250616-182550,Germanium cubic,2.5,0.5,0.8,3550.446942624478,1.5208612,1.55353,1.7888657,1.9543711,2.115926,2.2213844,3,2,2,3,3,1,https://zibramax.github.io/FEMViewer/?mesh=https://raw.githubusercontent.com/ZibraMax/non-local-frequencies-nanostructures/refs/heads/main/Esferas_cubic_material_2\Sphere_2.5_2.0_0.5_20250616-182550.json&mode=6&magnif=6
3.515,2.0,1079000000.0,124000000.0,578000000.0,7986.677734,Sphere_2.5_2.0_20250616-182515,Carbon cubic,2.5,0.6,0.8,12823.342868880141,1.8708482,1.9352967,1.9653706,2.116913,2.2929406,2.5161686,3,2,2,3,3,1,https://zibramax.github.io/FEMViewer/?mesh=https://raw.githubusercontent.com/ZibraMax/non-local-frequencies-nanostructures/refs/heads/main/Esferas_cubic_material_2\Sphere_2.5_2.0_0.6_20250616-182515.json&mode=6&magnif=6
2.329,2.0,166000000.0,63900000.0,79600000.0,7974.350975,Sphere_2.5_2.0_20250616-182529,Silicon cubic,2.5,0.6,0.8,5846.174706140654,1.7039559,1.7369063,1.9559277,2.1248044,2.3840933,2.5074217,3,2,2,3,3,1,https://zibramax.github.io/FEMViewer/?mesh=https://raw.githubusercontent.com/ZibraMax/non-local-frequencies-nanostructures/refs/heads/main/Esferas_cubic_material_2\Sphere_2.5_2.0_0.6_20250616-182529.json&mode=6&magnif=6
5.323,2.0,128900000.0,48300000.0,67099999.99999999,7965.174652,Sphere_2.5_2.0_20250616-182550,Germanium cubic,2.5,0.6,0.8,3550.446942624478,1.6603812,1.6821023,1.9529058,2.1179631,2.3106096,2.4310391,3,2,2,3,3,1,https://zibramax.github.io/FEMViewer/?mesh=https://raw.githubusercontent.com/ZibraMax/non-local-frequencies-nanostructures/refs/heads/main/Esferas_cubic_material_2\Sphere_2.5_2.0_0.6_20250616-182550.json&mode=6&magnif=6
3.515,2.0,1079000000.0,124000000.0,578000000.0,7986.677734,Sphere_2.5_2.0_20250616-182515,Carbon cubic,2.5,0.7,0.8,12823.342868880141,2.0158104,2.073453,2.1175812,2.2685081,2.4707072,2.6904181,3,2,2,3,3,1,https://zibramax.github.io/FEMViewer/?mesh=https://raw.githubusercontent.com/ZibraMax/non-local-frequencies-nanostructures/refs/heads/main/Esferas_cubic_material_2\Sphere_2.5_2.0_0.7_20250616-182515.json&mode=6&magnif=6
2.329,2.0,166000000.0,63900000.0,79600000.0,7974.350975,Sphere_2.5_2.0_20250616-182529,Silicon cubic,2.5,0.7,0.8,5846.174706140654,1.836,1.8599784,2.1074374,2.2765093,2.5692925,2.7064389,3,2,2,3,3,1,https://zibramax.github.io/FEMViewer/?mesh=https://raw.githubusercontent.com/ZibraMax/non-local-frequencies-nanostructures/refs/heads/main/Esferas_cubic_material_2\Sphere_2.5_2.0_0.7_20250616-182529.json&mode=6&magnif=6
5.323,2.0,128900000.0,48300000.0,67099999.99999999,7965.174652,Sphere_2.5_2.0_20250616-182550,Germanium cubic,2.5,0.7,0.8,3550.446942624478,1.789051,1.8012792,2.104192,2.2694133,2.4901076,2.6239954,3,2,2,3,3,1,https://zibramax.github.io/FEMViewer/?mesh=https://raw.githubusercontent.com/ZibraMax/non-local-frequencies-nanostructures/refs/heads/main/Esferas_cubic_material_2\Sphere_2.5_2.0_0.7_20250616-182550.json&mode=6&magnif=6
3.515,2.0,1079000000.0,124000000.0,578000000.0,7986.677734,Sphere_2.5_2.0_20250616-182515,Carbon cubic,2.5,0.8,0.8,12823.342868880141,2.1510237,2.2027632,2.2595595,2.4103552,2.6365119,2.8539564,3,2,2,3,3,1,https://zibramax.github.io/FEMViewer/?mesh=https://raw.githubusercontent.com/ZibraMax/non-local-frequencies-nanostructures/refs/heads/main/Esferas_cubic_material_2\Sphere_2.5_2.0_0.8_20250616-182515.json&mode=6&magnif=6
2.329,2.0,166000000.0,63900000.0,79600000.0,7974.350975,Sphere_2.5_2.0_20250616-182529,Silicon cubic,2.5,0.8,0.8,5846.174706140654,1.9591631,1.9752487,2.24876,2.4184988,2.7420049,2.8917915,3,2,2,3,3,1,https://zibramax.github.io/FEMViewer/?mesh=https://raw.githubusercontent.com/ZibraMax/non-local-frequencies-nanostructures/refs/heads/main/Esferas_cubic_material_2\Sphere_2.5_2.0_0.8_20250616-182529.json&mode=6&magnif=6
5.323,2.0,128900000.0,48300000.0,67099999.99999999,7965.174652,Sphere_2.5_2.0_20250616-182550,Germanium cubic,2.5,0.8,0.8,3550.446942624478,1.9090668,1.9129019,2.2453052,2.4111431,2.6575027,2.8037032,3,2,2,3,3,1,https://zibramax.github.io/FEMViewer/?mesh=https://raw.githubusercontent.com/ZibraMax/non-local-frequencies-nanostructures/refs/heads/main/Esferas_cubic_material_2\Sphere_2.5_2.0_0.8_20250616-182550.json&mode=6&magnif=6
3.515,2.0,1079000000.0,124000000.0,578000000.0,7986.677734,Sphere_2.5_2.0_20250616-182515,Carbon cubic,2.5,0.9,0.8,12823.342868880141,2.2782251,2.3247659,2.393128,2.5441578,2.7924872,3.0085597,3,2,2,3,3,1,https://zibramax.github.io/FEMViewer/?mesh=https://raw.githubusercontent.com/ZibraMax/non-local-frequencies-nanostructures/refs/heads/main/Esferas_cubic_material_2\Sphere_2.5_2.0_0.9_20250616-182515.json&mode=6&magnif=6
2.329,2.0,166000000.0,63900000.0,79600000.0,7974.350975,Sphere_2.5_2.0_20250616-182529,Silicon cubic,2.5,0.9,0.8,5846.174706140654,2.0750279,2.0840585,2.3817101,2.5524628,2.904461,3.0659589,3,2,2,3,3,1,https://zibramax.github.io/FEMViewer/?mesh=https://raw.githubusercontent.com/ZibraMax/non-local-frequencies-nanostructures/refs/heads/main/Esferas_cubic_material_2\Sphere_2.5_2.0_0.9_20250616-182529.json&mode=6&magnif=6
5.323,2.0,128900000.0,48300000.0,67099999.99999999,7965.174652,Sphere_2.5_2.0_20250616-182550,Germanium cubic,2.5,0.9,0.8,3550.446942624478,2.0182691,2.0219705,2.378058,2.5448478,2.814957,2.9725663,2,3,2,3,3,1,https://zibramax.github.io/FEMViewer/?mesh=https://raw.githubusercontent.com/ZibraMax/non-local-frequencies-nanostructures/refs/heads/main/Esferas_cubic_material_2\Sphere_2.5_2.0_0.9_20250616-182550.json&mode=6&magnif=6
3.515,2.0,1079000000.0,124000000.0,578000000.0,7986.677734,Sphere_2.5_2.0_20250616-182515,Carbon cubic,2.5,1.0,0.8,12823.342868880141,2.3986898,2.4405927,2.5196249,2.6711669,2.9401984,3.1555582,3,2,2,3,3,1,https://zibramax.github.io/FEMViewer/?mesh=https://raw.githubusercontent.com/ZibraMax/non-local-frequencies-nanostructures/refs/heads/main/Esferas_cubic_material_2\Sphere_2.5_2.0_1.0_20250616-182515.json&mode=6&magnif=6
2.329,2.0,166000000.0,63900000.0,79600000.0,7974.350975,Sphere_2.5_2.0_20250616-182529,Silicon cubic,2.5,1.0,0.8,5846.174706140654,2.1847559,2.1873989,2.5076203,2.6796447,3.058297,3.2307505,3,2,2,3,3,1,https://zibramax.github.io/FEMViewer/?mesh=https://raw.githubusercontent.com/ZibraMax/non-local-frequencies-nanostructures/refs/heads/main/Esferas_cubic_material_2\Sphere_2.5_2.0_1.0_20250616-182529.json&mode=6&magnif=6
5.323,2.0,128900000.0,48300000.0,67099999.99999999,7965.174652,Sphere_2.5_2.0_20250616-182550,Germanium cubic,2.5,1.0,0.8,3550.446942624478,2.1183404,2.1288943,2.503781,2.6717733,2.9640562,3.1323392,2,3,2,3,3,1,https://zibramax.github.io/FEMViewer/?mesh=https://raw.githubusercontent.com/ZibraMax/non-local-frequencies-nanostructures/refs/heads/main/Esferas_cubic_material_2\Sphere_2.5_2.0_1.0_20250616-182550.json&mode=6&magnif=6
2.329,1.0,166000000.0,63900000.0,79600000.0,1282.716609,Sphere_30.0_1.0_20250617-093424,Silicon cubic,30.0,0.0,0.03333333333333333,5846.174706140654,1.9535243,2.0136708,2.2755493,2.4655853,2.7417307,2.8379585,3,2,2,3,3,1,https://zibramax.github.io/FEMViewer/?mesh=https://raw.githubusercontent.com/ZibraMax/non-local-frequencies-nanostructures/refs/heads/main/Esferas_cubic_material_2\Sphere_30.0_1.0_0.0_20250617-093424.json&mode=6&magnif=6
5.323,1.0,128900000.0,48300000.0,67099999.99999999,1278.495521,Sphere_30.0_1.0_20250617-093425,Germanium cubic,30.0,0.0,0.03333333333333333,3550.446942624478,1.9028147,1.949643,2.2721571,2.4578785,2.6550203,2.7492824,3,2,2,3,3,1,https://zibramax.github.io/FEMViewer/?mesh=https://raw.githubusercontent.com/ZibraMax/non-local-frequencies-nanostructures/refs/heads/main/Esferas_cubic_material_2\Sphere_30.0_1.0_0.0_20250617-093425.json&mode=6&magnif=6
2.329,1.0,166000000.0,63900000.0,79600000.0,1282.716609,Sphere_30.0_1.0_20250617-093424,Silicon cubic,30.0,0.1,0.03333333333333333,5846.174706140654,1.9736754,2.027704,2.2977326,2.4830053,2.7675729,2.8721029,3,2,2,3,3,1,https://zibramax.github.io/FEMViewer/?mesh=https://raw.githubusercontent.com/ZibraMax/non-local-frequencies-nanostructures/refs/heads/main/Esferas_cubic_material_2\Sphere_30.0_1.0_0.1_20250617-093424.json&mode=6&magnif=6
5.323,1.0,128900000.0,48300000.0,67099999.99999999,1278.495521,Sphere_30.0_1.0_20250617-093425,Germanium cubic,30.0,0.1,0.03333333333333333,3550.446942624478,1.9224843,1.9632623,2.2942486,2.4753237,2.6801821,2.7825005,3,2,2,3,3,1,https://zibramax.github.io/FEMViewer/?mesh=https://raw.githubusercontent.com/ZibraMax/non-local-frequencies-nanostructures/refs/heads/main/Esferas_cubic_material_2\Sphere_30.0_1.0_0.1_20250617-093425.json&mode=6&magnif=6
2.329,1.0,166000000.0,63900000.0,79600000.0,1282.716609,Sphere_30.0_1.0_20250617-093424,Silicon cubic,30.0,0.2,0.03333333333333333,5846.174706140654,1.9935654,2.0415618,2.319604,2.5001583,2.7929791,2.9057296,3,2,2,3,3,1,https://zibramax.github.io/FEMViewer/?mesh=https://raw.githubusercontent.com/ZibraMax/non-local-frequencies-nanostructures/refs/heads/main/Esferas_cubic_material_2\Sphere_30.0_1.0_0.2_20250617-093424.json&mode=6&magnif=6
5.323,1.0,128900000.0,48300000.0,67099999.99999999,1278.495521,Sphere_30.0_1.0_20250617-093425,Germanium cubic,30.0,0.2,0.03333333333333333,3550.446942624478,1.9418984,1.9767109,2.3160281,2.4924961,2.704917,2.8152147,3,2,2,3,3,1,https://zibramax.github.io/FEMViewer/?mesh=https://raw.githubusercontent.com/ZibraMax/non-local-frequencies-nanostructures/refs/heads/main/Esferas_cubic_material_2\Sphere_30.0_1.0_0.2_20250617-093425.json&mode=6&magnif=6
2.329,1.0,166000000.0,63900000.0,79600000.0,1282.716609,Sphere_30.0_1.0_20250617-093424,Silicon cubic,30.0,0.3,0.03333333333333333,5846.174706140654,2.013233,2.0552819,2.341231,2.5171091,2.8180618,2.9389157,3,2,2,3,3,1,https://zibramax.github.io/FEMViewer/?mesh=https://raw.githubusercontent.com/ZibraMax/non-local-frequencies-nanostructures/refs/heads/main/Esferas_cubic_material_2\Sphere_30.0_1.0_0.3_20250617-093424.json&mode=6&magnif=6
5.323,1.0,128900000.0,48300000.0,67099999.99999999,1278.495521,Sphere_30.0_1.0_20250617-093425,Germanium cubic,30.0,0.3,0.03333333333333333,3550.446942624478,1.9610949,1.9900255,2.337564,2.509461,2.7293337,2.847499,3,2,2,3,3,1,https://zibramax.github.io/FEMViewer/?mesh=https://raw.githubusercontent.com/ZibraMax/non-local-frequencies-nanostructures/refs/heads/main/Esferas_cubic_material_2\Sphere_30.0_1.0_0.3_20250617-093425.json&mode=6&magnif=6
2.329,1.0,166000000.0,63900000.0,79600000.0,1282.716609,Sphere_30.0_1.0_20250617-093424,Silicon cubic,30.0,0.4,0.03333333333333333,5846.174706140654,2.0326926,2.0688773,2.3626342,2.5338809,2.8428551,2.9716912,3,2,2,3,3,1,https://zibramax.github.io/FEMViewer/?mesh=https://raw.githubusercontent.com/ZibraMax/non-local-frequencies-nanostructures/refs/heads/main/Esferas_cubic_material_2\Sphere_30.0_1.0_0.4_20250617-093424.json&mode=6&magnif=6
3.515,1.0,1079000000.0,124000000.0,578000000.0,1288.616146,Sphere_30.0_1.0_20250617-093425,Carbon cubic,30.0,0.4,0.03333333333333333,12823.342868880141,2.2365777,2.3119462,2.3746976,2.5200151,2.7497681,3.0096613,3,2,2,3,3,1,https://zibramax.github.io/FEMViewer/?mesh=https://raw.githubusercontent.com/ZibraMax/non-local-frequencies-nanostructures/refs/heads/main/Esferas_cubic_material_2\Sphere_30.0_1.0_0.4_20250617-093425.json&mode=6&magnif=6
2.329,1.0,166000000.0,63900000.0,79600000.0,1282.716609,Sphere_30.0_1.0_20250617-093424,Silicon cubic,30.0,0.5,0.03333333333333333,5846.174706140654,2.0519538,2.0823561,2.3838256,2.550488,2.8673795,3.0040773,3,2,2,3,3,1,https://zibramax.github.io/FEMViewer/?mesh=https://raw.githubusercontent.com/ZibraMax/non-local-frequencies-nanostructures/refs/heads/main/Esferas_cubic_material_2\Sphere_30.0_1.0_0.5_20250617-093424.json&mode=6&magnif=6
5.323,1.0,128900000.0,48300000.0,67099999.99999999,1278.495521,Sphere_30.0_1.0_20250617-093425,Germanium cubic,30.0,0.5,0.03333333333333333,3550.446942624478,1.9988867,2.0162981,2.3799797,2.5428546,2.777333,2.9108861,3,2,2,3,3,1,https://zibramax.github.io/FEMViewer/?mesh=https://raw.githubusercontent.com/ZibraMax/non-local-frequencies-nanostructures/refs/heads/main/Esferas_cubic_material_2\Sphere_30.0_1.0_0.5_20250617-093425.json&mode=6&magnif=6
2.329,1.0,166000000.0,63900000.0,79600000.0,1282.716609,Sphere_30.0_1.0_20250617-093424,Silicon cubic,30.0,0.6,0.03333333333333333,5846.174706140654,2.0710241,2.0957244,2.4048143,2.5669408,2.8916502,3.0360912,3,2,2,3,3,1,https://zibramax.github.io/FEMViewer/?mesh=https://raw.githubusercontent.com/ZibraMax/non-local-frequencies-nanostructures/refs/heads/main/Esferas_cubic_material_2\Sphere_30.0_1.0_0.6_20250617-093424.json&mode=6&magnif=6
2.329,1.0,166000000.0,63900000.0,79600000.0,1282.716609,Sphere_30.0_1.0_20250617-093424,Silicon cubic,30.0,0.7,0.03333333333333333,5846.174706140654,2.0899104,2.108987,2.4256078,2.583248,2.9156795,3.0677477,3,2,2,3,3,1,https://zibramax.github.io/FEMViewer/?mesh=https://raw.githubusercontent.com/ZibraMax/non-local-frequencies-nanostructures/refs/heads/main/Esferas_cubic_material_2\Sphere_30.0_1.0_0.7_20250617-093424.json&mode=6&magnif=6
3.515,1.0,1079000000.0,124000000.0,578000000.0,1288.616146,Sphere_30.0_1.0_20250617-093425,Carbon cubic,30.0,0.7,0.03333333333333333,12823.342868880141,2.2988413,2.3569033,2.4385173,2.570434,2.8231336,3.070516,3,2,2,3,3,1,https://zibramax.github.io/FEMViewer/?mesh=https://raw.githubusercontent.com/ZibraMax/non-local-frequencies-nanostructures/refs/heads/main/Esferas_cubic_material_2\Sphere_30.0_1.0_0.7_20250617-093425.json&mode=6&magnif=6
2.329,1.0,166000000.0,63900000.0,79600000.0,1282.716609,Sphere_30.0_1.0_20250617-093424,Silicon cubic,30.0,0.8,0.03333333333333333,5846.174706140654,2.1086188,2.1221482,2.4462126,2.5994167,2.9394781,3.0990606,3,2,2,3,3,1,https://zibramax.github.io/FEMViewer/?mesh=https://raw.githubusercontent.com/ZibraMax/non-local-frequencies-nanostructures/refs/heads/main/Esferas_cubic_material_2\Sphere_30.0_1.0_0.8_20250617-093424.json&mode=6&magnif=6
3.515,1.0,1079000000.0,124000000.0,578000000.0,1288.616146,Sphere_30.0_1.0_20250617-093425,Carbon cubic,30.0,0.8,0.03333333333333333,12823.342868880141,2.319203,2.3716325,2.4593965,2.5869092,2.8471295,3.0905165,3,2,2,3,3,1,https://zibramax.github.io/FEMViewer/?mesh=https://raw.githubusercontent.com/ZibraMax/non-local-frequencies-nanostructures/refs/heads/main/Esferas_cubic_material_2\Sphere_30.0_1.0_0.8_20250617-093425.json&mode=6&magnif=6
2.329,1.0,166000000.0,63900000.0,79600000.0,1282.716609,Sphere_30.0_1.0_20250617-093424,Silicon cubic,30.0,0.9,0.03333333333333333,5846.174706140654,2.1271547,2.1352118,2.4666348,2.615453,2.9630551,3.130042,3,2,2,3,3,1,https://zibramax.github.io/FEMViewer/?mesh=https://raw.githubusercontent.com/ZibraMax/non-local-frequencies-nanostructures/refs/heads/main/Esferas_cubic_material_2\Sphere_30.0_1.0_0.9_20250617-093424.json&mode=6&magnif=6
3.515,1.0,1079000000.0,124000000.0,578000000.0,1288.616146,Sphere_30.0_1.0_20250617-093425,Carbon cubic,30.0,0.9,0.03333333333333333,12823.342868880141,2.3393787,2.3862429,2.4800894,2.6032335,2.8709086,3.1103812,3,2,2,3,3,1,https://zibramax.github.io/FEMViewer/?mesh=https://raw.githubusercontent.com/ZibraMax/non-local-frequencies-nanostructures/refs/heads/main/Esferas_cubic_material_2\Sphere_30.0_1.0_0.9_20250617-093425.json&mode=6&magnif=6
2.329,1.0,166000000.0,63900000.0,79600000.0,1282.716609,Sphere_30.0_1.0_20250617-093424,Silicon cubic,30.0,1.0,0.03333333333333333,5846.174706140654,2.1455233,2.1481811,2.4868797,2.6313624,2.9864188,3.1607034,3,2,2,3,3,1,https://zibramax.github.io/FEMViewer/?mesh=https://raw.githubusercontent.com/ZibraMax/non-local-frequencies-nanostructures/refs/heads/main/Esferas_cubic_material_2\Sphere_30.0_1.0_1.0_20250617-093424.json&mode=6&magnif=6
5.323,1.0,128900000.0,48300000.0,67099999.99999999,1278.495521,Sphere_30.0_1.0_20250617-093425,Germanium cubic,30.0,1.0,0.03333333333333333,3550.446942624478,2.0801668,2.0902042,2.4826058,2.6237061,2.8931494,3.0632264,2,3,2,3,3,1,https://zibramax.github.io/FEMViewer/?mesh=https://raw.githubusercontent.com/ZibraMax/non-local-frequencies-nanostructures/refs/heads/main/Esferas_cubic_material_2\Sphere_30.0_1.0_1.0_20250617-093425.json&mode=6&magnif=6
2.329,1.0,166000000.0,63900000.0,79600000.0,9649.659812,Sphere_5.0_1.0_20250616-153516,Silicon cubic,5.0,0.0,0.2,5846.174706140654,0.862173,0.8638638,0.8656238,0.8681095,0.8721313,-,2,3,3,3,3,-,https://zibramax.github.io/FEMViewer/?mesh=https://raw.githubusercontent.com/ZibraMax/non-local-frequencies-nanostructures/refs/heads/main/Esferas_cubic_material_2\Sphere_5.0_1.0_0.0_20250616-153516.json&mode=6&magnif=6
5.323,1.0,128900000.0,48300000.0,67099999.99999999,9700.800541,Sphere_5.0_1.0_20250616-153522,Germanium cubic,5.0,0.0,0.2,3550.446942624478,0.8494018,0.8505662,0.8509977,0.8548534,0.8563363,-,2,3,3,3,3,-,https://zibramax.github.io/FEMViewer/?mesh=https://raw.githubusercontent.com/ZibraMax/non-local-frequencies-nanostructures/refs/heads/main/Esferas_cubic_material_2\Sphere_5.0_1.0_0.0_20250616-153522.json&mode=6&magnif=6
3.515,1.0,1079000000.0,124000000.0,578000000.0,9616.090876,Sphere_5.0_1.0_20250616-153532,Carbon cubic,5.0,0.0,0.2,12823.342868880141,0.8483023,0.8495297,0.8533402,0.8540973,0.8588965,-,2,3,3,3,3,-,https://zibramax.github.io/FEMViewer/?mesh=https://raw.githubusercontent.com/ZibraMax/non-local-frequencies-nanostructures/refs/heads/main/Esferas_cubic_material_2\Sphere_5.0_1.0_0.0_20250616-153532.json&mode=6&magnif=6
2.329,1.0,166000000.0,63900000.0,79600000.0,9649.659812,Sphere_5.0_1.0_20250616-153516,Silicon cubic,5.0,0.1,0.2,5846.174706140654,1.4317838,1.6116122,1.6561197,1.7833901,1.8965363,1.9315974,3,2,2,1,3,1,https://zibramax.github.io/FEMViewer/?mesh=https://raw.githubusercontent.com/ZibraMax/non-local-frequencies-nanostructures/refs/heads/main/Esferas_cubic_material_2\Sphere_5.0_1.0_0.1_20250616-153516.json&mode=6&magnif=6
5.323,1.0,128900000.0,48300000.0,67099999.99999999,9700.800541,Sphere_5.0_1.0_20250616-153522,Germanium cubic,5.0,0.1,0.2,3550.446942624478,1.3945789,1.5600879,1.6528907,1.728179,1.868196,1.869828,3,2,2,1,3,1,https://zibramax.github.io/FEMViewer/?mesh=https://raw.githubusercontent.com/ZibraMax/non-local-frequencies-nanostructures/refs/heads/main/Esferas_cubic_material_2\Sphere_5.0_1.0_0.1_20250616-153522.json&mode=6&magnif=6
3.515,1.0,1079000000.0,124000000.0,578000000.0,9616.090876,Sphere_5.0_1.0_20250616-153532,Carbon cubic,5.0,0.1,0.2,12823.342868880141,1.5756368,1.665604,1.7459285,1.8748915,1.9259624,2.0084206,3,2,2,3,3,1,https://zibramax.github.io/FEMViewer/?mesh=https://raw.githubusercontent.com/ZibraMax/non-local-frequencies-nanostructures/refs/heads/main/Esferas_cubic_material_2\Sphere_5.0_1.0_0.1_20250616-153532.json&mode=6&magnif=6
2.329,1.0,166000000.0,63900000.0,79600000.0,9649.659812,Sphere_5.0_1.0_20250616-153516,Silicon cubic,5.0,0.2,0.2,5846.174706140654,1.5362081,1.7123018,1.7749405,1.9999765,2.0541732,2.123161,3,2,2,1,3,1,https://zibramax.github.io/FEMViewer/?mesh=https://raw.githubusercontent.com/ZibraMax/non-local-frequencies-nanostructures/refs/heads/main/Esferas_cubic_material_2\Sphere_5.0_1.0_0.2_20250616-153516.json&mode=6&magnif=6
5.323,1.0,128900000.0,48300000.0,67099999.99999999,9700.800541,Sphere_5.0_1.0_20250616-153522,Germanium cubic,5.0,0.2,0.2,3550.446942624478,1.4964546,1.6578524,1.7718963,1.938266,2.0350193,2.055735,3,2,2,1,3,1,https://zibramax.github.io/FEMViewer/?mesh=https://raw.githubusercontent.com/ZibraMax/non-local-frequencies-nanostructures/refs/heads/main/Esferas_cubic_material_2\Sphere_5.0_1.0_0.2_20250616-153522.json&mode=6&magnif=6
3.515,1.0,1079000000.0,124000000.0,578000000.0,9616.090876,Sphere_5.0_1.0_20250616-153532,Carbon cubic,5.0,0.2,0.2,12823.342868880141,1.6896029,1.7841409,1.8757935,2.0277693,2.0711953,2.2502872,3,2,2,3,3,1,https://zibramax.github.io/FEMViewer/?mesh=https://raw.githubusercontent.com/ZibraMax/non-local-frequencies-nanostructures/refs/heads/main/Esferas_cubic_material_2\Sphere_5.0_1.0_0.2_20250616-153532.json&mode=6&magnif=6
2.329,1.0,166000000.0,63900000.0,79600000.0,9649.659812,Sphere_5.0_1.0_20250616-153516,Silicon cubic,5.0,0.3,0.2,5846.174706140654,1.6323837,1.7924469,1.8837366,2.1683876,2.1930868,2.2723477,3,2,2,3,1,1,https://zibramax.github.io/FEMViewer/?mesh=https://raw.githubusercontent.com/ZibraMax/non-local-frequencies-nanostructures/refs/heads/main/Esferas_cubic_material_2\Sphere_5.0_1.0_0.3_20250616-153516.json&mode=6&magnif=6
5.323,1.0,128900000.0,48300000.0,67099999.99999999,9700.800541,Sphere_5.0_1.0_20250616-153522,Germanium cubic,5.0,0.3,0.2,3550.446942624478,1.5902623,1.7355945,1.8806816,2.1256234,2.1542154,2.200895,3,2,2,1,3,1,https://zibramax.github.io/FEMViewer/?mesh=https://raw.githubusercontent.com/ZibraMax/non-local-frequencies-nanostructures/refs/heads/main/Esferas_cubic_material_2\Sphere_5.0_1.0_0.3_20250616-153522.json&mode=6&magnif=6
3.515,1.0,1079000000.0,124000000.0,578000000.0,9616.090876,Sphere_5.0_1.0_20250616-153532,Carbon cubic,5.0,0.3,0.2,12823.342868880141,1.7946461,1.8930914,1.9765045,2.1456362,2.2013247,2.4657956,3,2,2,3,3,1,https://zibramax.github.io/FEMViewer/?mesh=https://raw.githubusercontent.com/ZibraMax/non-local-frequencies-nanostructures/refs/heads/main/Esferas_cubic_material_2\Sphere_5.0_1.0_0.3_20250616-153532.json&mode=6&magnif=6
2.329,1.0,166000000.0,63900000.0,79600000.0,9649.659812,Sphere_5.0_1.0_20250616-153516,Silicon cubic,5.0,0.4,0.2,5846.174706140654,1.7226346,1.8616089,1.9856614,2.262238,2.3698236,2.4050582,3,2,2,3,1,1,https://zibramax.github.io/FEMViewer/?mesh=https://raw.githubusercontent.com/ZibraMax/non-local-frequencies-nanostructures/refs/heads/main/Esferas_cubic_material_2\Sphere_5.0_1.0_0.4_20250616-153516.json&mode=6&magnif=6
5.323,1.0,128900000.0,48300000.0,67099999.99999999,9700.800541,Sphere_5.0_1.0_20250616-153522,Germanium cubic,5.0,0.4,0.2,3550.446942624478,1.6782809,1.8026473,1.9825291,2.2505972,2.2970996,2.3299071,3,2,2,3,1,1,https://zibramax.github.io/FEMViewer/?mesh=https://raw.githubusercontent.com/ZibraMax/non-local-frequencies-nanostructures/refs/heads/main/Esferas_cubic_material_2\Sphere_5.0_1.0_0.4_20250616-153522.json&mode=6&magnif=6
3.515,1.0,1079000000.0,124000000.0,578000000.0,9616.090876,Sphere_5.0_1.0_20250616-153532,Carbon cubic,5.0,0.4,0.2,12823.342868880141,1.8932679,1.9953225,2.0610238,2.243387,2.3225476,2.6630614,3,2,2,3,3,1,https://zibramax.github.io/FEMViewer/?mesh=https://raw.githubusercontent.com/ZibraMax/non-local-frequencies-nanostructures/refs/heads/main/Esferas_cubic_material_2\Sphere_5.0_1.0_0.4_20250616-153532.json&mode=6&magnif=6
2.329,1.0,166000000.0,63900000.0,79600000.0,9649.659812,Sphere_5.0_1.0_20250616-153516,Silicon cubic,5.0,0.5,0.2,5846.174706140654,1.8081203,1.9240817,2.0821656,2.3446217,2.5279398,2.5339642,3,2,2,3,3,1,https://zibramax.github.io/FEMViewer/?mesh=https://raw.githubusercontent.com/ZibraMax/non-local-frequencies-nanostructures/refs/heads/main/Esferas_cubic_material_2\Sphere_5.0_1.0_0.5_20250616-153516.json&mode=6&magnif=6
5.323,1.0,128900000.0,48300000.0,67099999.99999999,9700.800541,Sphere_5.0_1.0_20250616-153522,Germanium cubic,5.0,0.5,0.2,3550.446942624478,1.761646,1.8631974,2.0789289,2.334423,2.44928,2.456352,3,2,2,3,3,1,https://zibramax.github.io/FEMViewer/?mesh=https://raw.githubusercontent.com/ZibraMax/non-local-frequencies-nanostructures/refs/heads/main/Esferas_cubic_material_2\Sphere_5.0_1.0_0.5_20250616-153522.json&mode=6&magnif=6
3.515,1.0,1079000000.0,124000000.0,578000000.0,9616.090876,Sphere_5.0_1.0_20250616-153532,Carbon cubic,5.0,0.5,0.2,12823.342868880141,1.9867159,2.0921939,2.1357256,2.3288278,2.4370239,2.803279,3,2,2,3,3,1,https://zibramax.github.io/FEMViewer/?mesh=https://raw.githubusercontent.com/ZibraMax/non-local-frequencies-nanostructures/refs/heads/main/Esferas_cubic_material_2\Sphere_5.0_1.0_0.5_20250616-153532.json&mode=6&magnif=6
2.329,1.0,166000000.0,63900000.0,79600000.0,9649.659812,Sphere_5.0_1.0_20250616-153516,Silicon cubic,5.0,0.6,0.2,5846.174706140654,1.8895968,1.982048,2.1741497,2.4196827,2.643706,2.6879459,3,2,2,3,3,1,https://zibramax.github.io/FEMViewer/?mesh=https://raw.githubusercontent.com/ZibraMax/non-local-frequencies-nanostructures/refs/heads/main/Esferas_cubic_material_2\Sphere_5.0_1.0_0.6_20250616-153516.json&mode=6&magnif=6
5.323,1.0,128900000.0,48300000.0,67099999.99999999,9700.800541,Sphere_5.0_1.0_20250616-153522,Germanium cubic,5.0,0.6,0.2,3550.446942624478,1.8410972,1.919371,2.1707968,2.410377,2.5616911,2.6057443,3,2,2,3,3,1,https://zibramax.github.io/FEMViewer/?mesh=https://raw.githubusercontent.com/ZibraMax/non-local-frequencies-nanostructures/refs/heads/main/Esferas_cubic_material_2\Sphere_5.0_1.0_0.6_20250616-153522.json&mode=6&magnif=6
3.515,1.0,1079000000.0,124000000.0,578000000.0,9616.090876,Sphere_5.0_1.0_20250616-153532,Carbon cubic,5.0,0.6,0.2,12823.342868880141,2.0758056,2.1845698,2.2039561,2.4061876,2.545973,2.8778922,3,2,2,3,3,1,https://zibramax.github.io/FEMViewer/?mesh=https://raw.githubusercontent.com/ZibraMax/non-local-frequencies-nanostructures/refs/heads/main/Esferas_cubic_material_2\Sphere_5.0_1.0_0.6_20250616-153532.json&mode=6&magnif=6
2.329,1.0,166000000.0,63900000.0,79600000.0,9649.659812,Sphere_5.0_1.0_20250616-153516,Silicon cubic,5.0,0.7,0.2,5846.174706140654,1.9676146,2.0367346,2.2622512,2.4896337,2.7538203,2.8334833,3,2,2,3,3,1,https://zibramax.github.io/FEMViewer/?mesh=https://raw.githubusercontent.com/ZibraMax/non-local-frequencies-nanostructures/refs/heads/main/Esferas_cubic_material_2\Sphere_5.0_1.0_0.7_20250616-153516.json&mode=6&magnif=6
5.323,1.0,128900000.0,48300000.0,67099999.99999999,9700.800541,Sphere_5.0_1.0_20250616-153522,Germanium cubic,5.0,0.7,0.2,3550.446942624478,1.9171724,1.9723614,2.2587772,2.4809114,2.6685834,2.7469403,3,2,2,3,3,1,https://zibramax.github.io/FEMViewer/?mesh=https://raw.githubusercontent.com/ZibraMax/non-local-frequencies-nanostructures/refs/heads/main/Esferas_cubic_material_2\Sphere_5.0_1.0_0.7_20250616-153522.json&mode=6&magnif=6
3.515,1.0,1079000000.0,124000000.0,578000000.0,9616.090876,Sphere_5.0_1.0_20250616-153532,Carbon cubic,5.0,0.7,0.2,12823.342868880141,2.1611317,2.267604,2.273071,2.4778815,2.6502187,2.9501613,3,2,2,3,3,1,https://zibramax.github.io/FEMViewer/?mesh=https://raw.githubusercontent.com/ZibraMax/non-local-frequencies-nanostructures/refs/heads/main/Esferas_cubic_material_2\Sphere_5.0_1.0_0.7_20250616-153532.json&mode=6&magnif=6
2.329,1.0,166000000.0,63900000.0,79600000.0,9649.659812,Sphere_5.0_1.0_20250616-153516,Silicon cubic,5.0,0.8,0.2,5846.174706140654,2.0425979,2.088889,2.3469535,2.5557747,2.8592135,2.9718468,3,2,2,3,3,1,https://zibramax.github.io/FEMViewer/?mesh=https://raw.githubusercontent.com/ZibraMax/non-local-frequencies-nanostructures/refs/heads/main/Esferas_cubic_material_2\Sphere_5.0_1.0_0.8_20250616-153516.json&mode=6&magnif=6
5.323,1.0,128900000.0,48300000.0,67099999.99999999,9700.800541,Sphere_5.0_1.0_20250616-153522,Germanium cubic,5.0,0.8,0.2,3550.446942624478,1.9902862,2.0228954,2.3433571,2.5474463,2.7708727,2.881173,3,2,2,3,3,1,https://zibramax.github.io/FEMViewer/?mesh=https://raw.githubusercontent.com/ZibraMax/non-local-frequencies-nanostructures/refs/heads/main/Esferas_cubic_material_2\Sphere_5.0_1.0_0.8_20250616-153522.json&mode=6&magnif=6
3.515,1.0,1079000000.0,124000000.0,578000000.0,9616.090876,Sphere_5.0_1.0_20250616-153532,Carbon cubic,5.0,0.8,0.2,12823.342868880141,2.2431539,2.3278106,2.3581731,2.5453708,2.7503703,3.0203888,3,2,2,3,3,1,https://zibramax.github.io/FEMViewer/?mesh=https://raw.githubusercontent.com/ZibraMax/non-local-frequencies-nanostructures/refs/heads/main/Esferas_cubic_material_2\Sphere_5.0_1.0_0.8_20250616-153532.json&mode=6&magnif=6
2.329,1.0,166000000.0,63900000.0,79600000.0,9649.659812,Sphere_5.0_1.0_20250616-153516,Silicon cubic,5.0,0.9,0.2,5846.174706140654,2.1148858,2.1389986,2.4286394,2.618928,2.9605412,3.1040123,3,2,2,3,3,1,https://zibramax.github.io/FEMViewer/?mesh=https://raw.githubusercontent.com/ZibraMax/non-local-frequencies-nanostructures/refs/heads/main/Esferas_cubic_material_2\Sphere_5.0_1.0_0.9_20250616-153516.json&mode=6&magnif=6
5.323,1.0,128900000.0,48300000.0,67099999.99999999,9700.800541,Sphere_5.0_1.0_20250616-153522,Germanium cubic,5.0,0.9,0.2,3550.446942624478,2.0607698,2.0714465,2.4249209,2.6108701,2.8692026,3.0093899,3,2,2,3,3,1,https://zibramax.github.io/FEMViewer/?mesh=https://raw.githubusercontent.com/ZibraMax/non-local-frequencies-nanostructures/refs/heads/main/Esferas_cubic_material_2\Sphere_5.0_1.0_0.9_20250616-153522.json&mode=6&magnif=6
3.515,1.0,1079000000.0,124000000.0,578000000.0,9616.090876,Sphere_5.0_1.0_20250616-153532,Carbon cubic,5.0,0.9,0.2,12823.342868880141,2.3222395,2.3853083,2.4402546,2.60959,2.8469027,3.0887969,3,2,2,3,3,1,https://zibramax.github.io/FEMViewer/?mesh=https://raw.githubusercontent.com/ZibraMax/non-local-frequencies-nanostructures/refs/heads/main/Esferas_cubic_material_2\Sphere_5.0_1.0_0.9_20250616-153532.json&mode=6&magnif=6
2.329,1.0,166000000.0,63900000.0,79600000.0,9649.659812,Sphere_5.0_1.0_20250616-153516,Silicon cubic,5.0,1.0,0.2,5846.174706140654,2.1847559,2.1873989,2.5076203,2.6796447,3.058297,3.2307505,3,2,2,3,3,1,https://zibramax.github.io/FEMViewer/?mesh=https://raw.githubusercontent.com/ZibraMax/non-local-frequencies-nanostructures/refs/heads/main/Esferas_cubic_material_2\Sphere_5.0_1.0_1.0_20250616-153516.json&mode=6&magnif=6
5.323,1.0,128900000.0,48300000.0,67099999.99999999,9700.800541,Sphere_5.0_1.0_20250616-153522,Germanium cubic,5.0,1.0,0.2,3550.446942624478,2.1183404,2.1288943,2.503781,2.6717733,2.9640562,3.1323392,2,3,2,3,3,1,https://zibramax.github.io/FEMViewer/?mesh=https://raw.githubusercontent.com/ZibraMax/non-local-frequencies-nanostructures/refs/heads/main/Esferas_cubic_material_2\Sphere_5.0_1.0_1.0_20250616-153522.json&mode=6&magnif=6
3.515,1.0,1079000000.0,124000000.0,578000000.0,9616.090876,Sphere_5.0_1.0_20250616-153532,Carbon cubic,5.0,1.0,0.2,12823.342868880141,2.3986898,2.4405927,2.5196249,2.6711669,2.9401984,3.1555582,3,2,2,3,3,1,https://zibramax.github.io/FEMViewer/?mesh=https://raw.githubusercontent.com/ZibraMax/non-local-frequencies-nanostructures/refs/heads/main/Esferas_cubic_material_2\Sphere_5.0_1.0_1.0_20250616-153532.json&mode=6&magnif=6
3.515,2.0,1079000000.0,124000000.0,578000000.0,4030.888425,Sphere_5.0_2.0_20250616-204409,Carbon cubic,5.0,0.0,0.4,12823.342868880141,0.2176036,0.2179724,0.2185032,0.2203791,0.2215234,0.2219129,3,2,3,3,2,1,https://zibramax.github.io/FEMViewer/?mesh=https://raw.githubusercontent.com/ZibraMax/non-local-frequencies-nanostructures/refs/heads/main/Esferas_cubic_material_2\Sphere_5.0_2.0_0.0_20250616-204409.json&mode=6&magnif=6
5.323,2.0,128900000.0,48300000.0,67099999.99999999,4025.436185,Sphere_5.0_2.0_20250616-204700,Germanium cubic,5.0,0.0,0.4,3550.446942624478,0.2178918,0.2183107,0.2189248,0.2191625,0.2197704,0.2205732,3,2,3,3,2,1,https://zibramax.github.io/FEMViewer/?mesh=https://raw.githubusercontent.com/ZibraMax/non-local-frequencies-nanostructures/refs/heads/main/Esferas_cubic_material_2\Sphere_5.0_2.0_0.0_20250616-204700.json&mode=6&magnif=6
2.329,2.0,166000000.0,63900000.0,79600000.0,4022.262226,Sphere_5.0_2.0_20250616-204805,Silicon cubic,5.0,0.0,0.4,5846.174706140654,0.2211175,0.2215593,0.2222667,0.2234237,0.22406,0.2249235,3,2,3,3,2,1,https://zibramax.github.io/FEMViewer/?mesh=https://raw.githubusercontent.com/ZibraMax/non-local-frequencies-nanostructures/refs/heads/main/Esferas_cubic_material_2\Sphere_5.0_2.0_0.0_20250616-204805.json&mode=6&magnif=6
3.515,2.0,1079000000.0,124000000.0,578000000.0,4030.888425,Sphere_5.0_2.0_20250616-204409,Carbon cubic,5.0,0.1,0.4,12823.342868880141,1.0854605,1.1439089,1.2105519,1.2979213,1.3223819,1.3794458,3,2,2,3,3,1,https://zibramax.github.io/FEMViewer/?mesh=https://raw.githubusercontent.com/ZibraMax/non-local-frequencies-nanostructures/refs/heads/main/Esferas_cubic_material_2\Sphere_5.0_2.0_0.1_20250616-204409.json&mode=6&magnif=6
5.323,2.0,128900000.0,48300000.0,67099999.99999999,4025.436185,Sphere_5.0_2.0_20250616-204700,Germanium cubic,5.0,0.1,0.4,3550.446942624478,0.9621806,1.0945833,1.133667,1.1905157,1.2859548,1.2951746,3,2,2,1,3,1,https://zibramax.github.io/FEMViewer/?mesh=https://raw.githubusercontent.com/ZibraMax/non-local-frequencies-nanostructures/refs/heads/main/Esferas_cubic_material_2\Sphere_5.0_2.0_0.1_20250616-204700.json&mode=6&magnif=6
2.329,2.0,166000000.0,63900000.0,79600000.0,4022.262226,Sphere_5.0_2.0_20250616-204805,Silicon cubic,5.0,0.1,0.4,5846.174706140654,0.9876318,1.1303719,1.1362409,1.228115,1.3069879,1.3373606,3,2,2,1,3,1,https://zibramax.github.io/FEMViewer/?mesh=https://raw.githubusercontent.com/ZibraMax/non-local-frequencies-nanostructures/refs/heads/main/Esferas_cubic_material_2\Sphere_5.0_2.0_0.1_20250616-204805.json&mode=6&magnif=6
3.515,2.0,1079000000.0,124000000.0,578000000.0,4030.888425,Sphere_5.0_2.0_20250616-204409,Carbon cubic,5.0,0.2,0.4,12823.342868880141,1.3013887,1.3702772,1.4648603,1.5854111,1.5918074,1.7764438,3,2,2,3,3,1,https://zibramax.github.io/FEMViewer/?mesh=https://raw.githubusercontent.com/ZibraMax/non-local-frequencies-nanostructures/refs/heads/main/Esferas_cubic_material_2\Sphere_5.0_2.0_0.2_20250616-204409.json&mode=6&magnif=6
5.323,2.0,128900000.0,48300000.0,67099999.99999999,4025.436185,Sphere_5.0_2.0_20250616-204700,Germanium cubic,5.0,0.2,0.4,3550.446942624478,1.1541167,1.2994499,1.3601297,1.5339247,1.5874276,1.5888121,3,2,2,1,3,1,https://zibramax.github.io/FEMViewer/?mesh=https://raw.githubusercontent.com/ZibraMax/non-local-frequencies-nanostructures/refs/heads/main/Esferas_cubic_material_2\Sphere_5.0_2.0_0.2_20250616-204700.json&mode=6&magnif=6
2.329,2.0,166000000.0,63900000.0,79600000.0,4022.262226,Sphere_5.0_2.0_20250616-204805,Silicon cubic,5.0,0.2,0.4,5846.174706140654,1.1845473,1.3417795,1.3626264,1.5822761,1.6035515,1.6385073,3,2,2,1,3,1,https://zibramax.github.io/FEMViewer/?mesh=https://raw.githubusercontent.com/ZibraMax/non-local-frequencies-nanostructures/refs/heads/main/Esferas_cubic_material_2\Sphere_5.0_2.0_0.2_20250616-204805.json&mode=6&magnif=6
3.515,2.0,1079000000.0,124000000.0,578000000.0,4030.888425,Sphere_5.0_2.0_20250616-204409,Carbon cubic,5.0,0.3,0.4,12823.342868880141,1.4843843,1.5618957,1.6449396,1.7886146,1.8175397,2.0988067,3,2,2,3,3,1,https://zibramax.github.io/FEMViewer/?mesh=https://raw.githubusercontent.com/ZibraMax/non-local-frequencies-nanostructures/refs/heads/main/Esferas_cubic_material_2\Sphere_5.0_2.0_0.3_20250616-204409.json&mode=6&magnif=6
5.323,2.0,128900000.0,48300000.0,67099999.99999999,4025.436185,Sphere_5.0_2.0_20250616-204700,Germanium cubic,5.0,0.3,0.4,3550.446942624478,1.3167307,1.4460678,1.5510917,1.7935129,1.8127721,1.8214785,3,2,2,3,1,1,https://zibramax.github.io/FEMViewer/?mesh=https://raw.githubusercontent.com/ZibraMax/non-local-frequencies-nanostructures/refs/heads/main/Esferas_cubic_material_2\Sphere_5.0_2.0_0.3_20250616-204700.json&mode=6&magnif=6
2.329,2.0,166000000.0,63900000.0,79600000.0,4022.262226,Sphere_5.0_2.0_20250616-204805,Silicon cubic,5.0,0.3,0.4,5846.174706140654,1.3513939,1.4931547,1.5537324,1.8046319,1.8698492,1.8797918,3,2,2,3,1,1,https://zibramax.github.io/FEMViewer/?mesh=https://raw.githubusercontent.com/ZibraMax/non-local-frequencies-nanostructures/refs/heads/main/Esferas_cubic_material_2\Sphere_5.0_2.0_0.3_20250616-204805.json&mode=6&magnif=6
3.515,2.0,1079000000.0,124000000.0,578000000.0,4030.888425,Sphere_5.0_2.0_20250616-204409,Carbon cubic,5.0,0.4,0.4,12823.342868880141,1.6466937,1.731847,1.7922929,1.9536264,2.0171789,2.377659,3,2,2,3,3,1,https://zibramax.github.io/FEMViewer/?mesh=https://raw.githubusercontent.com/ZibraMax/non-local-frequencies-nanostructures/refs/heads/main/Esferas_cubic_material_2\Sphere_5.0_2.0_0.4_20250616-204409.json&mode=6&magnif=6
5.323,2.0,128900000.0,48300000.0,67099999.99999999,4025.436185,Sphere_5.0_2.0_20250616-204700,Germanium cubic,5.0,0.4,0.4,3550.446942624478,1.4609386,1.5681667,1.7202727,1.9577351,2.0260958,2.0539551,3,2,2,3,3,1,https://zibramax.github.io/FEMViewer/?mesh=https://raw.githubusercontent.com/ZibraMax/non-local-frequencies-nanostructures/refs/heads/main/Esferas_cubic_material_2\Sphere_5.0_2.0_0.4_20250616-204700.json&mode=6&magnif=6
2.329,2.0,166000000.0,63900000.0,79600000.0,4022.262226,Sphere_5.0_2.0_20250616-204805,Silicon cubic,5.0,0.4,0.4,5846.174706140654,1.4993602,1.6192382,1.7230927,1.9672585,2.0907977,2.118582,3,2,2,3,3,1,https://zibramax.github.io/FEMViewer/?mesh=https://raw.githubusercontent.com/ZibraMax/non-local-frequencies-nanostructures/refs/heads/main/Esferas_cubic_material_2\Sphere_5.0_2.0_0.4_20250616-204805.json&mode=6&magnif=6
3.515,2.0,1079000000.0,124000000.0,578000000.0,4030.888425,Sphere_5.0_2.0_20250616-204409,Carbon cubic,5.0,0.5,0.4,12823.342868880141,1.7941957,1.8863161,1.92155,2.0975368,2.1983883,2.5311067,3,2,2,3,3,1,https://zibramax.github.io/FEMViewer/?mesh=https://raw.githubusercontent.com/ZibraMax/non-local-frequencies-nanostructures/refs/heads/main/Esferas_cubic_material_2\Sphere_5.0_2.0_0.5_20250616-204409.json&mode=6&magnif=6
5.323,2.0,128900000.0,48300000.0,67099999.99999999,4025.436185,Sphere_5.0_2.0_20250616-204700,Germanium cubic,5.0,0.5,0.4,3550.446942624478,1.5919756,1.6765664,1.873966,2.1007449,2.2109296,2.2695955,3,2,2,3,3,1,https://zibramax.github.io/FEMViewer/?mesh=https://raw.githubusercontent.com/ZibraMax/non-local-frequencies-nanostructures/refs/heads/main/Esferas_cubic_material_2\Sphere_5.0_2.0_0.5_20250616-204700.json&mode=6&magnif=6
2.329,2.0,166000000.0,63900000.0,79600000.0,4022.262226,Sphere_5.0_2.0_20250616-204805,Silicon cubic,5.0,0.5,0.4,5846.174706140654,1.6338152,1.7311814,1.8769694,2.109467,2.2814298,2.3409749,3,2,2,3,3,1,https://zibramax.github.io/FEMViewer/?mesh=https://raw.githubusercontent.com/ZibraMax/non-local-frequencies-nanostructures/refs/heads/main/Esferas_cubic_material_2\Sphere_5.0_2.0_0.5_20250616-204805.json&mode=6&magnif=6
3.515,2.0,1079000000.0,124000000.0,578000000.0,4030.888425,Sphere_5.0_2.0_20250616-204409,Carbon cubic,5.0,0.6,0.4,12823.342868880141,1.9303715,2.0289474,2.0390637,2.2278724,2.3655798,2.6688009,3,2,2,3,3,1,https://zibramax.github.io/FEMViewer/?mesh=https://raw.githubusercontent.com/ZibraMax/non-local-frequencies-nanostructures/refs/heads/main/Esferas_cubic_material_2\Sphere_5.0_2.0_0.6_20250616-204409.json&mode=6&magnif=6
5.323,2.0,128900000.0,48300000.0,67099999.99999999,4025.436185,Sphere_5.0_2.0_20250616-204700,Germanium cubic,5.0,0.6,0.4,3550.446942624478,1.7129405,1.7758788,2.0158429,2.2303307,2.3810317,2.4664278,3,2,2,3,3,1,https://zibramax.github.io/FEMViewer/?mesh=https://raw.githubusercontent.com/ZibraMax/non-local-frequencies-nanostructures/refs/heads/main/Esferas_cubic_material_2\Sphere_5.0_2.0_0.6_20250616-204700.json&mode=6&magnif=6
2.329,2.0,166000000.0,63900000.0,79600000.0,4022.262226,Sphere_5.0_2.0_20250616-204805,Silicon cubic,5.0,0.6,0.4,5846.174706140654,1.7579372,1.8337415,2.0190259,2.2386199,2.456882,2.5439723,3,2,2,3,3,1,https://zibramax.github.io/FEMViewer/?mesh=https://raw.githubusercontent.com/ZibraMax/non-local-frequencies-nanostructures/refs/heads/main/Esferas_cubic_material_2\Sphere_5.0_2.0_0.6_20250616-204805.json&mode=6&magnif=6
3.515,2.0,1079000000.0,124000000.0,578000000.0,4030.888425,Sphere_5.0_2.0_20250616-204409,Carbon cubic,5.0,0.7,0.4,12823.342868880141,2.057506,2.1481109,2.1621288,2.3485108,2.521614,2.7990068,3,2,2,3,3,1,https://zibramax.github.io/FEMViewer/?mesh=https://raw.githubusercontent.com/ZibraMax/non-local-frequencies-nanostructures/refs/heads/main/Esferas_cubic_material_2\Sphere_5.0_2.0_0.7_20250616-204409.json&mode=6&magnif=6
5.323,2.0,128900000.0,48300000.0,67099999.99999999,4025.436185,Sphere_5.0_2.0_20250616-204700,Germanium cubic,5.0,0.7,0.4,3550.446942624478,1.8258668,1.868503,2.1482982,2.3503654,2.5395384,2.6486588,3,2,2,3,3,1,https://zibramax.github.io/FEMViewer/?mesh=https://raw.githubusercontent.com/ZibraMax/non-local-frequencies-nanostructures/refs/heads/main/Esferas_cubic_material_2\Sphere_5.0_2.0_0.7_20250616-204700.json&mode=6&magnif=6
2.329,2.0,166000000.0,63900000.0,79600000.0,4022.262226,Sphere_5.0_2.0_20250616-204805,Silicon cubic,5.0,0.7,0.4,5846.174706140654,1.8738119,1.9293946,2.1516547,2.3584173,2.620382,2.7319124,3,2,2,3,3,1,https://zibramax.github.io/FEMViewer/?mesh=https://raw.githubusercontent.com/ZibraMax/non-local-frequencies-nanostructures/refs/heads/main/Esferas_cubic_material_2\Sphere_5.0_2.0_0.7_20250616-204805.json&mode=6&magnif=6
3.515,2.0,1079000000.0,124000000.0,578000000.0,4030.888425,Sphere_5.0_2.0_20250616-204409,Carbon cubic,5.0,0.8,0.4,12823.342868880141,2.1772004,2.2506156,2.2875328,2.4617141,2.6684826,2.9229712,3,2,2,3,3,1,https://zibramax.github.io/FEMViewer/?mesh=https://raw.githubusercontent.com/ZibraMax/non-local-frequencies-nanostructures/refs/heads/main/Esferas_cubic_material_2\Sphere_5.0_2.0_0.8_20250616-204409.json&mode=6&magnif=6
5.323,2.0,128900000.0,48300000.0,67099999.99999999,4025.436185,Sphere_5.0_2.0_20250616-204700,Germanium cubic,5.0,0.8,0.4,3550.446942624478,1.9321791,1.9558719,2.2730045,2.4630769,2.6885828,2.8191264,3,2,2,3,3,1,https://zibramax.github.io/FEMViewer/?mesh=https://raw.githubusercontent.com/ZibraMax/non-local-frequencies-nanostructures/refs/heads/main/Esferas_cubic_material_2\Sphere_5.0_2.0_0.8_20250616-204700.json&mode=6&magnif=6
2.329,2.0,166000000.0,63900000.0,79600000.0,4022.262226,Sphere_5.0_2.0_20250616-204805,Silicon cubic,5.0,0.8,0.4,5846.174706140654,1.9829009,2.01962,2.2765281,2.4710056,2.7741268,2.9077215,3,2,2,3,3,1,https://zibramax.github.io/FEMViewer/?mesh=https://raw.githubusercontent.com/ZibraMax/non-local-frequencies-nanostructures/refs/heads/main/Esferas_cubic_material_2\Sphere_5.0_2.0_0.8_20250616-204805.json&mode=6&magnif=6
3.515,2.0,1079000000.0,124000000.0,578000000.0,4030.888425,Sphere_5.0_2.0_20250616-204409,Carbon cubic,5.0,0.9,0.4,12823.342868880141,2.2906302,2.3478217,2.4063869,2.568933,2.8076423,3.0415937,3,2,2,3,3,1,https://zibramax.github.io/FEMViewer/?mesh=https://raw.githubusercontent.com/ZibraMax/non-local-frequencies-nanostructures/refs/heads/main/Esferas_cubic_material_2\Sphere_5.0_2.0_0.9_20250616-204409.json&mode=6&magnif=6
5.323,2.0,128900000.0,48300000.0,67099999.99999999,4025.436185,Sphere_5.0_2.0_20250616-204700,Germanium cubic,5.0,0.9,0.4,3550.446942624478,2.0329232,2.0389289,2.3911883,2.5698867,2.8297033,2.9798527,3,2,2,3,3,1,https://zibramax.github.io/FEMViewer/?mesh=https://raw.githubusercontent.com/ZibraMax/non-local-frequencies-nanostructures/refs/heads/main/Esferas_cubic_material_2\Sphere_5.0_2.0_0.9_20250616-204700.json&mode=6&magnif=6
2.329,2.0,166000000.0,63900000.0,79600000.0,4022.262226,Sphere_5.0_2.0_20250616-204805,Silicon cubic,5.0,0.9,0.4,5846.174706140654,2.086277,2.105392,2.3948727,2.5777634,2.9197012,3.0734848,3,2,2,3,3,1,https://zibramax.github.io/FEMViewer/?mesh=https://raw.githubusercontent.com/ZibraMax/non-local-frequencies-nanostructures/refs/heads/main/Esferas_cubic_material_2\Sphere_5.0_2.0_0.9_20250616-204805.json&mode=6&magnif=6
3.515,2.0,1079000000.0,124000000.0,578000000.0,4030.888425,Sphere_5.0_2.0_20250616-204409,Carbon cubic,5.0,1.0,0.4,12823.342868880141,2.3986898,2.4405927,2.5196249,2.6711669,2.9401984,3.1555582,3,2,2,3,3,1,https://zibramax.github.io/FEMViewer/?mesh=https://raw.githubusercontent.com/ZibraMax/non-local-frequencies-nanostructures/refs/heads/main/Esferas_cubic_material_2\Sphere_5.0_2.0_1.0_20250616-204409.json&mode=6&magnif=6
5.323,2.0,128900000.0,48300000.0,67099999.99999999,4025.436185,Sphere_5.0_2.0_20250616-204700,Germanium cubic,5.0,1.0,0.4,3550.446942624478,2.1183404,2.1288943,2.503781,2.6717733,2.9640562,3.1323392,2,3,2,3,3,1,https://zibramax.github.io/FEMViewer/?mesh=https://raw.githubusercontent.com/ZibraMax/non-local-frequencies-nanostructures/refs/heads/main/Esferas_cubic_material_2\Sphere_5.0_2.0_1.0_20250616-204700.json&mode=6&magnif=6
2.329,2.0,166000000.0,63900000.0,79600000.0,4022.262226,Sphere_5.0_2.0_20250616-204805,Silicon cubic,5.0,1.0,0.4,5846.174706140654,2.1847559,2.1873989,2.5076203,2.6796447,3.058297,3.2307505,3,2,2,3,3,1,https://zibramax.github.io/FEMViewer/?mesh=https://raw.githubusercontent.com/ZibraMax/non-local-frequencies-nanostructures/refs/heads/main/Esferas_cubic_material_2\Sphere_5.0_2.0_1.0_20250616-204805.json&mode=6&magnif=6
2.329,2.5,166000000.0,63900000.0,79600000.0,13841.376957,Sphere_5.0_2.5_20250616-153518,Silicon cubic,5.0,0.0,0.5,5846.174706140654,0.1419607,0.1422488,0.1427106,0.1434476,0.143825,0.1444096,3,2,3,3,2,1,https://zibramax.github.io/FEMViewer/?mesh=https://raw.githubusercontent.com/ZibraMax/non-local-frequencies-nanostructures/refs/heads/main/Esferas_cubic_material_2\Sphere_5.0_2.5_0.0_20250616-153518.json&mode=6&magnif=6
5.323,2.5,128900000.0,48300000.0,67099999.99999999,13857.422206,Sphere_5.0_2.5_20250616-153525,Germanium cubic,5.0,0.0,0.5,3550.446942624478,0.1398917,0.1401687,0.1405667,0.1407006,0.1410658,0.141609,3,2,3,3,2,1,https://zibramax.github.io/FEMViewer/?mesh=https://raw.githubusercontent.com/ZibraMax/non-local-frequencies-nanostructures/refs/heads/main/Esferas_cubic_material_2\Sphere_5.0_2.5_0.0_20250616-153525.json&mode=6&magnif=6
3.515,2.5,1079000000.0,124000000.0,578000000.0,13875.427317,Sphere_5.0_2.5_20250616-153538,Carbon cubic,5.0,0.0,0.5,12823.342868880141,0.1397069,0.1399414,0.1402988,0.1415178,0.1422824,0.14253,3,2,3,3,2,1,https://zibramax.github.io/FEMViewer/?mesh=https://raw.githubusercontent.com/ZibraMax/non-local-frequencies-nanostructures/refs/heads/main/Esferas_cubic_material_2\Sphere_5.0_2.5_0.0_20250616-153538.json&mode=6&magnif=6
2.329,2.5,166000000.0,63900000.0,79600000.0,13841.376957,Sphere_5.0_2.5_20250616-153518,Silicon cubic,5.0,0.1,0.5,5846.174706140654,0.8834919,1.015738,1.0214113,1.1363666,1.1942121,1.2100499,3,2,2,1,3,1,https://zibramax.github.io/FEMViewer/?mesh=https://raw.githubusercontent.com/ZibraMax/non-local-frequencies-nanostructures/refs/heads/main/Esferas_cubic_material_2\Sphere_5.0_2.5_0.1_20250616-153518.json&mode=6&magnif=6
5.323,2.5,128900000.0,48300000.0,67099999.99999999,13857.422206,Sphere_5.0_2.5_20250616-153525,Germanium cubic,5.0,0.1,0.5,3550.446942624478,0.8607844,0.9891966,1.0136353,1.1016477,1.1721856,1.1774538,3,2,2,1,3,1,https://zibramax.github.io/FEMViewer/?mesh=https://raw.githubusercontent.com/ZibraMax/non-local-frequencies-nanostructures/refs/heads/main/Esferas_cubic_material_2\Sphere_5.0_2.5_0.1_20250616-153525.json&mode=6&magnif=6
3.515,2.5,1079000000.0,124000000.0,578000000.0,13875.427317,Sphere_5.0_2.5_20250616-153538,Carbon cubic,5.0,0.1,0.5,12823.342868880141,0.9706659,1.0221132,1.0992295,1.1824393,1.184509,1.2757797,3,2,2,3,3,1,https://zibramax.github.io/FEMViewer/?mesh=https://raw.githubusercontent.com/ZibraMax/non-local-frequencies-nanostructures/refs/heads/main/Esferas_cubic_material_2\Sphere_5.0_2.5_0.1_20250616-153538.json&mode=6&magnif=6
2.329,2.5,166000000.0,63900000.0,79600000.0,13841.376957,Sphere_5.0_2.5_20250616-153518,Silicon cubic,5.0,0.2,0.5,5846.174706140654,1.1077973,1.248869,1.2732879,1.5006384,1.5194581,1.5377686,3,2,2,3,1,1,https://zibramax.github.io/FEMViewer/?mesh=https://raw.githubusercontent.com/ZibraMax/non-local-frequencies-nanostructures/refs/heads/main/Esferas_cubic_material_2\Sphere_5.0_2.5_0.2_20250616-153518.json&mode=6&magnif=6
5.323,2.5,128900000.0,48300000.0,67099999.99999999,13857.422206,Sphere_5.0_2.5_20250616-153525,Germanium cubic,5.0,0.2,0.5,3550.446942624478,1.0793886,1.2095369,1.2710524,1.4730963,1.4893241,1.4900676,3,2,2,1,3,1,https://zibramax.github.io/FEMViewer/?mesh=https://raw.githubusercontent.com/ZibraMax/non-local-frequencies-nanostructures/refs/heads/main/Esferas_cubic_material_2\Sphere_5.0_2.5_0.2_20250616-153525.json&mode=6&magnif=6
3.515,2.5,1079000000.0,124000000.0,578000000.0,13875.427317,Sphere_5.0_2.5_20250616-153538,Carbon cubic,5.0,0.2,0.5,12823.342868880141,1.2167649,1.2801889,1.3688913,1.4854049,1.4889458,1.7053596,3,2,2,3,3,1,https://zibramax.github.io/FEMViewer/?mesh=https://raw.githubusercontent.com/ZibraMax/non-local-frequencies-nanostructures/refs/heads/main/Esferas_cubic_material_2\Sphere_5.0_2.5_0.2_20250616-153538.json&mode=6&magnif=6
2.329,2.5,166000000.0,63900000.0,79600000.0,13841.376957,Sphere_5.0_2.5_20250616-153518,Silicon cubic,5.0,0.3,0.5,5846.174706140654,1.2928223,1.4147839,1.4853682,1.7148379,1.8013904,1.8235191,3,2,2,3,3,1,https://zibramax.github.io/FEMViewer/?mesh=https://raw.githubusercontent.com/ZibraMax/non-local-frequencies-nanostructures/refs/heads/main/Esferas_cubic_material_2\Sphere_5.0_2.5_0.3_20250616-153518.json&mode=6&magnif=6
5.323,2.5,128900000.0,48300000.0,67099999.99999999,13857.422206,Sphere_5.0_2.5_20250616-153525,Germanium cubic,5.0,0.3,0.5,3550.446942624478,1.2597033,1.3702057,1.4829046,1.7056739,1.7456717,1.7679143,3,2,2,3,3,1,https://zibramax.github.io/FEMViewer/?mesh=https://raw.githubusercontent.com/ZibraMax/non-local-frequencies-nanostructures/refs/heads/main/Esferas_cubic_material_2\Sphere_5.0_2.5_0.3_20250616-153525.json&mode=6&magnif=6
3.515,2.5,1079000000.0,124000000.0,578000000.0,13875.427317,Sphere_5.0_2.5_20250616-153538,Carbon cubic,5.0,0.3,0.5,12823.342868880141,1.4197919,1.4930155,1.5625355,1.7018173,1.738734,2.0463494,3,2,2,3,3,1,https://zibramax.github.io/FEMViewer/?mesh=https://raw.githubusercontent.com/ZibraMax/non-local-frequencies-nanostructures/refs/heads/main/Esferas_cubic_material_2\Sphere_5.0_2.5_0.3_20250616-153538.json&mode=6&magnif=6
2.329,2.5,166000000.0,63900000.0,79600000.0,13841.376957,Sphere_5.0_2.5_20250616-153518,Silicon cubic,5.0,0.4,0.5,5846.174706140654,1.4542719,1.5548142,1.6703834,1.8922204,2.0298879,2.0836137,3,2,2,3,3,1,https://zibramax.github.io/FEMViewer/?mesh=https://raw.githubusercontent.com/ZibraMax/non-local-frequencies-nanostructures/refs/heads/main/Esferas_cubic_material_2\Sphere_5.0_2.5_0.4_20250616-153518.json&mode=6&magnif=6
5.323,2.5,128900000.0,48300000.0,67099999.99999999,13857.422206,Sphere_5.0_2.5_20250616-153525,Germanium cubic,5.0,0.4,0.5,3550.446942624478,1.4170397,1.5057981,1.6676912,1.8839271,1.967188,2.0201001,3,2,2,3,3,1,https://zibramax.github.io/FEMViewer/?mesh=https://raw.githubusercontent.com/ZibraMax/non-local-frequencies-nanostructures/refs/heads/main/Esferas_cubic_material_2\Sphere_5.0_2.5_0.4_20250616-153525.json&mode=6&magnif=6
3.515,2.5,1079000000.0,124000000.0,578000000.0,13875.427317,Sphere_5.0_2.5_20250616-153538,Carbon cubic,5.0,0.4,0.5,12823.342868880141,1.5969644,1.6787629,1.7237258,1.8808489,1.9563928,2.2823432,3,2,2,3,3,1,https://zibramax.github.io/FEMViewer/?mesh=https://raw.githubusercontent.com/ZibraMax/non-local-frequencies-nanostructures/refs/heads/main/Esferas_cubic_material_2\Sphere_5.0_2.5_0.4_20250616-153538.json&mode=6&magnif=6
2.329,2.5,166000000.0,63900000.0,79600000.0,13841.376957,Sphere_5.0_2.5_20250616-153518,Silicon cubic,5.0,0.5,0.5,5846.174706140654,1.5994232,1.6797406,1.8367233,2.0489787,2.2347211,2.3146428,3,2,2,3,3,1,https://zibramax.github.io/FEMViewer/?mesh=https://raw.githubusercontent.com/ZibraMax/non-local-frequencies-nanostructures/refs/heads/main/Esferas_cubic_material_2\Sphere_5.0_2.5_0.5_20250616-153518.json&mode=6&magnif=6
5.323,2.5,128900000.0,48300000.0,67099999.99999999,13857.422206,Sphere_5.0_2.5_20250616-153525,Germanium cubic,5.0,0.5,0.5,3550.446942624478,1.5584912,1.6267643,1.8338134,2.0410727,2.16575,2.2441027,3,2,2,3,3,1,https://zibramax.github.io/FEMViewer/?mesh=https://raw.githubusercontent.com/ZibraMax/non-local-frequencies-nanostructures/refs/heads/main/Esferas_cubic_material_2\Sphere_5.0_2.5_0.5_20250616-153525.json&mode=6&magnif=6
3.515,2.5,1079000000.0,124000000.0,578000000.0,13875.427317,Sphere_5.0_2.5_20250616-153538,Carbon cubic,5.0,0.5,0.5,12823.342868880141,1.7562605,1.8457945,1.8663621,2.0386641,2.1519657,2.4511357,3,2,2,3,3,1,https://zibramax.github.io/FEMViewer/?mesh=https://raw.githubusercontent.com/ZibraMax/non-local-frequencies-nanostructures/refs/heads/main/Esferas_cubic_material_2\Sphere_5.0_2.5_0.5_20250616-153538.json&mode=6&magnif=6
2.329,2.5,166000000.0,63900000.0,79600000.0,13841.376957,Sphere_5.0_2.5_20250616-153518,Silicon cubic,5.0,0.6,0.5,5846.174706140654,1.7324162,1.794264,1.9891394,2.1919133,2.4221,2.5246082,3,2,2,3,3,1,https://zibramax.github.io/FEMViewer/?mesh=https://raw.githubusercontent.com/ZibraMax/non-local-frequencies-nanostructures/refs/heads/main/Esferas_cubic_material_2\Sphere_5.0_2.5_0.6_20250616-153518.json&mode=6&magnif=6
5.323,2.5,128900000.0,48300000.0,67099999.99999999,13857.422206,Sphere_5.0_2.5_20250616-153525,Germanium cubic,5.0,0.6,0.5,3550.446942624478,1.6880933,1.7376579,1.9860238,2.1841711,2.3473854,2.4476814,3,2,2,3,3,1,https://zibramax.github.io/FEMViewer/?mesh=https://raw.githubusercontent.com/ZibraMax/non-local-frequencies-nanostructures/refs/heads/main/Esferas_cubic_material_2\Sphere_5.0_2.5_0.6_20250616-153525.json&mode=6&magnif=6
3.515,2.5,1079000000.0,124000000.0,578000000.0,13875.427317,Sphere_5.0_2.5_20250616-153538,Carbon cubic,5.0,0.6,0.5,12823.342868880141,1.9022195,1.996478,1.9988617,2.1822874,2.3311028,2.6080805,3,2,2,3,3,1,https://zibramax.github.io/FEMViewer/?mesh=https://raw.githubusercontent.com/ZibraMax/non-local-frequencies-nanostructures/refs/heads/main/Esferas_cubic_material_2\Sphere_5.0_2.5_0.6_20250616-153538.json&mode=6&magnif=6
2.329,2.5,166000000.0,63900000.0,79600000.0,13841.376957,Sphere_5.0_2.5_20250616-153518,Silicon cubic,5.0,0.7,0.5,5846.174706140654,1.8558821,1.900936,2.1306467,2.3246035,2.5958855,2.7183991,3,2,2,3,3,1,https://zibramax.github.io/FEMViewer/?mesh=https://raw.githubusercontent.com/ZibraMax/non-local-frequencies-nanostructures/refs/heads/main/Esferas_cubic_material_2\Sphere_5.0_2.5_0.7_20250616-153518.json&mode=6&magnif=6
5.323,2.5,128900000.0,48300000.0,67099999.99999999,13857.422206,Sphere_5.0_2.5_20250616-153525,Germanium cubic,5.0,0.7,0.5,3550.446942624478,1.8084104,1.8409499,2.1273365,2.3169073,2.5158403,2.6355768,3,2,2,3,3,1,https://zibramax.github.io/FEMViewer/?mesh=https://raw.githubusercontent.com/ZibraMax/non-local-frequencies-nanostructures/refs/heads/main/Esferas_cubic_material_2\Sphere_5.0_2.5_0.7_20250616-153525.json&mode=6&magnif=6
3.515,2.5,1079000000.0,124000000.0,578000000.0,13875.427317,Sphere_5.0_2.5_20250616-153538,Carbon cubic,5.0,0.7,0.5,12823.342868880141,2.0377268,2.1172906,2.1409835,2.3154395,2.4973776,2.7555744,3,2,2,3,3,1,https://zibramax.github.io/FEMViewer/?mesh=https://raw.githubusercontent.com/ZibraMax/non-local-frequencies-nanostructures/refs/heads/main/Esferas_cubic_material_2\Sphere_5.0_2.5_0.7_20250616-153538.json&mode=6&magnif=6
2.329,2.5,166000000.0,63900000.0,79600000.0,13841.376957,Sphere_5.0_2.5_20250616-153518,Silicon cubic,5.0,0.8,0.5,5846.174706140654,1.971619,2.0013446,2.2633039,2.4492232,2.7586847,2.8992625,3,2,2,3,3,1,https://zibramax.github.io/FEMViewer/?mesh=https://raw.githubusercontent.com/ZibraMax/non-local-frequencies-nanostructures/refs/heads/main/Esferas_cubic_material_2\Sphere_5.0_2.5_0.8_20250616-153518.json&mode=6&magnif=6
5.323,2.5,128900000.0,48300000.0,67099999.99999999,13857.422206,Sphere_5.0_2.5_20250616-153525,Germanium cubic,5.0,0.8,0.5,3550.446942624478,1.9211951,1.9381778,2.259809,2.4415051,2.6736433,2.8109375,3,2,2,3,3,1,https://zibramax.github.io/FEMViewer/?mesh=https://raw.githubusercontent.com/ZibraMax/non-local-frequencies-nanostructures/refs/heads/main/Esferas_cubic_material_2\Sphere_5.0_2.5_0.8_20250616-153525.json&mode=6&magnif=6
3.515,2.5,1079000000.0,124000000.0,578000000.0,13875.427317,Sphere_5.0_2.5_20250616-153538,Carbon cubic,5.0,0.8,0.5,12823.342868880141,2.1647543,2.2307653,2.2742234,2.4403755,2.6532255,2.8952446,3,2,2,3,3,1,https://zibramax.github.io/FEMViewer/?mesh=https://raw.githubusercontent.com/ZibraMax/non-local-frequencies-nanostructures/refs/heads/main/Esferas_cubic_material_2\Sphere_5.0_2.5_0.8_20250616-153538.json&mode=6&magnif=6
2.329,2.5,166000000.0,63900000.0,79600000.0,13841.376957,Sphere_5.0_2.5_20250616-153518,Silicon cubic,5.0,0.9,0.5,5846.174706140654,2.0809208,2.0965711,2.3885924,2.5672248,2.9123596,3.0694853,3,2,2,3,3,1,https://zibramax.github.io/FEMViewer/?mesh=https://raw.githubusercontent.com/ZibraMax/non-local-frequencies-nanostructures/refs/heads/main/Esferas_cubic_material_2\Sphere_5.0_2.5_0.9_20250616-153518.json&mode=6&magnif=6
5.323,2.5,128900000.0,48300000.0,67099999.99999999,13857.422206,Sphere_5.0_2.5_20250616-153525,Germanium cubic,5.0,0.9,0.5,3550.446942624478,2.0277085,2.0303886,2.3849214,2.5594433,2.8226004,2.975981,3,2,2,3,3,1,https://zibramax.github.io/FEMViewer/?mesh=https://raw.githubusercontent.com/ZibraMax/non-local-frequencies-nanostructures/refs/heads/main/Esferas_cubic_material_2\Sphere_5.0_2.5_0.9_20250616-153525.json&mode=6&magnif=6
3.515,2.5,1079000000.0,124000000.0,578000000.0,13875.427317,Sphere_5.0_2.5_20250616-153538,Carbon cubic,5.0,0.9,0.5,12823.342868880141,2.2847213,2.3382189,2.4000666,2.5585959,2.8003963,3.0282732,3,2,2,3,3,1,https://zibramax.github.io/FEMViewer/?mesh=https://raw.githubusercontent.com/ZibraMax/non-local-frequencies-nanostructures/refs/heads/main/Esferas_cubic_material_2\Sphere_5.0_2.5_0.9_20250616-153538.json&mode=6&magnif=6
2.329,2.5,166000000.0,63900000.0,79600000.0,13841.376957,Sphere_5.0_2.5_20250616-153518,Silicon cubic,5.0,1.0,0.5,5846.174706140654,2.1847559,2.1873989,2.5076203,2.6796447,3.058297,3.2307505,3,2,2,3,3,1,https://zibramax.github.io/FEMViewer/?mesh=https://raw.githubusercontent.com/ZibraMax/non-local-frequencies-nanostructures/refs/heads/main/Esferas_cubic_material_2\Sphere_5.0_2.5_1.0_20250616-153518.json&mode=6&magnif=6
5.323,2.5,128900000.0,48300000.0,67099999.99999999,13857.422206,Sphere_5.0_2.5_20250616-153525,Germanium cubic,5.0,1.0,0.5,3550.446942624478,2.1183404,2.1288943,2.503781,2.6717733,2.9640562,3.1323392,2,3,2,3,3,1,https://zibramax.github.io/FEMViewer/?mesh=https://raw.githubusercontent.com/ZibraMax/non-local-frequencies-nanostructures/refs/heads/main/Esferas_cubic_material_2\Sphere_5.0_2.5_1.0_20250616-153525.json&mode=6&magnif=6
3.515,2.5,1079000000.0,124000000.0,578000000.0,13875.427317,Sphere_5.0_2.5_20250616-153538,Carbon cubic,5.0,1.0,0.5,12823.342868880141,2.3986898,2.4405927,2.5196249,2.6711669,2.9401984,3.1555582,3,2,2,3,3,1,https://zibramax.github.io/FEMViewer/?mesh=https://raw.githubusercontent.com/ZibraMax/non-local-frequencies-nanostructures/refs/heads/main/Esferas_cubic_material_2\Sphere_5.0_2.5_1.0_20250616-153538.json&mode=6&magnif=6
2.329,4.0,166000000.0,63900000.0,79600000.0,13835.250899,Sphere_5.0_4.0_20250616-153519,Silicon cubic,5.0,0.0,0.8,5846.174706140654,0.0556434,0.0557582,0.0559426,0.0562284,0.0563638,0.0566048,3,2,3,3,2,1,https://zibramax.github.io/FEMViewer/?mesh=https://raw.githubusercontent.com/ZibraMax/non-local-frequencies-nanostructures/refs/heads/main/Esferas_cubic_material_2\Sphere_5.0_4.0_0.0_20250616-153519.json&mode=6&magnif=6
5.323,4.0,128900000.0,48300000.0,67099999.99999999,13775.28202,Sphere_5.0_4.0_20250616-153528,Germanium cubic,5.0,0.0,0.8,3550.446942624478,0.0548332,0.0549453,0.0551028,0.0551471,0.05528,0.0555042,3,2,3,3,2,1,https://zibramax.github.io/FEMViewer/?mesh=https://raw.githubusercontent.com/ZibraMax/non-local-frequencies-nanostructures/refs/heads/main/Esferas_cubic_material_2\Sphere_5.0_4.0_0.0_20250616-153528.json&mode=6&magnif=6
3.515,4.0,1079000000.0,124000000.0,578000000.0,13828.680444,Sphere_5.0_4.0_20250616-153542,Carbon cubic,5.0,0.0,0.8,12823.342868880141,0.0547612,0.0548522,0.0549994,0.0554837,0.0557963,0.0558923,3,2,3,3,2,1,https://zibramax.github.io/FEMViewer/?mesh=https://raw.githubusercontent.com/ZibraMax/non-local-frequencies-nanostructures/refs/heads/main/Esferas_cubic_material_2\Sphere_5.0_4.0_0.0_20250616-153542.json&mode=6&magnif=6
2.329,4.0,166000000.0,63900000.0,79600000.0,13835.250899,Sphere_5.0_4.0_20250616-153519,Silicon cubic,5.0,0.1,0.8,5846.174706140654,0.7520745,0.8615198,0.8638277,1.0330593,1.0453279,1.0482306,3,2,2,3,3,1,https://zibramax.github.io/FEMViewer/?mesh=https://raw.githubusercontent.com/ZibraMax/non-local-frequencies-nanostructures/refs/heads/main/Esferas_cubic_material_2\Sphere_5.0_4.0_0.1_20250616-153519.json&mode=6&magnif=6
5.323,4.0,128900000.0,48300000.0,67099999.99999999,13775.28202,Sphere_5.0_4.0_20250616-153528,Germanium cubic,5.0,0.1,0.8,3550.446942624478,0.732812,0.8344483,0.8623361,1.0129961,1.016278,1.0250007,3,2,2,3,1,1,https://zibramax.github.io/FEMViewer/?mesh=https://raw.githubusercontent.com/ZibraMax/non-local-frequencies-nanostructures/refs/heads/main/Esferas_cubic_material_2\Sphere_5.0_4.0_0.1_20250616-153528.json&mode=6&magnif=6
3.515,4.0,1079000000.0,124000000.0,578000000.0,13828.680444,Sphere_5.0_4.0_20250616-153542,Carbon cubic,5.0,0.1,0.8,12823.342868880141,0.8259046,0.8684508,0.9424023,1.0106935,1.0225208,1.1762367,3,2,2,3,3,1,https://zibramax.github.io/FEMViewer/?mesh=https://raw.githubusercontent.com/ZibraMax/non-local-frequencies-nanostructures/refs/heads/main/Esferas_cubic_material_2\Sphere_5.0_4.0_0.1_20250616-153542.json&mode=6&magnif=6
2.329,4.0,166000000.0,63900000.0,79600000.0,13835.250899,Sphere_5.0_4.0_20250616-153519,Silicon cubic,5.0,0.2,0.8,5846.174706140654,1.0166171,1.1062839,1.1673357,1.3431421,1.4188033,1.4616863,3,2,2,3,3,1,https://zibramax.github.io/FEMViewer/?mesh=https://raw.githubusercontent.com/ZibraMax/non-local-frequencies-nanostructures/refs/heads/main/Esferas_cubic_material_2\Sphere_5.0_4.0_0.2_20250616-153519.json&mode=6&magnif=6
5.323,4.0,128900000.0,48300000.0,67099999.99999999,13775.28202,Sphere_5.0_4.0_20250616-153528,Germanium cubic,5.0,0.2,0.8,3550.446942624478,0.9906014,1.0714592,1.1654492,1.3366261,1.3750147,1.4171471,3,2,2,3,3,1,https://zibramax.github.io/FEMViewer/?mesh=https://raw.githubusercontent.com/ZibraMax/non-local-frequencies-nanostructures/refs/heads/main/Esferas_cubic_material_2\Sphere_5.0_4.0_0.2_20250616-153528.json&mode=6&magnif=6
3.515,4.0,1079000000.0,124000000.0,578000000.0,13828.680444,Sphere_5.0_4.0_20250616-153542,Carbon cubic,5.0,0.2,0.8,12823.342868880141,1.1162924,1.1732121,1.2236383,1.3342217,1.3673486,1.6375822,3,2,2,3,3,1,https://zibramax.github.io/FEMViewer/?mesh=https://raw.githubusercontent.com/ZibraMax/non-local-frequencies-nanostructures/refs/heads/main/Esferas_cubic_material_2\Sphere_5.0_4.0_0.2_20250616-153542.json&mode=6&magnif=6
2.329,4.0,166000000.0,63900000.0,79600000.0,13835.250899,Sphere_5.0_4.0_20250616-153519,Silicon cubic,5.0,0.3,0.8,5846.174706140654,1.2251862,1.2960208,1.4066148,1.5796384,1.712085,1.7816291,3,2,2,3,3,1,https://zibramax.github.io/FEMViewer/?mesh=https://raw.githubusercontent.com/ZibraMax/non-local-frequencies-nanostructures/refs/heads/main/Esferas_cubic_material_2\Sphere_5.0_4.0_0.3_20250616-153519.json&mode=6&magnif=6
5.323,4.0,128900000.0,48300000.0,67099999.99999999,13775.28202,Sphere_5.0_4.0_20250616-153528,Germanium cubic,5.0,0.3,0.8,3550.446942624478,1.1938435,1.2551807,1.404392,1.5733321,1.6592802,1.7273483,3,2,2,3,3,1,https://zibramax.github.io/FEMViewer/?mesh=https://raw.githubusercontent.com/ZibraMax/non-local-frequencies-nanostructures/refs/heads/main/Esferas_cubic_material_2\Sphere_5.0_4.0_0.3_20250616-153528.json&mode=6&magnif=6
3.515,4.0,1079000000.0,124000000.0,578000000.0,13828.680444,Sphere_5.0_4.0_20250616-153542,Carbon cubic,5.0,0.3,0.8,12823.342868880141,1.3452512,1.4135499,1.4388715,1.5714771,1.6482895,1.89765,3,2,2,3,3,1,https://zibramax.github.io/FEMViewer/?mesh=https://raw.githubusercontent.com/ZibraMax/non-local-frequencies-nanostructures/refs/heads/main/Esferas_cubic_material_2\Sphere_5.0_4.0_0.3_20250616-153542.json&mode=6&magnif=6
2.329,4.0,166000000.0,63900000.0,79600000.0,13835.250899,Sphere_5.0_4.0_20250616-153519,Silicon cubic,5.0,0.4,0.8,5846.174706140654,1.4030574,1.4587732,1.6106864,1.7813336,1.9618764,2.052282,3,2,2,3,3,1,https://zibramax.github.io/FEMViewer/?mesh=https://raw.githubusercontent.com/ZibraMax/non-local-frequencies-nanostructures/refs/heads/main/Esferas_cubic_material_2\Sphere_5.0_4.0_0.4_20250616-153519.json&mode=6&magnif=6
5.323,4.0,128900000.0,48300000.0,67099999.99999999,13775.28202,Sphere_5.0_4.0_20250616-153528,Germanium cubic,5.0,0.4,0.8,3550.446942624478,1.3671708,1.4127762,1.6081696,1.7749307,1.9013871,1.9897596,3,2,2,3,3,1,https://zibramax.github.io/FEMViewer/?mesh=https://raw.githubusercontent.com/ZibraMax/non-local-frequencies-nanostructures/refs/heads/main/Esferas_cubic_material_2\Sphere_5.0_4.0_0.4_20250616-153528.json&mode=6&magnif=6
3.515,4.0,1079000000.0,124000000.0,578000000.0,13828.680444,Sphere_5.0_4.0_20250616-153542,Carbon cubic,5.0,0.4,0.8,12823.342868880141,1.5405168,1.6185448,1.6225169,1.7734414,1.8878141,2.1244959,3,2,2,3,3,1,https://zibramax.github.io/FEMViewer/?mesh=https://raw.githubusercontent.com/ZibraMax/non-local-frequencies-nanostructures/refs/heads/main/Esferas_cubic_material_2\Sphere_5.0_4.0_0.4_20250616-153542.json&mode=6&magnif=6
2.329,4.0,166000000.0,63900000.0,79600000.0,13835.250899,Sphere_5.0_4.0_20250616-153519,Silicon cubic,5.0,0.5,0.8,5846.174706140654,1.5607774,1.6041305,1.7916464,1.9609732,2.183227,2.2911818,3,2,2,3,3,1,https://zibramax.github.io/FEMViewer/?mesh=https://raw.githubusercontent.com/ZibraMax/non-local-frequencies-nanostructures/refs/heads/main/Esferas_cubic_material_2\Sphere_5.0_4.0_0.5_20250616-153519.json&mode=6&magnif=6
5.323,4.0,128900000.0,48300000.0,67099999.99999999,13775.28202,Sphere_5.0_4.0_20250616-153528,Germanium cubic,5.0,0.5,0.8,3550.446942624478,1.5208612,1.55353,1.7888657,1.9543711,2.115926,2.2213844,3,2,2,3,3,1,https://zibramax.github.io/FEMViewer/?mesh=https://raw.githubusercontent.com/ZibraMax/non-local-frequencies-nanostructures/refs/heads/main/Esferas_cubic_material_2\Sphere_5.0_4.0_0.5_20250616-153528.json&mode=6&magnif=6
3.515,4.0,1079000000.0,124000000.0,578000000.0,13828.680444,Sphere_5.0_4.0_20250616-153542,Carbon cubic,5.0,0.5,0.8,12823.342868880141,1.7136635,1.7861009,1.8003327,1.9531345,2.1001744,2.328738,3,2,2,3,3,1,https://zibramax.github.io/FEMViewer/?mesh=https://raw.githubusercontent.com/ZibraMax/non-local-frequencies-nanostructures/refs/heads/main/Esferas_cubic_material_2\Sphere_5.0_4.0_0.5_20250616-153542.json&mode=6&magnif=6
2.329,4.0,166000000.0,63900000.0,79600000.0,13835.250899,Sphere_5.0_4.0_20250616-153519,Silicon cubic,5.0,0.6,0.8,5846.174706140654,1.7039559,1.7369063,1.9559277,2.1248044,2.3840933,2.5074217,3,2,2,3,3,1,https://zibramax.github.io/FEMViewer/?mesh=https://raw.githubusercontent.com/ZibraMax/non-local-frequencies-nanostructures/refs/heads/main/Esferas_cubic_material_2\Sphere_5.0_4.0_0.6_20250616-153519.json&mode=6&magnif=6
5.323,4.0,128900000.0,48300000.0,67099999.99999999,13775.28202,Sphere_5.0_4.0_20250616-153528,Germanium cubic,5.0,0.6,0.8,3550.446942624478,1.6603812,1.6821023,1.9529058,2.1179631,2.3106096,2.4310391,3,2,2,3,3,1,https://zibramax.github.io/FEMViewer/?mesh=https://raw.githubusercontent.com/ZibraMax/non-local-frequencies-nanostructures/refs/heads/main/Esferas_cubic_material_2\Sphere_5.0_4.0_0.6_20250616-153528.json&mode=6&magnif=6
3.515,4.0,1079000000.0,124000000.0,578000000.0,13828.680444,Sphere_5.0_4.0_20250616-153542,Carbon cubic,5.0,0.6,0.8,12823.342868880141,1.8708482,1.9352967,1.9653706,2.116913,2.2929406,2.5161686,3,2,2,3,3,1,https://zibramax.github.io/FEMViewer/?mesh=https://raw.githubusercontent.com/ZibraMax/non-local-frequencies-nanostructures/refs/heads/main/Esferas_cubic_material_2\Sphere_5.0_4.0_0.6_20250616-153542.json&mode=6&magnif=6
2.329,4.0,166000000.0,63900000.0,79600000.0,13835.250899,Sphere_5.0_4.0_20250616-153519,Silicon cubic,5.0,0.7,0.8,5846.174706140654,1.836,1.8599784,2.1074374,2.2765093,2.5692925,2.7064389,3,2,2,3,3,1,https://zibramax.github.io/FEMViewer/?mesh=https://raw.githubusercontent.com/ZibraMax/non-local-frequencies-nanostructures/refs/heads/main/Esferas_cubic_material_2\Sphere_5.0_4.0_0.7_20250616-153519.json&mode=6&magnif=6
5.323,4.0,128900000.0,48300000.0,67099999.99999999,13775.28202,Sphere_5.0_4.0_20250616-153528,Germanium cubic,5.0,0.7,0.8,3550.446942624478,1.789051,1.8012792,2.104192,2.2694133,2.4901076,2.6239954,3,2,2,3,3,1,https://zibramax.github.io/FEMViewer/?mesh=https://raw.githubusercontent.com/ZibraMax/non-local-frequencies-nanostructures/refs/heads/main/Esferas_cubic_material_2\Sphere_5.0_4.0_0.7_20250616-153528.json&mode=6&magnif=6
3.515,4.0,1079000000.0,124000000.0,578000000.0,13828.680444,Sphere_5.0_4.0_20250616-153542,Carbon cubic,5.0,0.7,0.8,12823.342868880141,2.0158104,2.073453,2.1175812,2.2685081,2.4707072,2.6904181,3,2,2,3,3,1,https://zibramax.github.io/FEMViewer/?mesh=https://raw.githubusercontent.com/ZibraMax/non-local-frequencies-nanostructures/refs/heads/main/Esferas_cubic_material_2\Sphere_5.0_4.0_0.7_20250616-153542.json&mode=6&magnif=6
2.329,4.0,166000000.0,63900000.0,79600000.0,13835.250899,Sphere_5.0_4.0_20250616-153519,Silicon cubic,5.0,0.8,0.8,5846.174706140654,1.9591631,1.9752487,2.24876,2.4184988,2.7420049,2.8917915,3,2,2,3,3,1,https://zibramax.github.io/FEMViewer/?mesh=https://raw.githubusercontent.com/ZibraMax/non-local-frequencies-nanostructures/refs/heads/main/Esferas_cubic_material_2\Sphere_5.0_4.0_0.8_20250616-153519.json&mode=6&magnif=6
5.323,4.0,128900000.0,48300000.0,67099999.99999999,13775.28202,Sphere_5.0_4.0_20250616-153528,Germanium cubic,5.0,0.8,0.8,3550.446942624478,1.9090668,1.9129019,2.2453052,2.4111431,2.6575027,2.8037032,3,2,2,3,3,1,https://zibramax.github.io/FEMViewer/?mesh=https://raw.githubusercontent.com/ZibraMax/non-local-frequencies-nanostructures/refs/heads/main/Esferas_cubic_material_2\Sphere_5.0_4.0_0.8_20250616-153528.json&mode=6&magnif=6
3.515,4.0,1079000000.0,124000000.0,578000000.0,13828.680444,Sphere_5.0_4.0_20250616-153542,Carbon cubic,5.0,0.8,0.8,12823.342868880141,2.1510237,2.2027632,2.2595595,2.4103552,2.6365119,2.8539564,3,2,2,3,3,1,https://zibramax.github.io/FEMViewer/?mesh=https://raw.githubusercontent.com/ZibraMax/non-local-frequencies-nanostructures/refs/heads/main/Esferas_cubic_material_2\Sphere_5.0_4.0_0.8_20250616-153542.json&mode=6&magnif=6
2.329,4.0,166000000.0,63900000.0,79600000.0,13835.250899,Sphere_5.0_4.0_20250616-153519,Silicon cubic,5.0,0.9,0.8,5846.174706140654,2.0750279,2.0840585,2.3817101,2.5524628,2.904461,3.0659589,3,2,2,3,3,1,https://zibramax.github.io/FEMViewer/?mesh=https://raw.githubusercontent.com/ZibraMax/non-local-frequencies-nanostructures/refs/heads/main/Esferas_cubic_material_2\Sphere_5.0_4.0_0.9_20250616-153519.json&mode=6&magnif=6
5.323,4.0,128900000.0,48300000.0,67099999.99999999,13775.28202,Sphere_5.0_4.0_20250616-153528,Germanium cubic,5.0,0.9,0.8,3550.446942624478,2.0182691,2.0219705,2.378058,2.5448478,2.814957,2.9725663,2,3,2,3,3,1,https://zibramax.github.io/FEMViewer/?mesh=https://raw.githubusercontent.com/ZibraMax/non-local-frequencies-nanostructures/refs/heads/main/Esferas_cubic_material_2\Sphere_5.0_4.0_0.9_20250616-153528.json&mode=6&magnif=6
3.515,4.0,1079000000.0,124000000.0,578000000.0,13828.680444,Sphere_5.0_4.0_20250616-153542,Carbon cubic,5.0,0.9,0.8,12823.342868880141,2.2782251,2.3247659,2.393128,2.5441578,2.7924872,3.0085597,3,2,2,3,3,1,https://zibramax.github.io/FEMViewer/?mesh=https://raw.githubusercontent.com/ZibraMax/non-local-frequencies-nanostructures/refs/heads/main/Esferas_cubic_material_2\Sphere_5.0_4.0_0.9_20250616-153542.json&mode=6&magnif=6
2.329,4.0,166000000.0,63900000.0,79600000.0,13835.250899,Sphere_5.0_4.0_20250616-153519,Silicon cubic,5.0,1.0,0.8,5846.174706140654,2.1847559,2.1873989,2.5076203,2.6796447,3.058297,3.2307505,3,2,2,3,3,1,https://zibramax.github.io/FEMViewer/?mesh=https://raw.githubusercontent.com/ZibraMax/non-local-frequencies-nanostructures/refs/heads/main/Esferas_cubic_material_2\Sphere_5.0_4.0_1.0_20250616-153519.json&mode=6&magnif=6
5.323,4.0,128900000.0,48300000.0,67099999.99999999,13775.28202,Sphere_5.0_4.0_20250616-153528,Germanium cubic,5.0,1.0,0.8,3550.446942624478,2.1183404,2.1288943,2.503781,2.6717733,2.9640562,3.1323392,2,3,2,3,3,1,https://zibramax.github.io/FEMViewer/?mesh=https://raw.githubusercontent.com/ZibraMax/non-local-frequencies-nanostructures/refs/heads/main/Esferas_cubic_material_2\Sphere_5.0_4.0_1.0_20250616-153528.json&mode=6&magnif=6
3.515,4.0,1079000000.0,124000000.0,578000000.0,13828.680444,Sphere_5.0_4.0_20250616-153542,Carbon cubic,5.0,1.0,0.8,12823.342868880141,2.3986898,2.4405927,2.5196249,2.6711669,2.9401984,3.1555582,3,2,2,3,3,1,https://zibramax.github.io/FEMViewer/?mesh=https://raw.githubusercontent.com/ZibraMax/non-local-frequencies-nanostructures/refs/heads/main/Esferas_cubic_material_2\Sphere_5.0_4.0_1.0_20250616-153542.json&mode=6&magnif=6
3.515,1.0,1079000000.0,124000000.0,578000000.0,1361.385773,Sphere_7.0_1.0_20250616-204145,Carbon cubic,7.0,0.0,0.14285714285714285,12823.342868880141,1.6076445,1.6084025,1.6125582,1.6217949,1.6300382,1.632119,3,2,3,3,2,1,https://zibramax.github.io/FEMViewer/?mesh=https://raw.githubusercontent.com/ZibraMax/non-local-frequencies-nanostructures/refs/heads/main/Esferas_cubic_material_2\Sphere_7.0_1.0_0.0_20250616-204145.json&mode=6&magnif=6
5.323,1.0,128900000.0,48300000.0,67099999.99999999,1367.882447,Sphere_7.0_1.0_20250616-204421,Germanium cubic,7.0,0.0,0.14285714285714285,3550.446942624478,1.5090701,1.6085081,1.6098039,1.6138995,1.6212661,-,3,3,2,3,3,-,https://zibramax.github.io/FEMViewer/?mesh=https://raw.githubusercontent.com/ZibraMax/non-local-frequencies-nanostructures/refs/heads/main/Esferas_cubic_material_2\Sphere_7.0_1.0_0.0_20250616-204421.json&mode=6&magnif=6
2.329,1.0,166000000.0,63900000.0,79600000.0,1361.187462,Sphere_7.0_1.0_20250616-204431,Silicon cubic,7.0,0.0,0.14285714285714285,5846.174706140654,1.5496182,1.633064,1.6343887,1.6394379,1.649992,-,3,3,2,3,3,-,https://zibramax.github.io/FEMViewer/?mesh=https://raw.githubusercontent.com/ZibraMax/non-local-frequencies-nanostructures/refs/heads/main/Esferas_cubic_material_2\Sphere_7.0_1.0_0.0_20250616-204431.json&mode=6&magnif=6
3.515,1.0,1079000000.0,124000000.0,578000000.0,1361.385773,Sphere_7.0_1.0_20250616-204145,Carbon cubic,7.0,0.1,0.14285714285714285,12823.342868880141,1.7961567,1.9012716,1.9893919,2.1508753,2.2084375,2.4061578,3,2,2,3,3,1,https://zibramax.github.io/FEMViewer/?mesh=https://raw.githubusercontent.com/ZibraMax/non-local-frequencies-nanostructures/refs/heads/main/Esferas_cubic_material_2\Sphere_7.0_1.0_0.1_20250616-204145.json&mode=6&magnif=6
5.323,1.0,128900000.0,48300000.0,67099999.99999999,1367.882447,Sphere_7.0_1.0_20250616-204421,Germanium cubic,7.0,0.1,0.14285714285714285,3550.446942624478,1.5890792,1.7511551,1.8900762,2.0667412,2.1640848,2.1913183,3,2,2,1,3,1,https://zibramax.github.io/FEMViewer/?mesh=https://raw.githubusercontent.com/ZibraMax/non-local-frequencies-nanostructures/refs/heads/main/Esferas_cubic_material_2\Sphere_7.0_1.0_0.1_20250616-204421.json&mode=6&magnif=6
2.329,1.0,166000000.0,63900000.0,79600000.0,1361.187462,Sphere_7.0_1.0_20250616-204431,Silicon cubic,7.0,0.1,0.14285714285714285,5846.174706140654,1.631557,1.8089542,1.8928575,2.133283,2.1820362,2.2641951,3,2,2,1,3,1,https://zibramax.github.io/FEMViewer/?mesh=https://raw.githubusercontent.com/ZibraMax/non-local-frequencies-nanostructures/refs/heads/main/Esferas_cubic_material_2\Sphere_7.0_1.0_0.1_20250616-204431.json&mode=6&magnif=6
3.515,1.0,1079000000.0,124000000.0,578000000.0,1361.385773,Sphere_7.0_1.0_20250616-204145,Carbon cubic,7.0,0.2,0.14285714285714285,12823.342868880141,1.8738069,1.9810965,2.0605619,2.2360057,2.3043924,2.5727936,3,2,2,3,3,1,https://zibramax.github.io/FEMViewer/?mesh=https://raw.githubusercontent.com/ZibraMax/non-local-frequencies-nanostructures/refs/heads/main/Esferas_cubic_material_2\Sphere_7.0_1.0_0.2_20250616-204145.json&mode=6&magnif=6
5.323,1.0,128900000.0,48300000.0,67099999.99999999,1367.882447,Sphere_7.0_1.0_20250616-204421,Germanium cubic,7.0,0.2,0.14285714285714285,3550.446942624478,1.6587773,1.8055345,1.9695666,2.2125002,2.2479283,2.3053926,3,2,2,1,3,1,https://zibramax.github.io/FEMViewer/?mesh=https://raw.githubusercontent.com/ZibraMax/non-local-frequencies-nanostructures/refs/heads/main/Esferas_cubic_material_2\Sphere_7.0_1.0_0.2_20250616-204421.json&mode=6&magnif=6
2.329,1.0,166000000.0,63900000.0,79600000.0,1361.187462,Sphere_7.0_1.0_20250616-204431,Silicon cubic,7.0,0.2,0.14285714285714285,5846.174706140654,1.7029575,1.8649245,1.9724062,2.2619064,2.2834117,2.3811466,3,2,2,3,1,1,https://zibramax.github.io/FEMViewer/?mesh=https://raw.githubusercontent.com/ZibraMax/non-local-frequencies-nanostructures/refs/heads/main/Esferas_cubic_material_2\Sphere_7.0_1.0_0.2_20250616-204431.json&mode=6&magnif=6
3.515,1.0,1079000000.0,124000000.0,578000000.0,1361.385773,Sphere_7.0_1.0_20250616-204145,Carbon cubic,7.0,0.3,0.14285714285714285,12823.342868880141,1.9476238,2.0567761,2.121444,2.307735,2.3944088,2.727547,3,2,2,3,3,1,https://zibramax.github.io/FEMViewer/?mesh=https://raw.githubusercontent.com/ZibraMax/non-local-frequencies-nanostructures/refs/heads/main/Esferas_cubic_material_2\Sphere_7.0_1.0_0.3_20250616-204145.json&mode=6&magnif=6
5.323,1.0,128900000.0,48300000.0,67099999.99999999,1367.882447,Sphere_7.0_1.0_20250616-204421,Germanium cubic,7.0,0.3,0.14285714285714285,3550.446942624478,1.7249939,1.853336,2.0447628,2.3173759,2.3480018,2.4038968,3,2,2,3,1,1,https://zibramax.github.io/FEMViewer/?mesh=https://raw.githubusercontent.com/ZibraMax/non-local-frequencies-nanostructures/refs/heads/main/Esferas_cubic_material_2\Sphere_7.0_1.0_0.3_20250616-204421.json&mode=6&magnif=6
2.329,1.0,166000000.0,63900000.0,79600000.0,1361.187462,Sphere_7.0_1.0_20250616-204431,Silicon cubic,7.0,0.3,0.14285714285714285,5846.174706140654,1.7708018,1.9141605,2.0477056,2.3291597,2.42295,2.4821884,3,2,2,3,1,1,https://zibramax.github.io/FEMViewer/?mesh=https://raw.githubusercontent.com/ZibraMax/non-local-frequencies-nanostructures/refs/heads/main/Esferas_cubic_material_2\Sphere_7.0_1.0_0.3_20250616-204431.json&mode=6&magnif=6
3.515,1.0,1079000000.0,124000000.0,578000000.0,1361.385773,Sphere_7.0_1.0_20250616-204145,Carbon cubic,7.0,0.4,0.14285714285714285,12823.342868880141,2.0184705,2.1293841,2.1758456,2.3709978,2.480393,2.8474568,3,2,2,3,3,1,https://zibramax.github.io/FEMViewer/?mesh=https://raw.githubusercontent.com/ZibraMax/non-local-frequencies-nanostructures/refs/heads/main/Esferas_cubic_material_2\Sphere_7.0_1.0_0.4_20250616-204145.json&mode=6&magnif=6
5.323,1.0,128900000.0,48300000.0,67099999.99999999,1367.882447,Sphere_7.0_1.0_20250616-204421,Germanium cubic,7.0,0.4,0.14285714285714285,3550.446942624478,1.7885068,1.8970238,2.1168325,2.3785325,2.4756665,2.4946931,3,2,2,3,1,1,https://zibramax.github.io/FEMViewer/?mesh=https://raw.githubusercontent.com/ZibraMax/non-local-frequencies-nanostructures/refs/heads/main/Esferas_cubic_material_2\Sphere_7.0_1.0_0.4_20250616-204421.json&mode=6&magnif=6
2.329,1.0,166000000.0,63900000.0,79600000.0,1361.187462,Sphere_7.0_1.0_20250616-204431,Silicon cubic,7.0,0.4,0.14285714285714285,5846.174706140654,1.8358832,1.9591811,2.1198966,2.3889728,2.5544174,2.5754311,3,2,2,3,1,1,https://zibramax.github.io/FEMViewer/?mesh=https://raw.githubusercontent.com/ZibraMax/non-local-frequencies-nanostructures/refs/heads/main/Esferas_cubic_material_2\Sphere_7.0_1.0_0.4_20250616-204431.json&mode=6&magnif=6
3.515,1.0,1079000000.0,124000000.0,578000000.0,1361.385773,Sphere_7.0_1.0_20250616-204145,Carbon cubic,7.0,0.5,0.14285714285714285,12823.342868880141,2.0867813,2.1994111,2.2258524,2.428538,2.56312,2.9015585,3,2,2,3,3,1,https://zibramax.github.io/FEMViewer/?mesh=https://raw.githubusercontent.com/ZibraMax/non-local-frequencies-nanostructures/refs/heads/main/Esferas_cubic_material_2\Sphere_7.0_1.0_0.5_20250616-204145.json&mode=6&magnif=6
5.323,1.0,128900000.0,48300000.0,67099999.99999999,1367.882447,Sphere_7.0_1.0_20250616-204421,Germanium cubic,7.0,0.5,0.14285714285714285,3550.446942624478,1.8497145,1.9378834,2.1863017,2.4343173,2.5804858,2.5968585,3,2,2,3,3,1,https://zibramax.github.io/FEMViewer/?mesh=https://raw.githubusercontent.com/ZibraMax/non-local-frequencies-nanostructures/refs/heads/main/Esferas_cubic_material_2\Sphere_7.0_1.0_0.5_20250616-204421.json&mode=6&magnif=6
2.329,1.0,166000000.0,63900000.0,79600000.0,1361.187462,Sphere_7.0_1.0_20250616-204431,Silicon cubic,7.0,0.5,0.14285714285714285,5846.174706140654,1.898608,2.0013004,2.1894944,2.4438789,2.6636086,2.6792241,3,2,2,3,3,1,https://zibramax.github.io/FEMViewer/?mesh=https://raw.githubusercontent.com/ZibraMax/non-local-frequencies-nanostructures/refs/heads/main/Esferas_cubic_material_2\Sphere_7.0_1.0_0.5_20250616-204431.json&mode=6&magnif=6
3.515,1.0,1079000000.0,124000000.0,578000000.0,1361.385773,Sphere_7.0_1.0_20250616-204145,Carbon cubic,7.0,0.6,0.14285714285714285,12823.342868880141,2.1528512,2.2671722,2.2726991,2.4819971,2.6430464,2.9543917,3,2,2,3,3,1,https://zibramax.github.io/FEMViewer/?mesh=https://raw.githubusercontent.com/ZibraMax/non-local-frequencies-nanostructures/refs/heads/main/Esferas_cubic_material_2\Sphere_7.0_1.0_0.6_20250616-204145.json&mode=6&magnif=6
5.323,1.0,128900000.0,48300000.0,67099999.99999999,1367.882447,Sphere_7.0_1.0_20250616-204421,Germanium cubic,7.0,0.6,0.14285714285714285,3550.446942624478,1.9088887,1.9766628,2.2535014,2.4863389,2.6625238,2.7125288,3,2,2,3,3,1,https://zibramax.github.io/FEMViewer/?mesh=https://raw.githubusercontent.com/ZibraMax/non-local-frequencies-nanostructures/refs/heads/main/Esferas_cubic_material_2\Sphere_7.0_1.0_0.6_20250616-204421.json&mode=6&magnif=6
2.329,1.0,166000000.0,63900000.0,79600000.0,1361.187462,Sphere_7.0_1.0_20250616-204431,Silicon cubic,7.0,0.6,0.14285714285714285,5846.174706140654,1.9592531,2.0412838,2.2568253,2.4953007,2.7479745,2.7983501,3,2,2,3,3,1,https://zibramax.github.io/FEMViewer/?mesh=https://raw.githubusercontent.com/ZibraMax/non-local-frequencies-nanostructures/refs/heads/main/Esferas_cubic_material_2\Sphere_7.0_1.0_0.6_20250616-204431.json&mode=6&magnif=6
3.515,1.0,1079000000.0,124000000.0,578000000.0,1361.385773,Sphere_7.0_1.0_20250616-204145,Carbon cubic,7.0,0.7,0.14285714285714285,12823.342868880141,2.216907,2.3171602,2.3329018,2.5324086,2.7204927,3.0061119,3,2,2,3,3,1,https://zibramax.github.io/FEMViewer/?mesh=https://raw.githubusercontent.com/ZibraMax/non-local-frequencies-nanostructures/refs/heads/main/Esferas_cubic_material_2\Sphere_7.0_1.0_0.7_20250616-204145.json&mode=6&magnif=6
5.323,1.0,128900000.0,48300000.0,67099999.99999999,1367.882447,Sphere_7.0_1.0_20250616-204421,Germanium cubic,7.0,0.7,0.14285714285714285,3550.446942624478,1.9662379,2.013831,2.3186737,2.5355662,2.7415088,2.8233962,3,2,2,3,3,1,https://zibramax.github.io/FEMViewer/?mesh=https://raw.githubusercontent.com/ZibraMax/non-local-frequencies-nanostructures/refs/heads/main/Esferas_cubic_material_2\Sphere_7.0_1.0_0.7_20250616-204421.json&mode=6&magnif=6
2.329,1.0,166000000.0,63900000.0,79600000.0,1361.187462,Sphere_7.0_1.0_20250616-204431,Silicon cubic,7.0,0.7,0.14285714285714285,5846.174706140654,2.0180313,2.0796114,2.322129,2.5441071,2.8292331,2.9125352,3,2,2,3,3,1,https://zibramax.github.io/FEMViewer/?mesh=https://raw.githubusercontent.com/ZibraMax/non-local-frequencies-nanostructures/refs/heads/main/Esferas_cubic_material_2\Sphere_7.0_1.0_0.7_20250616-204431.json&mode=6&magnif=6
3.515,1.0,1079000000.0,124000000.0,578000000.0,1361.385773,Sphere_7.0_1.0_20250616-204145,Carbon cubic,7.0,0.8,0.14285714285714285,12823.342868880141,2.2791327,2.3597459,2.3967871,2.5804529,2.7957057,3.0568279,3,2,2,3,3,1,https://zibramax.github.io/FEMViewer/?mesh=https://raw.githubusercontent.com/ZibraMax/non-local-frequencies-nanostructures/refs/heads/main/Esferas_cubic_material_2\Sphere_7.0_1.0_0.8_20250616-204145.json&mode=6&magnif=6
5.323,1.0,128900000.0,48300000.0,67099999.99999999,1367.882447,Sphere_7.0_1.0_20250616-204421,Germanium cubic,7.0,0.8,0.14285714285714285,3550.446942624478,2.021931,2.049699,2.3820101,2.5826213,2.8178927,2.9300274,3,2,2,3,3,1,https://zibramax.github.io/FEMViewer/?mesh=https://raw.githubusercontent.com/ZibraMax/non-local-frequencies-nanostructures/refs/heads/main/Esferas_cubic_material_2\Sphere_7.0_1.0_0.8_20250616-204421.json&mode=6&magnif=6
2.329,1.0,166000000.0,63900000.0,79600000.0,1361.187462,Sphere_7.0_1.0_20250616-204431,Silicon cubic,7.0,0.8,0.14285714285714285,5846.174706140654,2.075115,2.116602,2.3855954,2.5908621,2.9078381,3.0223623,3,2,2,3,3,1,https://zibramax.github.io/FEMViewer/?mesh=https://raw.githubusercontent.com/ZibraMax/non-local-frequencies-nanostructures/refs/heads/main/Esferas_cubic_material_2\Sphere_7.0_1.0_0.8_20250616-204431.json&mode=6&magnif=6
3.515,1.0,1079000000.0,124000000.0,578000000.0,1361.385773,Sphere_7.0_1.0_20250616-204145,Carbon cubic,7.0,0.9,0.14285714285714285,12823.342868880141,2.3396829,2.4008068,2.458984,2.6265957,2.8688852,3.1066215,3,2,2,3,3,1,https://zibramax.github.io/FEMViewer/?mesh=https://raw.githubusercontent.com/ZibraMax/non-local-frequencies-nanostructures/refs/heads/main/Esferas_cubic_material_2\Sphere_7.0_1.0_0.9_20250616-204145.json&mode=6&magnif=6
5.323,1.0,128900000.0,48300000.0,67099999.99999999,1367.882447,Sphere_7.0_1.0_20250616-204421,Germanium cubic,7.0,0.9,0.14285714285714285,3550.446942624478,2.0761095,2.0844833,2.443668,2.6279249,2.8919948,3.0328818,3,2,2,3,3,1,https://zibramax.github.io/FEMViewer/?mesh=https://raw.githubusercontent.com/ZibraMax/non-local-frequencies-nanostructures/refs/heads/main/Esferas_cubic_material_2\Sphere_7.0_1.0_0.9_20250616-204421.json&mode=6&magnif=6
2.329,1.0,166000000.0,63900000.0,79600000.0,1361.187462,Sphere_7.0_1.0_20250616-204431,Silicon cubic,7.0,0.9,0.14285714285714285,5846.174706140654,2.1306487,2.1524776,2.4473815,2.6359503,2.9841115,3.1283039,3,2,2,3,3,1,https://zibramax.github.io/FEMViewer/?mesh=https://raw.githubusercontent.com/ZibraMax/non-local-frequencies-nanostructures/refs/heads/main/Esferas_cubic_material_2\Sphere_7.0_1.0_0.9_20250616-204431.json&mode=6&magnif=6
3.515,1.0,1079000000.0,124000000.0,578000000.0,1361.385773,Sphere_7.0_1.0_20250616-204145,Carbon cubic,7.0,1.0,0.14285714285714285,12823.342868880141,2.3986898,2.4405927,2.5196249,2.6711669,2.9401984,3.1555582,3,2,2,3,3,1,https://zibramax.github.io/FEMViewer/?mesh=https://raw.githubusercontent.com/ZibraMax/non-local-frequencies-nanostructures/refs/heads/main/Esferas_cubic_material_2\Sphere_7.0_1.0_1.0_20250616-204145.json&mode=6&magnif=6
5.323,1.0,128900000.0,48300000.0,67099999.99999999,1367.882447,Sphere_7.0_1.0_20250616-204421,Germanium cubic,7.0,1.0,0.14285714285714285,3550.446942624478,2.1183404,2.1288943,2.503781,2.6717733,2.9640562,3.1323392,2,3,2,3,3,1,https://zibramax.github.io/FEMViewer/?mesh=https://raw.githubusercontent.com/ZibraMax/non-local-frequencies-nanostructures/refs/heads/main/Esferas_cubic_material_2\Sphere_7.0_1.0_1.0_20250616-204421.json&mode=6&magnif=6
2.329,1.0,166000000.0,63900000.0,79600000.0,1361.187462,Sphere_7.0_1.0_20250616-204431,Silicon cubic,7.0,1.0,0.14285714285714285,5846.174706140654,2.1847559,2.1873989,2.5076203,2.6796447,3.058297,3.2307505,3,2,2,3,3,1,https://zibramax.github.io/FEMViewer/?mesh=https://raw.githubusercontent.com/ZibraMax/non-local-frequencies-nanostructures/refs/heads/main/Esferas_cubic_material_2\Sphere_7.0_1.0_1.0_20250616-204431.json&mode=6&magnif=6
2.329,1.4,166000000.0,63900000.0,79600000.0,9701.40959,Sphere_7.0_1.4_20250616-153516,Silicon cubic,7.0,0.0,0.19999999999999998,5846.174706140654,0.862173,0.8638638,0.8656238,0.8681095,0.8721313,-,2,3,3,3,3,-,https://zibramax.github.io/FEMViewer/?mesh=https://raw.githubusercontent.com/ZibraMax/non-local-frequencies-nanostructures/refs/heads/main/Esferas_cubic_material_2\Sphere_7.0_1.4_0.0_20250616-153516.json&mode=6&magnif=6
5.323,1.4,128900000.0,48300000.0,67099999.99999999,9722.839315,Sphere_7.0_1.4_20250616-153523,Germanium cubic,7.0,0.0,0.19999999999999998,3550.446942624478,0.8494018,0.8505662,0.8509977,0.8548534,0.8563363,-,2,3,3,3,3,-,https://zibramax.github.io/FEMViewer/?mesh=https://raw.githubusercontent.com/ZibraMax/non-local-frequencies-nanostructures/refs/heads/main/Esferas_cubic_material_2\Sphere_7.0_1.4_0.0_20250616-153523.json&mode=6&magnif=6
3.515,1.4,1079000000.0,124000000.0,578000000.0,9744.186547,Sphere_7.0_1.4_20250616-153533,Carbon cubic,7.0,0.0,0.19999999999999998,12823.342868880141,0.8483023,0.8495297,0.8533402,0.8540973,0.8588965,-,2,3,3,3,3,-,https://zibramax.github.io/FEMViewer/?mesh=https://raw.githubusercontent.com/ZibraMax/non-local-frequencies-nanostructures/refs/heads/main/Esferas_cubic_material_2\Sphere_7.0_1.4_0.0_20250616-153533.json&mode=6&magnif=6
2.329,1.4,166000000.0,63900000.0,79600000.0,9701.40959,Sphere_7.0_1.4_20250616-153516,Silicon cubic,7.0,0.1,0.19999999999999998,5846.174706140654,1.4317838,1.6116122,1.6561197,1.7833901,1.8965363,1.9315974,3,2,2,1,3,1,https://zibramax.github.io/FEMViewer/?mesh=https://raw.githubusercontent.com/ZibraMax/non-local-frequencies-nanostructures/refs/heads/main/Esferas_cubic_material_2\Sphere_7.0_1.4_0.1_20250616-153516.json&mode=6&magnif=6
5.323,1.4,128900000.0,48300000.0,67099999.99999999,9722.839315,Sphere_7.0_1.4_20250616-153523,Germanium cubic,7.0,0.1,0.19999999999999998,3550.446942624478,1.3945789,1.5600879,1.6528907,1.728179,1.868196,1.869828,3,2,2,1,3,1,https://zibramax.github.io/FEMViewer/?mesh=https://raw.githubusercontent.com/ZibraMax/non-local-frequencies-nanostructures/refs/heads/main/Esferas_cubic_material_2\Sphere_7.0_1.4_0.1_20250616-153523.json&mode=6&magnif=6
3.515,1.4,1079000000.0,124000000.0,578000000.0,9744.186547,Sphere_7.0_1.4_20250616-153533,Carbon cubic,7.0,0.1,0.19999999999999998,12823.342868880141,1.5756368,1.665604,1.7459285,1.8748915,1.9259624,2.0084206,3,2,2,3,3,1,https://zibramax.github.io/FEMViewer/?mesh=https://raw.githubusercontent.com/ZibraMax/non-local-frequencies-nanostructures/refs/heads/main/Esferas_cubic_material_2\Sphere_7.0_1.4_0.1_20250616-153533.json&mode=6&magnif=6
2.329,1.4,166000000.0,63900000.0,79600000.0,9701.40959,Sphere_7.0_1.4_20250616-153516,Silicon cubic,7.0,0.2,0.19999999999999998,5846.174706140654,1.5362081,1.7123018,1.7749405,1.9999765,2.0541732,2.123161,3,2,2,1,3,1,https://zibramax.github.io/FEMViewer/?mesh=https://raw.githubusercontent.com/ZibraMax/non-local-frequencies-nanostructures/refs/heads/main/Esferas_cubic_material_2\Sphere_7.0_1.4_0.2_20250616-153516.json&mode=6&magnif=6
5.323,1.4,128900000.0,48300000.0,67099999.99999999,9722.839315,Sphere_7.0_1.4_20250616-153523,Germanium cubic,7.0,0.2,0.19999999999999998,3550.446942624478,1.4964546,1.6578524,1.7718963,1.938266,2.0350193,2.055735,3,2,2,1,3,1,https://zibramax.github.io/FEMViewer/?mesh=https://raw.githubusercontent.com/ZibraMax/non-local-frequencies-nanostructures/refs/heads/main/Esferas_cubic_material_2\Sphere_7.0_1.4_0.2_20250616-153523.json&mode=6&magnif=6
3.515,1.4,1079000000.0,124000000.0,578000000.0,9744.186547,Sphere_7.0_1.4_20250616-153533,Carbon cubic,7.0,0.2,0.19999999999999998,12823.342868880141,1.6896029,1.7841409,1.8757935,2.0277693,2.0711953,2.2502872,3,2,2,3,3,1,https://zibramax.github.io/FEMViewer/?mesh=https://raw.githubusercontent.com/ZibraMax/non-local-frequencies-nanostructures/refs/heads/main/Esferas_cubic_material_2\Sphere_7.0_1.4_0.2_20250616-153533.json&mode=6&magnif=6
2.329,1.4,166000000.0,63900000.0,79600000.0,9701.40959,Sphere_7.0_1.4_20250616-153516,Silicon cubic,7.0,0.3,0.19999999999999998,5846.174706140654,1.6323837,1.7924469,1.8837366,2.1683876,2.1930868,2.2723477,3,2,2,3,1,1,https://zibramax.github.io/FEMViewer/?mesh=https://raw.githubusercontent.com/ZibraMax/non-local-frequencies-nanostructures/refs/heads/main/Esferas_cubic_material_2\Sphere_7.0_1.4_0.3_20250616-153516.json&mode=6&magnif=6
5.323,1.4,128900000.0,48300000.0,67099999.99999999,9722.839315,Sphere_7.0_1.4_20250616-153523,Germanium cubic,7.0,0.3,0.19999999999999998,3550.446942624478,1.5902623,1.7355945,1.8806816,2.1256234,2.1542154,2.200895,3,2,2,1,3,1,https://zibramax.github.io/FEMViewer/?mesh=https://raw.githubusercontent.com/ZibraMax/non-local-frequencies-nanostructures/refs/heads/main/Esferas_cubic_material_2\Sphere_7.0_1.4_0.3_20250616-153523.json&mode=6&magnif=6
3.515,1.4,1079000000.0,124000000.0,578000000.0,9744.186547,Sphere_7.0_1.4_20250616-153533,Carbon cubic,7.0,0.3,0.19999999999999998,12823.342868880141,1.7946461,1.8930914,1.9765045,2.1456362,2.2013247,2.4657956,3,2,2,3,3,1,https://zibramax.github.io/FEMViewer/?mesh=https://raw.githubusercontent.com/ZibraMax/non-local-frequencies-nanostructures/refs/heads/main/Esferas_cubic_material_2\Sphere_7.0_1.4_0.3_20250616-153533.json&mode=6&magnif=6
2.329,1.4,166000000.0,63900000.0,79600000.0,9701.40959,Sphere_7.0_1.4_20250616-153516,Silicon cubic,7.0,0.4,0.19999999999999998,5846.174706140654,1.7226346,1.8616089,1.9856614,2.262238,2.3698236,2.4050582,3,2,2,3,1,1,https://zibramax.github.io/FEMViewer/?mesh=https://raw.githubusercontent.com/ZibraMax/non-local-frequencies-nanostructures/refs/heads/main/Esferas_cubic_material_2\Sphere_7.0_1.4_0.4_20250616-153516.json&mode=6&magnif=6
5.323,1.4,128900000.0,48300000.0,67099999.99999999,9722.839315,Sphere_7.0_1.4_20250616-153523,Germanium cubic,7.0,0.4,0.19999999999999998,3550.446942624478,1.6782809,1.8026473,1.9825291,2.2505972,2.2970996,2.3299071,3,2,2,3,1,1,https://zibramax.github.io/FEMViewer/?mesh=https://raw.githubusercontent.com/ZibraMax/non-local-frequencies-nanostructures/refs/heads/main/Esferas_cubic_material_2\Sphere_7.0_1.4_0.4_20250616-153523.json&mode=6&magnif=6
3.515,1.4,1079000000.0,124000000.0,578000000.0,9744.186547,Sphere_7.0_1.4_20250616-153533,Carbon cubic,7.0,0.4,0.19999999999999998,12823.342868880141,1.8932679,1.9953225,2.0610238,2.243387,2.3225476,2.6630614,3,2,2,3,3,1,https://zibramax.github.io/FEMViewer/?mesh=https://raw.githubusercontent.com/ZibraMax/non-local-frequencies-nanostructures/refs/heads/main/Esferas_cubic_material_2\Sphere_7.0_1.4_0.4_20250616-153533.json&mode=6&magnif=6
2.329,1.4,166000000.0,63900000.0,79600000.0,9701.40959,Sphere_7.0_1.4_20250616-153516,Silicon cubic,7.0,0.5,0.19999999999999998,5846.174706140654,1.8081203,1.9240817,2.0821656,2.3446217,2.5279398,2.5339642,3,2,2,3,3,1,https://zibramax.github.io/FEMViewer/?mesh=https://raw.githubusercontent.com/ZibraMax/non-local-frequencies-nanostructures/refs/heads/main/Esferas_cubic_material_2\Sphere_7.0_1.4_0.5_20250616-153516.json&mode=6&magnif=6
5.323,1.4,128900000.0,48300000.0,67099999.99999999,9722.839315,Sphere_7.0_1.4_20250616-153523,Germanium cubic,7.0,0.5,0.19999999999999998,3550.446942624478,1.761646,1.8631974,2.0789289,2.334423,2.44928,2.456352,3,2,2,3,3,1,https://zibramax.github.io/FEMViewer/?mesh=https://raw.githubusercontent.com/ZibraMax/non-local-frequencies-nanostructures/refs/heads/main/Esferas_cubic_material_2\Sphere_7.0_1.4_0.5_20250616-153523.json&mode=6&magnif=6
3.515,1.4,1079000000.0,124000000.0,578000000.0,9744.186547,Sphere_7.0_1.4_20250616-153533,Carbon cubic,7.0,0.5,0.19999999999999998,12823.342868880141,1.9867159,2.0921939,2.1357256,2.3288278,2.4370239,2.803279,3,2,2,3,3,1,https://zibramax.github.io/FEMViewer/?mesh=https://raw.githubusercontent.com/ZibraMax/non-local-frequencies-nanostructures/refs/heads/main/Esferas_cubic_material_2\Sphere_7.0_1.4_0.5_20250616-153533.json&mode=6&magnif=6
2.329,1.4,166000000.0,63900000.0,79600000.0,9701.40959,Sphere_7.0_1.4_20250616-153516,Silicon cubic,7.0,0.6,0.19999999999999998,5846.174706140654,1.8895968,1.982048,2.1741497,2.4196827,2.643706,2.6879459,3,2,2,3,3,1,https://zibramax.github.io/FEMViewer/?mesh=https://raw.githubusercontent.com/ZibraMax/non-local-frequencies-nanostructures/refs/heads/main/Esferas_cubic_material_2\Sphere_7.0_1.4_0.6_20250616-153516.json&mode=6&magnif=6
5.323,1.4,128900000.0,48300000.0,67099999.99999999,9722.839315,Sphere_7.0_1.4_20250616-153523,Germanium cubic,7.0,0.6,0.19999999999999998,3550.446942624478,1.8410972,1.919371,2.1707968,2.410377,2.5616911,2.6057443,3,2,2,3,3,1,https://zibramax.github.io/FEMViewer/?mesh=https://raw.githubusercontent.com/ZibraMax/non-local-frequencies-nanostructures/refs/heads/main/Esferas_cubic_material_2\Sphere_7.0_1.4_0.6_20250616-153523.json&mode=6&magnif=6
3.515,1.4,1079000000.0,124000000.0,578000000.0,9744.186547,Sphere_7.0_1.4_20250616-153533,Carbon cubic,7.0,0.6,0.19999999999999998,12823.342868880141,2.0758056,2.1845698,2.2039561,2.4061876,2.545973,2.8778922,3,2,2,3,3,1,https://zibramax.github.io/FEMViewer/?mesh=https://raw.githubusercontent.com/ZibraMax/non-local-frequencies-nanostructures/refs/heads/main/Esferas_cubic_material_2\Sphere_7.0_1.4_0.6_20250616-153533.json&mode=6&magnif=6
2.329,1.4,166000000.0,63900000.0,79600000.0,9701.40959,Sphere_7.0_1.4_20250616-153516,Silicon cubic,7.0,0.7,0.19999999999999998,5846.174706140654,1.9676146,2.0367346,2.2622512,2.4896337,2.7538203,2.8334833,3,2,2,3,3,1,https://zibramax.github.io/FEMViewer/?mesh=https://raw.githubusercontent.com/ZibraMax/non-local-frequencies-nanostructures/refs/heads/main/Esferas_cubic_material_2\Sphere_7.0_1.4_0.7_20250616-153516.json&mode=6&magnif=6
5.323,1.4,128900000.0,48300000.0,67099999.99999999,9722.839315,Sphere_7.0_1.4_20250616-153523,Germanium cubic,7.0,0.7,0.19999999999999998,3550.446942624478,1.9171724,1.9723614,2.2587772,2.4809114,2.6685834,2.7469403,3,2,2,3,3,1,https://zibramax.github.io/FEMViewer/?mesh=https://raw.githubusercontent.com/ZibraMax/non-local-frequencies-nanostructures/refs/heads/main/Esferas_cubic_material_2\Sphere_7.0_1.4_0.7_20250616-153523.json&mode=6&magnif=6
3.515,1.4,1079000000.0,124000000.0,578000000.0,9744.186547,Sphere_7.0_1.4_20250616-153533,Carbon cubic,7.0,0.7,0.19999999999999998,12823.342868880141,2.1611317,2.267604,2.273071,2.4778815,2.6502187,2.9501613,3,2,2,3,3,1,https://zibramax.github.io/FEMViewer/?mesh=https://raw.githubusercontent.com/ZibraMax/non-local-frequencies-nanostructures/refs/heads/main/Esferas_cubic_material_2\Sphere_7.0_1.4_0.7_20250616-153533.json&mode=6&magnif=6
2.329,1.4,166000000.0,63900000.0,79600000.0,9701.40959,Sphere_7.0_1.4_20250616-153516,Silicon cubic,7.0,0.8,0.19999999999999998,5846.174706140654,2.0425979,2.088889,2.3469535,2.5557747,2.8592135,2.9718468,3,2,2,3,3,1,https://zibramax.github.io/FEMViewer/?mesh=https://raw.githubusercontent.com/ZibraMax/non-local-frequencies-nanostructures/refs/heads/main/Esferas_cubic_material_2\Sphere_7.0_1.4_0.8_20250616-153516.json&mode=6&magnif=6
5.323,1.4,128900000.0,48300000.0,67099999.99999999,9722.839315,Sphere_7.0_1.4_20250616-153523,Germanium cubic,7.0,0.8,0.19999999999999998,3550.446942624478,1.9902862,2.0228954,2.3433571,2.5474463,2.7708727,2.881173,3,2,2,3,3,1,https://zibramax.github.io/FEMViewer/?mesh=https://raw.githubusercontent.com/ZibraMax/non-local-frequencies-nanostructures/refs/heads/main/Esferas_cubic_material_2\Sphere_7.0_1.4_0.8_20250616-153523.json&mode=6&magnif=6
3.515,1.4,1079000000.0,124000000.0,578000000.0,9744.186547,Sphere_7.0_1.4_20250616-153533,Carbon cubic,7.0,0.8,0.19999999999999998,12823.342868880141,2.2431539,2.3278106,2.3581731,2.5453708,2.7503703,3.0203888,3,2,2,3,3,1,https://zibramax.github.io/FEMViewer/?mesh=https://raw.githubusercontent.com/ZibraMax/non-local-frequencies-nanostructures/refs/heads/main/Esferas_cubic_material_2\Sphere_7.0_1.4_0.8_20250616-153533.json&mode=6&magnif=6
2.329,1.4,166000000.0,63900000.0,79600000.0,9701.40959,Sphere_7.0_1.4_20250616-153516,Silicon cubic,7.0,0.9,0.19999999999999998,5846.174706140654,2.1148858,2.1389986,2.4286394,2.618928,2.9605412,3.1040123,3,2,2,3,3,1,https://zibramax.github.io/FEMViewer/?mesh=https://raw.githubusercontent.com/ZibraMax/non-local-frequencies-nanostructures/refs/heads/main/Esferas_cubic_material_2\Sphere_7.0_1.4_0.9_20250616-153516.json&mode=6&magnif=6
5.323,1.4,128900000.0,48300000.0,67099999.99999999,9722.839315,Sphere_7.0_1.4_20250616-153523,Germanium cubic,7.0,0.9,0.19999999999999998,3550.446942624478,2.0607698,2.0714465,2.4249209,2.6108701,2.8692026,3.0093899,3,2,2,3,3,1,https://zibramax.github.io/FEMViewer/?mesh=https://raw.githubusercontent.com/ZibraMax/non-local-frequencies-nanostructures/refs/heads/main/Esferas_cubic_material_2\Sphere_7.0_1.4_0.9_20250616-153523.json&mode=6&magnif=6
3.515,1.4,1079000000.0,124000000.0,578000000.0,9744.186547,Sphere_7.0_1.4_20250616-153533,Carbon cubic,7.0,0.9,0.19999999999999998,12823.342868880141,2.3222395,2.3853083,2.4402546,2.60959,2.8469027,3.0887969,3,2,2,3,3,1,https://zibramax.github.io/FEMViewer/?mesh=https://raw.githubusercontent.com/ZibraMax/non-local-frequencies-nanostructures/refs/heads/main/Esferas_cubic_material_2\Sphere_7.0_1.4_0.9_20250616-153533.json&mode=6&magnif=6
2.329,1.4,166000000.0,63900000.0,79600000.0,9701.40959,Sphere_7.0_1.4_20250616-153516,Silicon cubic,7.0,1.0,0.19999999999999998,5846.174706140654,2.1847559,2.1873989,2.5076203,2.6796447,3.058297,3.2307505,3,2,2,3,3,1,https://zibramax.github.io/FEMViewer/?mesh=https://raw.githubusercontent.com/ZibraMax/non-local-frequencies-nanostructures/refs/heads/main/Esferas_cubic_material_2\Sphere_7.0_1.4_1.0_20250616-153516.json&mode=6&magnif=6
5.323,1.4,128900000.0,48300000.0,67099999.99999999,9722.839315,Sphere_7.0_1.4_20250616-153523,Germanium cubic,7.0,1.0,0.19999999999999998,3550.446942624478,2.1183404,2.1288943,2.503781,2.6717733,2.9640562,3.1323392,2,3,2,3,3,1,https://zibramax.github.io/FEMViewer/?mesh=https://raw.githubusercontent.com/ZibraMax/non-local-frequencies-nanostructures/refs/heads/main/Esferas_cubic_material_2\Sphere_7.0_1.4_1.0_20250616-153523.json&mode=6&magnif=6
3.515,1.4,1079000000.0,124000000.0,578000000.0,9744.186547,Sphere_7.0_1.4_20250616-153533,Carbon cubic,7.0,1.0,0.19999999999999998,12823.342868880141,2.3986898,2.4405927,2.5196249,2.6711669,2.9401984,3.1555582,3,2,2,3,3,1,https://zibramax.github.io/FEMViewer/?mesh=https://raw.githubusercontent.com/ZibraMax/non-local-frequencies-nanostructures/refs/heads/main/Esferas_cubic_material_2\Sphere_7.0_1.4_1.0_20250616-153533.json&mode=6&magnif=6
3.515,2.0,1079000000.0,124000000.0,578000000.0,3924.628211,Sphere_7.0_2.0_20250616-215356,Carbon cubic,7.0,0.0,0.2857142857142857,12823.342868880141,0.4214753,0.4245561,0.4259913,0.4271218,0.4287472,0.4315748,3,2,3,3,2,1,https://zibramax.github.io/FEMViewer/?mesh=https://raw.githubusercontent.com/ZibraMax/non-local-frequencies-nanostructures/refs/heads/main/Esferas_cubic_material_2\Sphere_7.0_2.0_0.0_20250616-215356.json&mode=6&magnif=6
5.323,2.0,128900000.0,48300000.0,67099999.99999999,3936.355884,Sphere_7.0_2.0_20250616-215744,Germanium cubic,7.0,0.0,0.2857142857142857,3550.446942624478,0.422052,0.4248439,0.4257703,0.4266274,0.4279815,0.4285396,3,2,3,3,2,1,https://zibramax.github.io/FEMViewer/?mesh=https://raw.githubusercontent.com/ZibraMax/non-local-frequencies-nanostructures/refs/heads/main/Esferas_cubic_material_2\Sphere_7.0_2.0_0.0_20250616-215744.json&mode=6&magnif=6
2.329,2.0,166000000.0,63900000.0,79600000.0,3925.707539,Sphere_7.0_2.0_20250616-215928,Silicon cubic,7.0,0.0,0.2857142857142857,5846.174706140654,0.4282845,0.4314178,0.4332628,0.4338437,0.436009,0.4369282,3,2,3,3,2,1,https://zibramax.github.io/FEMViewer/?mesh=https://raw.githubusercontent.com/ZibraMax/non-local-frequencies-nanostructures/refs/heads/main/Esferas_cubic_material_2\Sphere_7.0_2.0_0.0_20250616-215928.json&mode=6&magnif=6
3.515,2.0,1079000000.0,124000000.0,578000000.0,3924.628211,Sphere_7.0_2.0_20250616-215356,Carbon cubic,7.0,0.1,0.2857142857142857,12823.342868880141,1.3082029,1.3806676,1.4431227,1.5442531,1.5924282,1.6307211,3,2,2,3,3,1,https://zibramax.github.io/FEMViewer/?mesh=https://raw.githubusercontent.com/ZibraMax/non-local-frequencies-nanostructures/refs/heads/main/Esferas_cubic_material_2\Sphere_7.0_2.0_0.1_20250616-215356.json&mode=6&magnif=6
5.323,2.0,128900000.0,48300000.0,67099999.99999999,3936.355884,Sphere_7.0_2.0_20250616-215744,Germanium cubic,7.0,0.1,0.2857142857142857,3550.446942624478,1.1587163,1.304393,1.3681703,1.4056514,1.5261555,1.5385093,3,2,2,1,3,1,https://zibramax.github.io/FEMViewer/?mesh=https://raw.githubusercontent.com/ZibraMax/non-local-frequencies-nanostructures/refs/heads/main/Esferas_cubic_material_2\Sphere_7.0_2.0_0.1_20250616-215744.json&mode=6&magnif=6
2.329,2.0,166000000.0,63900000.0,79600000.0,3925.707539,Sphere_7.0_2.0_20250616-215928,Silicon cubic,7.0,0.1,0.2857142857142857,5846.174706140654,1.1895112,1.3473183,1.3713624,1.4502506,1.5526927,1.5889059,3,2,2,1,3,1,https://zibramax.github.io/FEMViewer/?mesh=https://raw.githubusercontent.com/ZibraMax/non-local-frequencies-nanostructures/refs/heads/main/Esferas_cubic_material_2\Sphere_7.0_2.0_0.1_20250616-215928.json&mode=6&magnif=6
3.515,2.0,1079000000.0,124000000.0,578000000.0,3924.628211,Sphere_7.0_2.0_20250616-215356,Carbon cubic,7.0,0.2,0.2857142857142857,12823.342868880141,1.47349,1.5536209,1.6482026,1.7794063,1.8026393,1.9585835,3,2,2,3,3,1,https://zibramax.github.io/FEMViewer/?mesh=https://raw.githubusercontent.com/ZibraMax/non-local-frequencies-nanostructures/refs/heads/main/Esferas_cubic_material_2\Sphere_7.0_2.0_0.2_20250616-215356.json&mode=6&magnif=6
5.323,2.0,128900000.0,48300000.0,67099999.99999999,3936.355884,Sphere_7.0_2.0_20250616-215744,Germanium cubic,7.0,0.2,0.2857142857142857,3550.446942624478,1.305952,1.4648782,1.5419931,1.6895515,1.7819172,1.788907,3,2,2,1,3,1,https://zibramax.github.io/FEMViewer/?mesh=https://raw.githubusercontent.com/ZibraMax/non-local-frequencies-nanostructures/refs/heads/main/Esferas_cubic_material_2\Sphere_7.0_2.0_0.2_20250616-215744.json&mode=6&magnif=6
2.329,2.0,166000000.0,63900000.0,79600000.0,3925.707539,Sphere_7.0_2.0_20250616-215928,Silicon cubic,7.0,0.2,0.2857142857142857,5846.174706140654,1.34051,1.5127928,1.5448785,1.7430196,1.8012774,1.8470563,3,2,2,1,3,1,https://zibramax.github.io/FEMViewer/?mesh=https://raw.githubusercontent.com/ZibraMax/non-local-frequencies-nanostructures/refs/heads/main/Esferas_cubic_material_2\Sphere_7.0_2.0_0.2_20250616-215928.json&mode=6&magnif=6
3.515,2.0,1079000000.0,124000000.0,578000000.0,3924.628211,Sphere_7.0_2.0_20250616-215356,Carbon cubic,7.0,0.3,0.2857142857142857,12823.342868880141,1.6195428,1.7061112,1.7966409,1.94981,1.9836585,2.2367443,3,2,2,3,3,1,https://zibramax.github.io/FEMViewer/?mesh=https://raw.githubusercontent.com/ZibraMax/non-local-frequencies-nanostructures/refs/heads/main/Esferas_cubic_material_2\Sphere_7.0_2.0_0.3_20250616-215356.json&mode=6&magnif=6
5.323,2.0,128900000.0,48300000.0,67099999.99999999,3936.355884,Sphere_7.0_2.0_20250616-215744,Germanium cubic,7.0,0.3,0.2857142857142857,3550.446942624478,1.4359521,1.5821235,1.6942595,1.9305184,1.9562054,1.9831998,3,2,2,1,3,1,https://zibramax.github.io/FEMViewer/?mesh=https://raw.githubusercontent.com/ZibraMax/non-local-frequencies-nanostructures/refs/heads/main/Esferas_cubic_material_2\Sphere_7.0_2.0_0.3_20250616-215744.json&mode=6&magnif=6
2.329,2.0,166000000.0,63900000.0,79600000.0,3925.707539,Sphere_7.0_2.0_20250616-215928,Silicon cubic,7.0,0.3,0.2857142857142857,5846.174706140654,1.4738584,1.6337736,1.697171,1.9700775,1.9914854,2.0471129,3,2,2,3,1,1,https://zibramax.github.io/FEMViewer/?mesh=https://raw.githubusercontent.com/ZibraMax/non-local-frequencies-nanostructures/refs/heads/main/Esferas_cubic_material_2\Sphere_7.0_2.0_0.3_20250616-215928.json&mode=6&magnif=6
3.515,2.0,1079000000.0,124000000.0,578000000.0,3924.628211,Sphere_7.0_2.0_20250616-215356,Carbon cubic,7.0,0.4,0.2857142857142857,12823.342868880141,1.7527234,1.8451059,1.9171044,2.0868792,2.1477318,2.4833729,3,2,2,3,3,1,https://zibramax.github.io/FEMViewer/?mesh=https://raw.githubusercontent.com/ZibraMax/non-local-frequencies-nanostructures/refs/heads/main/Esferas_cubic_material_2\Sphere_7.0_2.0_0.4_20250616-215356.json&mode=6&magnif=6
5.323,2.0,128900000.0,48300000.0,67099999.99999999,3936.355884,Sphere_7.0_2.0_20250616-215744,Germanium cubic,7.0,0.4,0.2857142857142857,3550.446942624478,1.5544519,1.6794002,1.8327639,2.0926353,2.1441444,2.1542918,3,2,2,3,1,1,https://zibramax.github.io/FEMViewer/?mesh=https://raw.githubusercontent.com/ZibraMax/non-local-frequencies-nanostructures/refs/heads/main/Esferas_cubic_material_2\Sphere_7.0_2.0_0.4_20250616-215744.json&mode=6&magnif=6
2.329,2.0,166000000.0,63900000.0,79600000.0,3925.707539,Sphere_7.0_2.0_20250616-215928,Silicon cubic,7.0,0.4,0.2857142857142857,5846.174706140654,1.595419,1.7341878,1.8357807,2.1038837,2.211759,2.2233937,3,2,2,3,1,1,https://zibramax.github.io/FEMViewer/?mesh=https://raw.githubusercontent.com/ZibraMax/non-local-frequencies-nanostructures/refs/heads/main/Esferas_cubic_material_2\Sphere_7.0_2.0_0.4_20250616-215928.json&mode=6&magnif=6
3.515,2.0,1079000000.0,124000000.0,578000000.0,3924.628211,Sphere_7.0_2.0_20250616-215356,Carbon cubic,7.0,0.5,0.2857142857142857,12823.342868880141,1.8761589,1.9739372,2.0218402,2.2050165,2.2994261,2.6667763,3,2,2,3,3,1,https://zibramax.github.io/FEMViewer/?mesh=https://raw.githubusercontent.com/ZibraMax/non-local-frequencies-nanostructures/refs/heads/main/Esferas_cubic_material_2\Sphere_7.0_2.0_0.5_20250616-215356.json&mode=6&magnif=6
5.323,2.0,128900000.0,48300000.0,67099999.99999999,3936.355884,Sphere_7.0_2.0_20250616-215744,Germanium cubic,7.0,0.5,0.2857142857142857,3550.446942624478,1.6642547,1.7654983,1.9610215,2.2095485,2.3106364,2.3381647,3,2,2,3,3,1,https://zibramax.github.io/FEMViewer/?mesh=https://raw.githubusercontent.com/ZibraMax/non-local-frequencies-nanostructures/refs/heads/main/Esferas_cubic_material_2\Sphere_7.0_2.0_0.5_20250616-215744.json&mode=6&magnif=6
2.329,2.0,166000000.0,63900000.0,79600000.0,3925.707539,Sphere_7.0_2.0_20250616-215928,Silicon cubic,7.0,0.5,0.2857142857142857,5846.174706140654,1.7080629,1.8230775,1.9641692,2.2194033,2.3845402,2.4118197,3,2,2,3,3,1,https://zibramax.github.io/FEMViewer/?mesh=https://raw.githubusercontent.com/ZibraMax/non-local-frequencies-nanostructures/refs/heads/main/Esferas_cubic_material_2\Sphere_7.0_2.0_0.5_20250616-215928.json&mode=6&magnif=6
3.515,2.0,1079000000.0,124000000.0,578000000.0,3924.628211,Sphere_7.0_2.0_20250616-215356,Carbon cubic,7.0,0.6,0.2857142857142857,12823.342868880141,1.9917999,2.0946557,2.1166051,2.3112097,2.4413661,2.7726298,3,2,2,3,3,1,https://zibramax.github.io/FEMViewer/?mesh=https://raw.githubusercontent.com/ZibraMax/non-local-frequencies-nanostructures/refs/heads/main/Esferas_cubic_material_2\Sphere_7.0_2.0_0.6_20250616-215356.json&mode=6&magnif=6
5.323,2.0,128900000.0,48300000.0,67099999.99999999,3936.355884,Sphere_7.0_2.0_20250616-215744,Germanium cubic,7.0,0.6,0.2857142857142857,3550.446942624478,1.7671059,1.8443766,2.0811422,2.3146311,2.4560612,2.5171932,3,2,2,3,3,1,https://zibramax.github.io/FEMViewer/?mesh=https://raw.githubusercontent.com/ZibraMax/non-local-frequencies-nanostructures/refs/heads/main/Esferas_cubic_material_2\Sphere_7.0_2.0_0.6_20250616-215744.json&mode=6&magnif=6
2.329,2.0,166000000.0,63900000.0,79600000.0,3925.707539,Sphere_7.0_2.0_20250616-215928,Silicon cubic,7.0,0.6,0.2857142857142857,5846.174706140654,1.8135785,1.9045192,2.0844292,2.3236713,2.5344635,2.5964246,3,2,2,3,3,1,https://zibramax.github.io/FEMViewer/?mesh=https://raw.githubusercontent.com/ZibraMax/non-local-frequencies-nanostructures/refs/heads/main/Esferas_cubic_material_2\Sphere_7.0_2.0_0.6_20250616-215928.json&mode=6&magnif=6
3.515,2.0,1079000000.0,124000000.0,578000000.0,3924.628211,Sphere_7.0_2.0_20250616-215356,Carbon cubic,7.0,0.7,0.2857142857142857,12823.342868880141,2.1009947,2.2044158,2.2086695,2.4091543,2.5753003,2.8737988,3,2,2,3,3,1,https://zibramax.github.io/FEMViewer/?mesh=https://raw.githubusercontent.com/ZibraMax/non-local-frequencies-nanostructures/refs/heads/main/Esferas_cubic_material_2\Sphere_7.0_2.0_0.7_20250616-215356.json&mode=6&magnif=6
5.323,2.0,128900000.0,48300000.0,67099999.99999999,3936.355884,Sphere_7.0_2.0_20250616-215744,Germanium cubic,7.0,0.7,0.2857142857142857,3550.446942624478,1.8642107,1.9180963,2.1945571,2.4116589,2.5928092,2.6842631,3,2,2,3,3,1,https://zibramax.github.io/FEMViewer/?mesh=https://raw.githubusercontent.com/ZibraMax/non-local-frequencies-nanostructures/refs/heads/main/Esferas_cubic_material_2\Sphere_7.0_2.0_0.7_20250616-215744.json&mode=6&magnif=6
2.329,2.0,166000000.0,63900000.0,79600000.0,3925.707539,Sphere_7.0_2.0_20250616-215928,Silicon cubic,7.0,0.7,0.2857142857142857,5846.174706140654,1.913201,1.9806372,2.1979851,2.4201939,2.6754603,2.7687009,3,2,2,3,3,1,https://zibramax.github.io/FEMViewer/?mesh=https://raw.githubusercontent.com/ZibraMax/non-local-frequencies-nanostructures/refs/heads/main/Esferas_cubic_material_2\Sphere_7.0_2.0_0.7_20250616-215928.json&mode=6&magnif=6
3.515,2.0,1079000000.0,124000000.0,578000000.0,3924.628211,Sphere_7.0_2.0_20250616-215356,Carbon cubic,7.0,0.8,0.2857142857142857,12823.342868880141,2.204732,2.2870152,2.3170077,2.5009831,2.7024862,2.971015,3,2,2,3,3,1,https://zibramax.github.io/FEMViewer/?mesh=https://raw.githubusercontent.com/ZibraMax/non-local-frequencies-nanostructures/refs/heads/main/Esferas_cubic_material_2\Sphere_7.0_2.0_0.8_20250616-215356.json&mode=6&magnif=6
5.323,2.0,128900000.0,48300000.0,67099999.99999999,3936.355884,Sphere_7.0_2.0_20250616-215744,Germanium cubic,7.0,0.8,0.2857142857142857,3550.446942624478,1.9564521,1.9878599,2.302305,2.502737,2.7223801,2.8414999,3,2,2,3,3,1,https://zibramax.github.io/FEMViewer/?mesh=https://raw.githubusercontent.com/ZibraMax/non-local-frequencies-nanostructures/refs/heads/main/Esferas_cubic_material_2\Sphere_7.0_2.0_0.8_20250616-215744.json&mode=6&magnif=6
2.329,2.0,166000000.0,63900000.0,79600000.0,3925.707539,Sphere_7.0_2.0_20250616-215928,Silicon cubic,7.0,0.8,0.2857142857142857,5846.174706140654,2.0078359,2.0526712,2.3058727,2.510949,2.8090687,2.9308397,3,2,2,3,3,1,https://zibramax.github.io/FEMViewer/?mesh=https://raw.githubusercontent.com/ZibraMax/non-local-frequencies-nanostructures/refs/heads/main/Esferas_cubic_material_2\Sphere_7.0_2.0_0.8_20250616-215928.json&mode=6&magnif=6
3.515,2.0,1079000000.0,124000000.0,578000000.0,3924.628211,Sphere_7.0_2.0_20250616-215356,Carbon cubic,7.0,0.9,0.2857142857142857,12823.342868880141,2.3037661,2.3654964,2.4204543,2.5880256,2.8238722,3.0648024,3,2,2,3,3,1,https://zibramax.github.io/FEMViewer/?mesh=https://raw.githubusercontent.com/ZibraMax/non-local-frequencies-nanostructures/refs/heads/main/Esferas_cubic_material_2\Sphere_7.0_2.0_0.9_20250616-215356.json&mode=6&magnif=6
5.323,2.0,128900000.0,48300000.0,67099999.99999999,3936.355884,Sphere_7.0_2.0_20250616-215744,Germanium cubic,7.0,0.9,0.2857142857142857,3550.446942624478,2.0445037,2.0544335,2.4051739,2.5891572,2.8458557,2.9904635,3,2,2,3,3,1,https://zibramax.github.io/FEMViewer/?mesh=https://raw.githubusercontent.com/ZibraMax/non-local-frequencies-nanostructures/refs/heads/main/Esferas_cubic_material_2\Sphere_7.0_2.0_0.9_20250616-215744.json&mode=6&magnif=6
2.329,2.0,166000000.0,63900000.0,79600000.0,3925.707539,Sphere_7.0_2.0_20250616-215928,Silicon cubic,7.0,0.9,0.2857142857142857,5846.174706140654,2.0981734,2.1214118,2.408879,2.5971608,2.9363999,3.0844489,3,2,2,3,3,1,https://zibramax.github.io/FEMViewer/?mesh=https://raw.githubusercontent.com/ZibraMax/non-local-frequencies-nanostructures/refs/heads/main/Esferas_cubic_material_2\Sphere_7.0_2.0_0.9_20250616-215928.json&mode=6&magnif=6
3.515,2.0,1079000000.0,124000000.0,578000000.0,3924.628211,Sphere_7.0_2.0_20250616-215356,Carbon cubic,7.0,1.0,0.2857142857142857,12823.342868880141,2.3986898,2.4405927,2.5196249,2.6711669,2.9401984,3.1555582,3,2,2,3,3,1,https://zibramax.github.io/FEMViewer/?mesh=https://raw.githubusercontent.com/ZibraMax/non-local-frequencies-nanostructures/refs/heads/main/Esferas_cubic_material_2\Sphere_7.0_2.0_1.0_20250616-215356.json&mode=6&magnif=6
5.323,2.0,128900000.0,48300000.0,67099999.99999999,3936.355884,Sphere_7.0_2.0_20250616-215744,Germanium cubic,7.0,1.0,0.2857142857142857,3550.446942624478,2.1183404,2.1288943,2.503781,2.6717733,2.9640562,3.1323392,2,3,2,3,3,1,https://zibramax.github.io/FEMViewer/?mesh=https://raw.githubusercontent.com/ZibraMax/non-local-frequencies-nanostructures/refs/heads/main/Esferas_cubic_material_2\Sphere_7.0_2.0_1.0_20250616-215744.json&mode=6&magnif=6
2.329,2.0,166000000.0,63900000.0,79600000.0,3925.707539,Sphere_7.0_2.0_20250616-215928,Silicon cubic,7.0,1.0,0.2857142857142857,5846.174706140654,2.1847559,2.1873989,2.5076203,2.6796447,3.058297,3.2307505,3,2,2,3,3,1,https://zibramax.github.io/FEMViewer/?mesh=https://raw.githubusercontent.com/ZibraMax/non-local-frequencies-nanostructures/refs/heads/main/Esferas_cubic_material_2\Sphere_7.0_2.0_1.0_20250616-215928.json&mode=6&magnif=6
2.329,3.5,166000000.0,63900000.0,79600000.0,13796.330085,Sphere_7.0_3.5_20250616-153518,Silicon cubic,7.0,0.0,0.5,5846.174706140654,0.1419607,0.1422488,0.1427106,0.1434476,0.143825,0.1444096,3,2,3,3,2,1,https://zibramax.github.io/FEMViewer/?mesh=https://raw.githubusercontent.com/ZibraMax/non-local-frequencies-nanostructures/refs/heads/main/Esferas_cubic_material_2\Sphere_7.0_3.5_0.0_20250616-153518.json&mode=6&magnif=6
5.323,3.5,128900000.0,48300000.0,67099999.99999999,13785.681129,Sphere_7.0_3.5_20250616-153525,Germanium cubic,7.0,0.0,0.5,3550.446942624478,0.1398917,0.1401687,0.1405667,0.1407006,0.1410658,0.141609,3,2,3,3,2,1,https://zibramax.github.io/FEMViewer/?mesh=https://raw.githubusercontent.com/ZibraMax/non-local-frequencies-nanostructures/refs/heads/main/Esferas_cubic_material_2\Sphere_7.0_3.5_0.0_20250616-153525.json&mode=6&magnif=6
3.515,3.5,1079000000.0,124000000.0,578000000.0,13832.05087,Sphere_7.0_3.5_20250616-153540,Carbon cubic,7.0,0.0,0.5,12823.342868880141,0.1397069,0.1399414,0.1402988,0.1415178,0.1422824,0.14253,3,2,3,3,2,1,https://zibramax.github.io/FEMViewer/?mesh=https://raw.githubusercontent.com/ZibraMax/non-local-frequencies-nanostructures/refs/heads/main/Esferas_cubic_material_2\Sphere_7.0_3.5_0.0_20250616-153540.json&mode=6&magnif=6
2.329,3.5,166000000.0,63900000.0,79600000.0,13796.330085,Sphere_7.0_3.5_20250616-153518,Silicon cubic,7.0,0.1,0.5,5846.174706140654,0.8834919,1.015738,1.0214113,1.1363666,1.1942121,1.2100499,3,2,2,1,3,1,https://zibramax.github.io/FEMViewer/?mesh=https://raw.githubusercontent.com/ZibraMax/non-local-frequencies-nanostructures/refs/heads/main/Esferas_cubic_material_2\Sphere_7.0_3.5_0.1_20250616-153518.json&mode=6&magnif=6
5.323,3.5,128900000.0,48300000.0,67099999.99999999,13785.681129,Sphere_7.0_3.5_20250616-153525,Germanium cubic,7.0,0.1,0.5,3550.446942624478,0.8607844,0.9891966,1.0136353,1.1016477,1.1721856,1.1774538,3,2,2,1,3,1,https://zibramax.github.io/FEMViewer/?mesh=https://raw.githubusercontent.com/ZibraMax/non-local-frequencies-nanostructures/refs/heads/main/Esferas_cubic_material_2\Sphere_7.0_3.5_0.1_20250616-153525.json&mode=6&magnif=6
3.515,3.5,1079000000.0,124000000.0,578000000.0,13832.05087,Sphere_7.0_3.5_20250616-153540,Carbon cubic,7.0,0.1,0.5,12823.342868880141,0.9706659,1.0221132,1.0992295,1.1824393,1.184509,1.2757797,3,2,2,3,3,1,https://zibramax.github.io/FEMViewer/?mesh=https://raw.githubusercontent.com/ZibraMax/non-local-frequencies-nanostructures/refs/heads/main/Esferas_cubic_material_2\Sphere_7.0_3.5_0.1_20250616-153540.json&mode=6&magnif=6
2.329,3.5,166000000.0,63900000.0,79600000.0,13796.330085,Sphere_7.0_3.5_20250616-153518,Silicon cubic,7.0,0.2,0.5,5846.174706140654,1.1077973,1.248869,1.2732879,1.5006384,1.5194581,1.5377686,3,2,2,3,1,1,https://zibramax.github.io/FEMViewer/?mesh=https://raw.githubusercontent.com/ZibraMax/non-local-frequencies-nanostructures/refs/heads/main/Esferas_cubic_material_2\Sphere_7.0_3.5_0.2_20250616-153518.json&mode=6&magnif=6
5.323,3.5,128900000.0,48300000.0,67099999.99999999,13785.681129,Sphere_7.0_3.5_20250616-153525,Germanium cubic,7.0,0.2,0.5,3550.446942624478,1.0793886,1.2095369,1.2710524,1.4730963,1.4893241,1.4900676,3,2,2,1,3,1,https://zibramax.github.io/FEMViewer/?mesh=https://raw.githubusercontent.com/ZibraMax/non-local-frequencies-nanostructures/refs/heads/main/Esferas_cubic_material_2\Sphere_7.0_3.5_0.2_20250616-153525.json&mode=6&magnif=6
3.515,3.5,1079000000.0,124000000.0,578000000.0,13832.05087,Sphere_7.0_3.5_20250616-153540,Carbon cubic,7.0,0.2,0.5,12823.342868880141,1.2167649,1.2801889,1.3688913,1.4854049,1.4889458,1.7053596,3,2,2,3,3,1,https://zibramax.github.io/FEMViewer/?mesh=https://raw.githubusercontent.com/ZibraMax/non-local-frequencies-nanostructures/refs/heads/main/Esferas_cubic_material_2\Sphere_7.0_3.5_0.2_20250616-153540.json&mode=6&magnif=6
2.329,3.5,166000000.0,63900000.0,79600000.0,13796.330085,Sphere_7.0_3.5_20250616-153518,Silicon cubic,7.0,0.3,0.5,5846.174706140654,1.2928223,1.4147839,1.4853682,1.7148379,1.8013904,1.8235191,3,2,2,3,3,1,https://zibramax.github.io/FEMViewer/?mesh=https://raw.githubusercontent.com/ZibraMax/non-local-frequencies-nanostructures/refs/heads/main/Esferas_cubic_material_2\Sphere_7.0_3.5_0.3_20250616-153518.json&mode=6&magnif=6
5.323,3.5,128900000.0,48300000.0,67099999.99999999,13785.681129,Sphere_7.0_3.5_20250616-153525,Germanium cubic,7.0,0.3,0.5,3550.446942624478,1.2597033,1.3702057,1.4829046,1.7056739,1.7456717,1.7679143,3,2,2,3,3,1,https://zibramax.github.io/FEMViewer/?mesh=https://raw.githubusercontent.com/ZibraMax/non-local-frequencies-nanostructures/refs/heads/main/Esferas_cubic_material_2\Sphere_7.0_3.5_0.3_20250616-153525.json&mode=6&magnif=6
3.515,3.5,1079000000.0,124000000.0,578000000.0,13832.05087,Sphere_7.0_3.5_20250616-153540,Carbon cubic,7.0,0.3,0.5,12823.342868880141,1.4197919,1.4930155,1.5625355,1.7018173,1.738734,2.0463494,3,2,2,3,3,1,https://zibramax.github.io/FEMViewer/?mesh=https://raw.githubusercontent.com/ZibraMax/non-local-frequencies-nanostructures/refs/heads/main/Esferas_cubic_material_2\Sphere_7.0_3.5_0.3_20250616-153540.json&mode=6&magnif=6
2.329,3.5,166000000.0,63900000.0,79600000.0,13796.330085,Sphere_7.0_3.5_20250616-153518,Silicon cubic,7.0,0.4,0.5,5846.174706140654,1.4542719,1.5548142,1.6703834,1.8922204,2.0298879,2.0836137,3,2,2,3,3,1,https://zibramax.github.io/FEMViewer/?mesh=https://raw.githubusercontent.com/ZibraMax/non-local-frequencies-nanostructures/refs/heads/main/Esferas_cubic_material_2\Sphere_7.0_3.5_0.4_20250616-153518.json&mode=6&magnif=6
5.323,3.5,128900000.0,48300000.0,67099999.99999999,13785.681129,Sphere_7.0_3.5_20250616-153525,Germanium cubic,7.0,0.4,0.5,3550.446942624478,1.4170397,1.5057981,1.6676912,1.8839271,1.967188,2.0201001,3,2,2,3,3,1,https://zibramax.github.io/FEMViewer/?mesh=https://raw.githubusercontent.com/ZibraMax/non-local-frequencies-nanostructures/refs/heads/main/Esferas_cubic_material_2\Sphere_7.0_3.5_0.4_20250616-153525.json&mode=6&magnif=6
3.515,3.5,1079000000.0,124000000.0,578000000.0,13832.05087,Sphere_7.0_3.5_20250616-153540,Carbon cubic,7.0,0.4,0.5,12823.342868880141,1.5969644,1.6787629,1.7237258,1.8808489,1.9563928,2.2823432,3,2,2,3,3,1,https://zibramax.github.io/FEMViewer/?mesh=https://raw.githubusercontent.com/ZibraMax/non-local-frequencies-nanostructures/refs/heads/main/Esferas_cubic_material_2\Sphere_7.0_3.5_0.4_20250616-153540.json&mode=6&magnif=6
2.329,3.5,166000000.0,63900000.0,79600000.0,13796.330085,Sphere_7.0_3.5_20250616-153518,Silicon cubic,7.0,0.5,0.5,5846.174706140654,1.5994232,1.6797406,1.8367233,2.0489787,2.2347211,2.3146428,3,2,2,3,3,1,https://zibramax.github.io/FEMViewer/?mesh=https://raw.githubusercontent.com/ZibraMax/non-local-frequencies-nanostructures/refs/heads/main/Esferas_cubic_material_2\Sphere_7.0_3.5_0.5_20250616-153518.json&mode=6&magnif=6
5.323,3.5,128900000.0,48300000.0,67099999.99999999,13785.681129,Sphere_7.0_3.5_20250616-153525,Germanium cubic,7.0,0.5,0.5,3550.446942624478,1.5584912,1.6267643,1.8338134,2.0410727,2.16575,2.2441027,3,2,2,3,3,1,https://zibramax.github.io/FEMViewer/?mesh=https://raw.githubusercontent.com/ZibraMax/non-local-frequencies-nanostructures/refs/heads/main/Esferas_cubic_material_2\Sphere_7.0_3.5_0.5_20250616-153525.json&mode=6&magnif=6
3.515,3.5,1079000000.0,124000000.0,578000000.0,13832.05087,Sphere_7.0_3.5_20250616-153540,Carbon cubic,7.0,0.5,0.5,12823.342868880141,1.7562605,1.8457945,1.8663621,2.0386641,2.1519657,2.4511357,3,2,2,3,3,1,https://zibramax.github.io/FEMViewer/?mesh=https://raw.githubusercontent.com/ZibraMax/non-local-frequencies-nanostructures/refs/heads/main/Esferas_cubic_material_2\Sphere_7.0_3.5_0.5_20250616-153540.json&mode=6&magnif=6
2.329,3.5,166000000.0,63900000.0,79600000.0,13796.330085,Sphere_7.0_3.5_20250616-153518,Silicon cubic,7.0,0.6,0.5,5846.174706140654,1.7324162,1.794264,1.9891394,2.1919133,2.4221,2.5246082,3,2,2,3,3,1,https://zibramax.github.io/FEMViewer/?mesh=https://raw.githubusercontent.com/ZibraMax/non-local-frequencies-nanostructures/refs/heads/main/Esferas_cubic_material_2\Sphere_7.0_3.5_0.6_20250616-153518.json&mode=6&magnif=6
5.323,3.5,128900000.0,48300000.0,67099999.99999999,13785.681129,Sphere_7.0_3.5_20250616-153525,Germanium cubic,7.0,0.6,0.5,3550.446942624478,1.6880933,1.7376579,1.9860238,2.1841711,2.3473854,2.4476814,3,2,2,3,3,1,https://zibramax.github.io/FEMViewer/?mesh=https://raw.githubusercontent.com/ZibraMax/non-local-frequencies-nanostructures/refs/heads/main/Esferas_cubic_material_2\Sphere_7.0_3.5_0.6_20250616-153525.json&mode=6&magnif=6
3.515,3.5,1079000000.0,124000000.0,578000000.0,13832.05087,Sphere_7.0_3.5_20250616-153540,Carbon cubic,7.0,0.6,0.5,12823.342868880141,1.9022195,1.996478,1.9988617,2.1822874,2.3311028,2.6080805,3,2,2,3,3,1,https://zibramax.github.io/FEMViewer/?mesh=https://raw.githubusercontent.com/ZibraMax/non-local-frequencies-nanostructures/refs/heads/main/Esferas_cubic_material_2\Sphere_7.0_3.5_0.6_20250616-153540.json&mode=6&magnif=6
2.329,3.5,166000000.0,63900000.0,79600000.0,13796.330085,Sphere_7.0_3.5_20250616-153518,Silicon cubic,7.0,0.7,0.5,5846.174706140654,1.8558821,1.900936,2.1306467,2.3246035,2.5958855,2.7183991,3,2,2,3,3,1,https://zibramax.github.io/FEMViewer/?mesh=https://raw.githubusercontent.com/ZibraMax/non-local-frequencies-nanostructures/refs/heads/main/Esferas_cubic_material_2\Sphere_7.0_3.5_0.7_20250616-153518.json&mode=6&magnif=6
5.323,3.5,128900000.0,48300000.0,67099999.99999999,13785.681129,Sphere_7.0_3.5_20250616-153525,Germanium cubic,7.0,0.7,0.5,3550.446942624478,1.8084104,1.8409499,2.1273365,2.3169073,2.5158403,2.6355768,3,2,2,3,3,1,https://zibramax.github.io/FEMViewer/?mesh=https://raw.githubusercontent.com/ZibraMax/non-local-frequencies-nanostructures/refs/heads/main/Esferas_cubic_material_2\Sphere_7.0_3.5_0.7_20250616-153525.json&mode=6&magnif=6
3.515,3.5,1079000000.0,124000000.0,578000000.0,13832.05087,Sphere_7.0_3.5_20250616-153540,Carbon cubic,7.0,0.7,0.5,12823.342868880141,2.0377268,2.1172906,2.1409835,2.3154395,2.4973776,2.7555744,3,2,2,3,3,1,https://zibramax.github.io/FEMViewer/?mesh=https://raw.githubusercontent.com/ZibraMax/non-local-frequencies-nanostructures/refs/heads/main/Esferas_cubic_material_2\Sphere_7.0_3.5_0.7_20250616-153540.json&mode=6&magnif=6
2.329,3.5,166000000.0,63900000.0,79600000.0,13796.330085,Sphere_7.0_3.5_20250616-153518,Silicon cubic,7.0,0.8,0.5,5846.174706140654,1.971619,2.0013446,2.2633039,2.4492232,2.7586847,2.8992625,3,2,2,3,3,1,https://zibramax.github.io/FEMViewer/?mesh=https://raw.githubusercontent.com/ZibraMax/non-local-frequencies-nanostructures/refs/heads/main/Esferas_cubic_material_2\Sphere_7.0_3.5_0.8_20250616-153518.json&mode=6&magnif=6
5.323,3.5,128900000.0,48300000.0,67099999.99999999,13785.681129,Sphere_7.0_3.5_20250616-153525,Germanium cubic,7.0,0.8,0.5,3550.446942624478,1.9211951,1.9381778,2.259809,2.4415051,2.6736433,2.8109375,3,2,2,3,3,1,https://zibramax.github.io/FEMViewer/?mesh=https://raw.githubusercontent.com/ZibraMax/non-local-frequencies-nanostructures/refs/heads/main/Esferas_cubic_material_2\Sphere_7.0_3.5_0.8_20250616-153525.json&mode=6&magnif=6
3.515,3.5,1079000000.0,124000000.0,578000000.0,13832.05087,Sphere_7.0_3.5_20250616-153540,Carbon cubic,7.0,0.8,0.5,12823.342868880141,2.1647543,2.2307653,2.2742234,2.4403755,2.6532255,2.8952446,3,2,2,3,3,1,https://zibramax.github.io/FEMViewer/?mesh=https://raw.githubusercontent.com/ZibraMax/non-local-frequencies-nanostructures/refs/heads/main/Esferas_cubic_material_2\Sphere_7.0_3.5_0.8_20250616-153540.json&mode=6&magnif=6
2.329,3.5,166000000.0,63900000.0,79600000.0,13796.330085,Sphere_7.0_3.5_20250616-153518,Silicon cubic,7.0,0.9,0.5,5846.174706140654,2.0809208,2.0965711,2.3885924,2.5672248,2.9123596,3.0694853,3,2,2,3,3,1,https://zibramax.github.io/FEMViewer/?mesh=https://raw.githubusercontent.com/ZibraMax/non-local-frequencies-nanostructures/refs/heads/main/Esferas_cubic_material_2\Sphere_7.0_3.5_0.9_20250616-153518.json&mode=6&magnif=6
5.323,3.5,128900000.0,48300000.0,67099999.99999999,13785.681129,Sphere_7.0_3.5_20250616-153525,Germanium cubic,7.0,0.9,0.5,3550.446942624478,2.0277085,2.0303886,2.3849214,2.5594433,2.8226004,2.975981,3,2,2,3,3,1,https://zibramax.github.io/FEMViewer/?mesh=https://raw.githubusercontent.com/ZibraMax/non-local-frequencies-nanostructures/refs/heads/main/Esferas_cubic_material_2\Sphere_7.0_3.5_0.9_20250616-153525.json&mode=6&magnif=6
3.515,3.5,1079000000.0,124000000.0,578000000.0,13832.05087,Sphere_7.0_3.5_20250616-153540,Carbon cubic,7.0,0.9,0.5,12823.342868880141,2.2847213,2.3382189,2.4000666,2.5585959,2.8003963,3.0282732,3,2,2,3,3,1,https://zibramax.github.io/FEMViewer/?mesh=https://raw.githubusercontent.com/ZibraMax/non-local-frequencies-nanostructures/refs/heads/main/Esferas_cubic_material_2\Sphere_7.0_3.5_0.9_20250616-153540.json&mode=6&magnif=6
2.329,3.5,166000000.0,63900000.0,79600000.0,13796.330085,Sphere_7.0_3.5_20250616-153518,Silicon cubic,7.0,1.0,0.5,5846.174706140654,2.1847559,2.1873989,2.5076203,2.6796447,3.058297,3.2307505,3,2,2,3,3,1,https://zibramax.github.io/FEMViewer/?mesh=https://raw.githubusercontent.com/ZibraMax/non-local-frequencies-nanostructures/refs/heads/main/Esferas_cubic_material_2\Sphere_7.0_3.5_1.0_20250616-153518.json&mode=6&magnif=6
5.323,3.5,128900000.0,48300000.0,67099999.99999999,13785.681129,Sphere_7.0_3.5_20250616-153525,Germanium cubic,7.0,1.0,0.5,3550.446942624478,2.1183404,2.1288943,2.503781,2.6717733,2.9640562,3.1323392,2,3,2,3,3,1,https://zibramax.github.io/FEMViewer/?mesh=https://raw.githubusercontent.com/ZibraMax/non-local-frequencies-nanostructures/refs/heads/main/Esferas_cubic_material_2\Sphere_7.0_3.5_1.0_20250616-153525.json&mode=6&magnif=6
3.515,3.5,1079000000.0,124000000.0,578000000.0,13832.05087,Sphere_7.0_3.5_20250616-153540,Carbon cubic,7.0,1.0,0.5,12823.342868880141,2.3986898,2.4405927,2.5196249,2.6711669,2.9401984,3.1555582,3,2,2,3,3,1,https://zibramax.github.io/FEMViewer/?mesh=https://raw.githubusercontent.com/ZibraMax/non-local-frequencies-nanostructures/refs/heads/main/Esferas_cubic_material_2\Sphere_7.0_3.5_1.0_20250616-153540.json&mode=6&magnif=6
2.329,5.6,166000000.0,63900000.0,79600000.0,13820.159796,Sphere_7.0_5.6_20250616-153520,Silicon cubic,7.0,0.0,0.7999999999999999,5846.174706140654,0.0556434,0.0557582,0.0559426,0.0562284,0.0563638,0.0566048,3,2,3,3,2,1,https://zibramax.github.io/FEMViewer/?mesh=https://raw.githubusercontent.com/ZibraMax/non-local-frequencies-nanostructures/refs/heads/main/Esferas_cubic_material_2\Sphere_7.0_5.6_0.0_20250616-153520.json&mode=6&magnif=6
5.323,5.6,128900000.0,48300000.0,67099999.99999999,13873.897338,Sphere_7.0_5.6_20250616-153528,Germanium cubic,7.0,0.0,0.7999999999999999,3550.446942624478,0.0548332,0.0549453,0.0551028,0.0551471,0.05528,0.0555042,3,2,3,3,2,1,https://zibramax.github.io/FEMViewer/?mesh=https://raw.githubusercontent.com/ZibraMax/non-local-frequencies-nanostructures/refs/heads/main/Esferas_cubic_material_2\Sphere_7.0_5.6_0.0_20250616-153528.json&mode=6&magnif=6
3.515,5.6,1079000000.0,124000000.0,578000000.0,13848.546387,Sphere_7.0_5.6_20250616-153545,Carbon cubic,7.0,0.0,0.7999999999999999,12823.342868880141,0.0547612,0.0548522,0.0549994,0.0554837,0.0557963,0.0558923,3,2,3,3,2,1,https://zibramax.github.io/FEMViewer/?mesh=https://raw.githubusercontent.com/ZibraMax/non-local-frequencies-nanostructures/refs/heads/main/Esferas_cubic_material_2\Sphere_7.0_5.6_0.0_20250616-153545.json&mode=6&magnif=6
2.329,5.6,166000000.0,63900000.0,79600000.0,13820.159796,Sphere_7.0_5.6_20250616-153520,Silicon cubic,7.0,0.1,0.7999999999999999,5846.174706140654,0.7520745,0.8615198,0.8638277,1.0330593,1.0453279,1.0482306,3,2,2,3,3,1,https://zibramax.github.io/FEMViewer/?mesh=https://raw.githubusercontent.com/ZibraMax/non-local-frequencies-nanostructures/refs/heads/main/Esferas_cubic_material_2\Sphere_7.0_5.6_0.1_20250616-153520.json&mode=6&magnif=6
5.323,5.6,128900000.0,48300000.0,67099999.99999999,13873.897338,Sphere_7.0_5.6_20250616-153528,Germanium cubic,7.0,0.1,0.7999999999999999,3550.446942624478,0.732812,0.8344483,0.8623361,1.0129961,1.016278,1.0250007,3,2,2,3,1,1,https://zibramax.github.io/FEMViewer/?mesh=https://raw.githubusercontent.com/ZibraMax/non-local-frequencies-nanostructures/refs/heads/main/Esferas_cubic_material_2\Sphere_7.0_5.6_0.1_20250616-153528.json&mode=6&magnif=6
3.515,5.6,1079000000.0,124000000.0,578000000.0,13848.546387,Sphere_7.0_5.6_20250616-153545,Carbon cubic,7.0,0.1,0.7999999999999999,12823.342868880141,0.8259046,0.8684508,0.9424023,1.0106935,1.0225208,1.1762367,3,2,2,3,3,1,https://zibramax.github.io/FEMViewer/?mesh=https://raw.githubusercontent.com/ZibraMax/non-local-frequencies-nanostructures/refs/heads/main/Esferas_cubic_material_2\Sphere_7.0_5.6_0.1_20250616-153545.json&mode=6&magnif=6
2.329,5.6,166000000.0,63900000.0,79600000.0,13820.159796,Sphere_7.0_5.6_20250616-153520,Silicon cubic,7.0,0.2,0.7999999999999999,5846.174706140654,1.0166171,1.1062839,1.1673357,1.3431421,1.4188033,1.4616863,3,2,2,3,3,1,https://zibramax.github.io/FEMViewer/?mesh=https://raw.githubusercontent.com/ZibraMax/non-local-frequencies-nanostructures/refs/heads/main/Esferas_cubic_material_2\Sphere_7.0_5.6_0.2_20250616-153520.json&mode=6&magnif=6
5.323,5.6,128900000.0,48300000.0,67099999.99999999,13873.897338,Sphere_7.0_5.6_20250616-153528,Germanium cubic,7.0,0.2,0.7999999999999999,3550.446942624478,0.9906014,1.0714592,1.1654492,1.3366261,1.3750147,1.4171471,3,2,2,3,3,1,https://zibramax.github.io/FEMViewer/?mesh=https://raw.githubusercontent.com/ZibraMax/non-local-frequencies-nanostructures/refs/heads/main/Esferas_cubic_material_2\Sphere_7.0_5.6_0.2_20250616-153528.json&mode=6&magnif=6
3.515,5.6,1079000000.0,124000000.0,578000000.0,13848.546387,Sphere_7.0_5.6_20250616-153545,Carbon cubic,7.0,0.2,0.7999999999999999,12823.342868880141,1.1162924,1.1732121,1.2236383,1.3342217,1.3673486,1.6375822,3,2,2,3,3,1,https://zibramax.github.io/FEMViewer/?mesh=https://raw.githubusercontent.com/ZibraMax/non-local-frequencies-nanostructures/refs/heads/main/Esferas_cubic_material_2\Sphere_7.0_5.6_0.2_20250616-153545.json&mode=6&magnif=6
2.329,5.6,166000000.0,63900000.0,79600000.0,13820.159796,Sphere_7.0_5.6_20250616-153520,Silicon cubic,7.0,0.3,0.7999999999999999,5846.174706140654,1.2251862,1.2960208,1.4066148,1.5796384,1.712085,1.7816291,3,2,2,3,3,1,https://zibramax.github.io/FEMViewer/?mesh=https://raw.githubusercontent.com/ZibraMax/non-local-frequencies-nanostructures/refs/heads/main/Esferas_cubic_material_2\Sphere_7.0_5.6_0.3_20250616-153520.json&mode=6&magnif=6
5.323,5.6,128900000.0,48300000.0,67099999.99999999,13873.897338,Sphere_7.0_5.6_20250616-153528,Germanium cubic,7.0,0.3,0.7999999999999999,3550.446942624478,1.1938435,1.2551807,1.404392,1.5733321,1.6592802,1.7273483,3,2,2,3,3,1,https://zibramax.github.io/FEMViewer/?mesh=https://raw.githubusercontent.com/ZibraMax/non-local-frequencies-nanostructures/refs/heads/main/Esferas_cubic_material_2\Sphere_7.0_5.6_0.3_20250616-153528.json&mode=6&magnif=6
3.515,5.6,1079000000.0,124000000.0,578000000.0,13848.546387,Sphere_7.0_5.6_20250616-153545,Carbon cubic,7.0,0.3,0.7999999999999999,12823.342868880141,1.3452512,1.4135499,1.4388715,1.5714771,1.6482895,1.89765,3,2,2,3,3,1,https://zibramax.github.io/FEMViewer/?mesh=https://raw.githubusercontent.com/ZibraMax/non-local-frequencies-nanostructures/refs/heads/main/Esferas_cubic_material_2\Sphere_7.0_5.6_0.3_20250616-153545.json&mode=6&magnif=6
2.329,5.6,166000000.0,63900000.0,79600000.0,13820.159796,Sphere_7.0_5.6_20250616-153520,Silicon cubic,7.0,0.4,0.7999999999999999,5846.174706140654,1.4030574,1.4587732,1.6106864,1.7813336,1.9618764,2.052282,3,2,2,3,3,1,https://zibramax.github.io/FEMViewer/?mesh=https://raw.githubusercontent.com/ZibraMax/non-local-frequencies-nanostructures/refs/heads/main/Esferas_cubic_material_2\Sphere_7.0_5.6_0.4_20250616-153520.json&mode=6&magnif=6
5.323,5.6,128900000.0,48300000.0,67099999.99999999,13873.897338,Sphere_7.0_5.6_20250616-153528,Germanium cubic,7.0,0.4,0.7999999999999999,3550.446942624478,1.3671708,1.4127762,1.6081696,1.7749307,1.9013871,1.9897596,3,2,2,3,3,1,https://zibramax.github.io/FEMViewer/?mesh=https://raw.githubusercontent.com/ZibraMax/non-local-frequencies-nanostructures/refs/heads/main/Esferas_cubic_material_2\Sphere_7.0_5.6_0.4_20250616-153528.json&mode=6&magnif=6
3.515,5.6,1079000000.0,124000000.0,578000000.0,13848.546387,Sphere_7.0_5.6_20250616-153545,Carbon cubic,7.0,0.4,0.7999999999999999,12823.342868880141,1.5405168,1.6185448,1.6225169,1.7734414,1.8878141,2.1244959,3,2,2,3,3,1,https://zibramax.github.io/FEMViewer/?mesh=https://raw.githubusercontent.com/ZibraMax/non-local-frequencies-nanostructures/refs/heads/main/Esferas_cubic_material_2\Sphere_7.0_5.6_0.4_20250616-153545.json&mode=6&magnif=6
2.329,5.6,166000000.0,63900000.0,79600000.0,13820.159796,Sphere_7.0_5.6_20250616-153520,Silicon cubic,7.0,0.5,0.7999999999999999,5846.174706140654,1.5607774,1.6041305,1.7916464,1.9609732,2.183227,2.2911818,3,2,2,3,3,1,https://zibramax.github.io/FEMViewer/?mesh=https://raw.githubusercontent.com/ZibraMax/non-local-frequencies-nanostructures/refs/heads/main/Esferas_cubic_material_2\Sphere_7.0_5.6_0.5_20250616-153520.json&mode=6&magnif=6
5.323,5.6,128900000.0,48300000.0,67099999.99999999,13873.897338,Sphere_7.0_5.6_20250616-153528,Germanium cubic,7.0,0.5,0.7999999999999999,3550.446942624478,1.5208612,1.55353,1.7888657,1.9543711,2.115926,2.2213844,3,2,2,3,3,1,https://zibramax.github.io/FEMViewer/?mesh=https://raw.githubusercontent.com/ZibraMax/non-local-frequencies-nanostructures/refs/heads/main/Esferas_cubic_material_2\Sphere_7.0_5.6_0.5_20250616-153528.json&mode=6&magnif=6
3.515,5.6,1079000000.0,124000000.0,578000000.0,13848.546387,Sphere_7.0_5.6_20250616-153545,Carbon cubic,7.0,0.5,0.7999999999999999,12823.342868880141,1.7136635,1.7861009,1.8003327,1.9531345,2.1001744,2.328738,3,2,2,3,3,1,https://zibramax.github.io/FEMViewer/?mesh=https://raw.githubusercontent.com/ZibraMax/non-local-frequencies-nanostructures/refs/heads/main/Esferas_cubic_material_2\Sphere_7.0_5.6_0.5_20250616-153545.json&mode=6&magnif=6
2.329,5.6,166000000.0,63900000.0,79600000.0,13820.159796,Sphere_7.0_5.6_20250616-153520,Silicon cubic,7.0,0.6,0.7999999999999999,5846.174706140654,1.7039559,1.7369063,1.9559277,2.1248044,2.3840933,2.5074217,3,2,2,3,3,1,https://zibramax.github.io/FEMViewer/?mesh=https://raw.githubusercontent.com/ZibraMax/non-local-frequencies-nanostructures/refs/heads/main/Esferas_cubic_material_2\Sphere_7.0_5.6_0.6_20250616-153520.json&mode=6&magnif=6
5.323,5.6,128900000.0,48300000.0,67099999.99999999,13873.897338,Sphere_7.0_5.6_20250616-153528,Germanium cubic,7.0,0.6,0.7999999999999999,3550.446942624478,1.6603812,1.6821023,1.9529058,2.1179631,2.3106096,2.4310391,3,2,2,3,3,1,https://zibramax.github.io/FEMViewer/?mesh=https://raw.githubusercontent.com/ZibraMax/non-local-frequencies-nanostructures/refs/heads/main/Esferas_cubic_material_2\Sphere_7.0_5.6_0.6_20250616-153528.json&mode=6&magnif=6
3.515,5.6,1079000000.0,124000000.0,578000000.0,13848.546387,Sphere_7.0_5.6_20250616-153545,Carbon cubic,7.0,0.6,0.7999999999999999,12823.342868880141,1.8708482,1.9352967,1.9653706,2.116913,2.2929406,2.5161686,3,2,2,3,3,1,https://zibramax.github.io/FEMViewer/?mesh=https://raw.githubusercontent.com/ZibraMax/non-local-frequencies-nanostructures/refs/heads/main/Esferas_cubic_material_2\Sphere_7.0_5.6_0.6_20250616-153545.json&mode=6&magnif=6
2.329,5.6,166000000.0,63900000.0,79600000.0,13820.159796,Sphere_7.0_5.6_20250616-153520,Silicon cubic,7.0,0.7,0.7999999999999999,5846.174706140654,1.836,1.8599784,2.1074374,2.2765093,2.5692925,2.7064389,3,2,2,3,3,1,https://zibramax.github.io/FEMViewer/?mesh=https://raw.githubusercontent.com/ZibraMax/non-local-frequencies-nanostructures/refs/heads/main/Esferas_cubic_material_2\Sphere_7.0_5.6_0.7_20250616-153520.json&mode=6&magnif=6
5.323,5.6,128900000.0,48300000.0,67099999.99999999,13873.897338,Sphere_7.0_5.6_20250616-153528,Germanium cubic,7.0,0.7,0.7999999999999999,3550.446942624478,1.789051,1.8012792,2.104192,2.2694133,2.4901076,2.6239954,3,2,2,3,3,1,https://zibramax.github.io/FEMViewer/?mesh=https://raw.githubusercontent.com/ZibraMax/non-local-frequencies-nanostructures/refs/heads/main/Esferas_cubic_material_2\Sphere_7.0_5.6_0.7_20250616-153528.json&mode=6&magnif=6
3.515,5.6,1079000000.0,124000000.0,578000000.0,13848.546387,Sphere_7.0_5.6_20250616-153545,Carbon cubic,7.0,0.7,0.7999999999999999,12823.342868880141,2.0158104,2.073453,2.1175812,2.2685081,2.4707072,2.6904181,3,2,2,3,3,1,https://zibramax.github.io/FEMViewer/?mesh=https://raw.githubusercontent.com/ZibraMax/non-local-frequencies-nanostructures/refs/heads/main/Esferas_cubic_material_2\Sphere_7.0_5.6_0.7_20250616-153545.json&mode=6&magnif=6
2.329,5.6,166000000.0,63900000.0,79600000.0,13820.159796,Sphere_7.0_5.6_20250616-153520,Silicon cubic,7.0,0.8,0.7999999999999999,5846.174706140654,1.9591631,1.9752487,2.24876,2.4184988,2.7420049,2.8917915,3,2,2,3,3,1,https://zibramax.github.io/FEMViewer/?mesh=https://raw.githubusercontent.com/ZibraMax/non-local-frequencies-nanostructures/refs/heads/main/Esferas_cubic_material_2\Sphere_7.0_5.6_0.8_20250616-153520.json&mode=6&magnif=6
5.323,5.6,128900000.0,48300000.0,67099999.99999999,13873.897338,Sphere_7.0_5.6_20250616-153528,Germanium cubic,7.0,0.8,0.7999999999999999,3550.446942624478,1.9090668,1.9129019,2.2453052,2.4111431,2.6575027,2.8037032,3,2,2,3,3,1,https://zibramax.github.io/FEMViewer/?mesh=https://raw.githubusercontent.com/ZibraMax/non-local-frequencies-nanostructures/refs/heads/main/Esferas_cubic_material_2\Sphere_7.0_5.6_0.8_20250616-153528.json&mode=6&magnif=6
3.515,5.6,1079000000.0,124000000.0,578000000.0,13848.546387,Sphere_7.0_5.6_20250616-153545,Carbon cubic,7.0,0.8,0.7999999999999999,12823.342868880141,2.1510237,2.2027632,2.2595595,2.4103552,2.6365119,2.8539564,3,2,2,3,3,1,https://zibramax.github.io/FEMViewer/?mesh=https://raw.githubusercontent.com/ZibraMax/non-local-frequencies-nanostructures/refs/heads/main/Esferas_cubic_material_2\Sphere_7.0_5.6_0.8_20250616-153545.json&mode=6&magnif=6
2.329,5.6,166000000.0,63900000.0,79600000.0,13820.159796,Sphere_7.0_5.6_20250616-153520,Silicon cubic,7.0,0.9,0.7999999999999999,5846.174706140654,2.0750279,2.0840585,2.3817101,2.5524628,2.904461,3.0659589,3,2,2,3,3,1,https://zibramax.github.io/FEMViewer/?mesh=https://raw.githubusercontent.com/ZibraMax/non-local-frequencies-nanostructures/refs/heads/main/Esferas_cubic_material_2\Sphere_7.0_5.6_0.9_20250616-153520.json&mode=6&magnif=6
5.323,5.6,128900000.0,48300000.0,67099999.99999999,13873.897338,Sphere_7.0_5.6_20250616-153528,Germanium cubic,7.0,0.9,0.7999999999999999,3550.446942624478,2.0182691,2.0219705,2.378058,2.5448478,2.814957,2.9725663,2,3,2,3,3,1,https://zibramax.github.io/FEMViewer/?mesh=https://raw.githubusercontent.com/ZibraMax/non-local-frequencies-nanostructures/refs/heads/main/Esferas_cubic_material_2\Sphere_7.0_5.6_0.9_20250616-153528.json&mode=6&magnif=6
3.515,5.6,1079000000.0,124000000.0,578000000.0,13848.546387,Sphere_7.0_5.6_20250616-153545,Carbon cubic,7.0,0.9,0.7999999999999999,12823.342868880141,2.2782251,2.3247659,2.393128,2.5441578,2.7924872,3.0085597,3,2,2,3,3,1,https://zibramax.github.io/FEMViewer/?mesh=https://raw.githubusercontent.com/ZibraMax/non-local-frequencies-nanostructures/refs/heads/main/Esferas_cubic_material_2\Sphere_7.0_5.6_0.9_20250616-153545.json&mode=6&magnif=6
2.329,5.6,166000000.0,63900000.0,79600000.0,13820.159796,Sphere_7.0_5.6_20250616-153520,Silicon cubic,7.0,1.0,0.7999999999999999,5846.174706140654,2.1847559,2.1873989,2.5076203,2.6796447,3.058297,3.2307505,3,2,2,3,3,1,https://zibramax.github.io/FEMViewer/?mesh=https://raw.githubusercontent.com/ZibraMax/non-local-frequencies-nanostructures/refs/heads/main/Esferas_cubic_material_2\Sphere_7.0_5.6_1.0_20250616-153520.json&mode=6&magnif=6
5.323,5.6,128900000.0,48300000.0,67099999.99999999,13873.897338,Sphere_7.0_5.6_20250616-153528,Germanium cubic,7.0,1.0,0.7999999999999999,3550.446942624478,2.1183404,2.1288943,2.503781,2.6717733,2.9640562,3.1323392,2,3,2,3,3,1,https://zibramax.github.io/FEMViewer/?mesh=https://raw.githubusercontent.com/ZibraMax/non-local-frequencies-nanostructures/refs/heads/main/Esferas_cubic_material_2\Sphere_7.0_5.6_1.0_20250616-153528.json&mode=6&magnif=6
3.515,5.6,1079000000.0,124000000.0,578000000.0,13848.546387,Sphere_7.0_5.6_20250616-153545,Carbon cubic,7.0,1.0,0.7999999999999999,12823.342868880141,2.3986898,2.4405927,2.5196249,2.6711669,2.9401984,3.1555582,3,2,2,3,3,1,https://zibramax.github.io/FEMViewer/?mesh=https://raw.githubusercontent.com/ZibraMax/non-local-frequencies-nanostructures/refs/heads/main/Esferas_cubic_material_2\Sphere_7.0_5.6_1.0_20250616-153545.json&mode=6&magnif=6
